,Category,Genotype position,Inserted Bases,Length,Microhomology length,Predicted frequency,Genotype,Name
0,ins,,A,1,,0.8302921791463423,CGCCGAAGAAGATGTCGCAGACGAAGGAGGCGCTTTGGTACGGAGGCGCAGGAGGAGAGGTGAAGAGGGCCCACCCTTGG,insA
1,ins,,C,1,,1.5469954588041672,CGCCGAAGAAGATGTCGCAGACGAAGGAGGCGCTTTGGTCCGGAGGCGCAGGAGGAGAGGTGAAGAGGGCCCACCCTTGG,insC
2,ins,,T,1,,13.7147432611199,CGCCGAAGAAGATGTCGCAGACGAAGGAGGCGCTTTGGTTCGGAGGCGCAGGAGGAGAGGTGAAGAGGGCCCACCCTTGG,insT
3,ins,,G,1,,0.6618891368417603,CGCCGAAGAAGATGTCGCAGACGAAGGAGGCGCTTTGGTGCGGAGGCGCAGGAGGAGAGGTGAAGAGGGCCCACCCTTGG,insG
4,del,2,,3,1.0,0.9211999495958797,CGCCGAAGAAGATGTCGCAGACGAAGGAGGCGCTTTGGGAGGCGCAGGAGGAGAGGTGAAGAGGGCCCACCCTTGG,delTCG
5,del,3,,4,2.0,5.373175811500435,CGCCGAAGAAGATGTCGCAGACGAAGGAGGCGCTTTGGAGGCGCAGGAGGAGAGGTGAAGAGGGCCCACCCTTGG,delTCGG
6,del,3,,5,1.0,0.5587360131556337,CGCCGAAGAAGATGTCGCAGACGAAGGAGGCGCTTTGAGGCGCAGGAGGAGAGGTGAAGAGGGCCCACCCTTGG,delGTCGG
7,del,5,,6,1.0,0.43514404457580225,CGCCGAAGAAGATGTCGCAGACGAAGGAGGCGCTTTGGGCGCAGGAGGAGAGGTGAAGAGGGCCCACCCTTGG,delTCGGAG
8,del,1,,7,1.0,0.33889052266449315,CGCCGAAGAAGATGTCGCAGACGAAGGAGGCGCGGAGGCGCAGGAGGAGAGGTGAAGAGGGCCCACCCTTGG,delTTTGGTC
9,del,6,,7,2.0,2.5381085353498642,CGCCGAAGAAGATGTCGCAGACGAAGGAGGCGCTTTGGCGCAGGAGGAGAGGTGAAGAGGGCCCACCCTTGG,delTCGGAGG
10,del,6,,8,1.0,0.2639282044265849,CGCCGAAGAAGATGTCGCAGACGAAGGAGGCGCTTTGCGCAGGAGGAGAGGTGAAGAGGGCCCACCCTTGG,delGTCGGAGG
11,del,2,,9,2.0,1.539440644368019,CGCCGAAGAAGATGTCGCAGACGAAGGAGGCGGAGGCGCAGGAGGAGAGGTGAAGAGGGCCCACCCTTGG,delCTTTGGTCG
12,del,8,,9,1.0,0.20554749228205416,CGCCGAAGAAGATGTCGCAGACGAAGGAGGCGCTTTGGCAGGAGGAGAGGTGAAGAGGGCCCACCCTTGG,delTCGGAGGCG
13,del,3,,10,1.0,0.16008054794762733,CGCCGAAGAAGATGTCGCAGACGAAGGAGGCGAGGCGCAGGAGGAGAGGTGAAGAGGGCCCACCCTTGG,delCTTTGGTCGG
14,del,8,,10,1.0,0.16008054794762733,CGCCGAAGAAGATGTCGCAGACGAAGGAGGCGCTTTGCAGGAGGAGAGGTGAAGAGGGCCCACCCTTGG,delGTCGGAGGCG
15,del,2,,11,1.0,0.12467085609611173,CGCCGAAGAAGATGTCGCAGACGAAGGAGGGAGGCGCAGGAGGAGAGGTGAAGAGGGCCCACCCTTGG,delCGCTTTGGTCG
16,del,3,,12,2.0,0.7271802703295276,CGCCGAAGAAGATGTCGCAGACGAAGGAGGAGGCGCAGGAGGAGAGGTGAAGAGGGCCCACCCTTGG,delCGCTTTGGTCGG
17,del,5,,12,1.0,0.09709376035383423,CGCCGAAGAAGATGTCGCAGACGAAGGAGGCGGCGCAGGAGGAGAGGTGAAGAGGGCCCACCCTTGG,delCTTTGGTCGGAG
18,del,11,,12,1.0,0.09709376035383423,CGCCGAAGAAGATGTCGCAGACGAAGGAGGCGCTTTGGGAGGAGAGGTGAAGAGGGCCCACCCTTGG,delTCGGAGGCGCAG
19,del,3,,13,1.0,0.07561669659491344,CGCCGAAGAAGATGTCGCAGACGAAGGAGAGGCGCAGGAGGAGAGGTGAAGAGGGCCCACCCTTGG,delGCGCTTTGGTCGG
20,del,7,,13,2.0,0.5663285639667119,CGCCGAAGAAGATGTCGCAGACGAAGGAGGCGCGCAGGAGGAGAGGTGAAGAGGGCCCACCCTTGG,delTTTGGTCGGAGGC
21,del,12,,13,2.0,0.5663285639667119,CGCCGAAGAAGATGTCGCAGACGAAGGAGGCGCTTTGGAGGAGAGGTGAAGAGGGCCCACCCTTGG,delTCGGAGGCGCAGG
22,del,2,,14,1.0,0.05889034252139141,CGCCGAAGAAGATGTCGCAGACGAAGGGAGGCGCAGGAGGAGAGGTGAAGAGGGCCCACCCTTGG,delAGGCGCTTTGGTCG
23,del,5,,14,1.0,0.05889034252139141,CGCCGAAGAAGATGTCGCAGACGAAGGAGGGCGCAGGAGGAGAGGTGAAGAGGGCCCACCCTTGG,delCGCTTTGGTCGGAG
24,del,12,,14,1.0,0.05889034252139141,CGCCGAAGAAGATGTCGCAGACGAAGGAGGCGCTTTGAGGAGAGGTGAAGAGGGCCCACCCTTGG,delGTCGGAGGCGCAGG
25,del,9,,15,8.0,59.44256360748164,CGCCGAAGAAGATGTCGCAGACGAAGGAGGCGCAGGAGGAGAGGTGAAGAGGGCCCACCCTTGG,delTTTGGTCGGAGGCGC
26,del,14,,15,1.0,0.04586384487100289,CGCCGAAGAAGATGTCGCAGACGAAGGAGGCGCTTTGGGAGAGGTGAAGAGGGCCCACCCTTGG,delTCGGAGGCGCAGGAG
27,del,3,,16,1.0,0.03571879830020248,CGCCGAAGAAGATGTCGCAGACGAAGAGGCGCAGGAGGAGAGGTGAAGAGGGCCCACCCTTGG,delGAGGCGCTTTGGTCGG
28,del,6,,16,1.0,0.03571879830020248,CGCCGAAGAAGATGTCGCAGACGAAGGAGCGCAGGAGGAGAGGTGAAGAGGGCCCACCCTTGG,delGCGCTTTGGTCGGAGG
29,del,15,,16,2.0,0.26751467147972496,CGCCGAAGAAGATGTCGCAGACGAAGGAGGCGCTTTGGAGAGGTGAAGAGGGCCCACCCTTGG,delTCGGAGGCGCAGGAGG
30,del,5,,17,1.0,0.02781782808656726,CGCCGAAGAAGATGTCGCAGACGAAGGGCGCAGGAGGAGAGGTGAAGAGGGCCCACCCTTGG,delAGGCGCTTTGGTCGGAG
31,del,9,,17,2.0,0.20834063563149938,CGCCGAAGAAGATGTCGCAGACGAAGGAGGCAGGAGGAGAGGTGAAGAGGGCCCACCCTTGG,delGCTTTGGTCGGAGGCGC
32,del,15,,17,1.0,0.02781782808656726,CGCCGAAGAAGATGTCGCAGACGAAGGAGGCGCTTTGAGAGGTGAAGAGGGCCCACCCTTGG,delGTCGGAGGCGCAGGAGG
33,del,2,,18,2.0,0.16225585017540597,CGCCGAAGAAGATGTCGCAGACGGAGGCGCAGGAGGAGAGGTGAAGAGGGCCCACCCTTGG,delAAGGAGGCGCTTTGGTCG
34,del,6,,18,3.0,0.4242309212006386,CGCCGAAGAAGATGTCGCAGACGAAGGCGCAGGAGGAGAGGTGAAGAGGGCCCACCCTTGG,delAGGCGCTTTGGTCGGAGG
35,del,8,,18,1.0,0.0216645462971643,CGCCGAAGAAGATGTCGCAGACGAAGGAGCAGGAGGAGAGGTGAAGAGGGCCCACCCTTGG,delGCGCTTTGGTCGGAGGCG
36,del,11,,18,1.0,0.0216645462971643,CGCCGAAGAAGATGTCGCAGACGAAGGAGGCGGAGGAGAGGTGAAGAGGGCCCACCCTTGG,delCTTTGGTCGGAGGCGCAG
37,del,17,,18,1.0,0.0216645462971643,CGCCGAAGAAGATGTCGCAGACGAAGGAGGCGCTTTGGAGGTGAAGAGGGCCCACCCTTGG,delTCGGAGGCGCAGGAGGAG
38,del,4,,19,2.0,0.09237110703661151,CGCCGAAGAAGATGTCGCAGACGAGGCGCAGGAGGAGAGGTGAAGAGGGCCCACCCTTGG,delAGGAGGCGCTTTGGTCGGA
39,del,6,,19,1.0,0.016872365621118265,CGCCGAAGAAGATGTCGCAGACGAAGCGCAGGAGGAGAGGTGAAGAGGGCCCACCCTTGG,delGAGGCGCTTTGGTCGGAGG
40,del,12,,19,1.0,0.016872365621118265,CGCCGAAGAAGATGTCGCAGACGAAGGAGGCGAGGAGAGGTGAAGAGGGCCCACCCTTGG,delCTTTGGTCGGAGGCGCAGG
41,del,17,,19,1.0,0.016872365621118265,CGCCGAAGAAGATGTCGCAGACGAAGGAGGCGCTTTGAGGTGAAGAGGGCCCACCCTTGG,delGTCGGAGGCGCAGGAGGAG
42,del,8,,20,1.0,0.013140211557993952,CGCCGAAGAAGATGTCGCAGACGAAGGCAGGAGGAGAGGTGAAGAGGGCCCACCCTTGG,delAGGCGCTTTGGTCGGAGGCG
43,del,11,,20,1.0,0.013140211557993952,CGCCGAAGAAGATGTCGCAGACGAAGGAGGGAGGAGAGGTGAAGAGGGCCCACCCTTGG,delCGCTTTGGTCGGAGGCGCAG
44,del,19,,20,1.0,0.013140211557993952,CGCCGAAGAAGATGTCGCAGACGAAGGAGGCGCTTTGGGTGAAGAGGGCCCACCCTTGG,delTCGGAGGCGCAGGAGGAGAG
45,del,2,,21,1.0,0.010233607051089616,CGCCGAAGAAGATGTCGCAGGAGGCGCAGGAGGAGAGGTGAAGAGGGCCCACCCTTGG,delACGAAGGAGGCGCTTTGGTCG
46,del,5,,21,1.0,0.010233607051089616,CGCCGAAGAAGATGTCGCAGACGGCGCAGGAGGAGAGGTGAAGAGGGCCCACCCTTGG,delAAGGAGGCGCTTTGGTCGGAG
47,del,8,,21,1.0,0.010233607051089616,CGCCGAAGAAGATGTCGCAGACGAAGCAGGAGGAGAGGTGAAGAGGGCCCACCCTTGG,delGAGGCGCTTTGGTCGGAGGCG
48,del,12,,21,3.0,0.20039249781369073,CGCCGAAGAAGATGTCGCAGACGAAGGAGGAGGAGAGGTGAAGAGGGCCCACCCTTGG,delCGCTTTGGTCGGAGGCGCAGG
49,del,14,,21,1.0,0.010233607051089616,CGCCGAAGAAGATGTCGCAGACGAAGGAGGCGGAGAGGTGAAGAGGGCCCACCCTTGG,delCTTTGGTCGGAGGCGCAGGAG
50,del,21,,21,3.0,0.20039249781369073,CGCCGAAGAAGATGTCGCAGACGAAGGAGGCGCTTTGGTGAAGAGGGCCCACCCTTGG,delCGGAGGCGCAGGAGGAGAGGT
51,del,1,,22,1.0,0.007969941185033642,CGCCGAAGAAGATGTCGCGGAGGCGCAGGAGGAGAGGTGAAGAGGGCCCACCCTTGG,delAGACGAAGGAGGCGCTTTGGTC
52,del,4,,22,2.0,0.04363302140375546,CGCCGAAGAAGATGTCGCAGAGGCGCAGGAGGAGAGGTGAAGAGGGCCCACCCTTGG,delCGAAGGAGGCGCTTTGGTCGGA
53,del,6,,22,1.0,0.007969941185033642,CGCCGAAGAAGATGTCGCAGACGCGCAGGAGGAGAGGTGAAGAGGGCCCACCCTTGG,delAAGGAGGCGCTTTGGTCGGAGG
54,del,12,,22,1.0,0.007969941185033642,CGCCGAAGAAGATGTCGCAGACGAAGGAGAGGAGAGGTGAAGAGGGCCCACCCTTGG,delGCGCTTTGGTCGGAGGCGCAGG
55,del,15,,22,1.0,0.007969941185033642,CGCCGAAGAAGATGTCGCAGACGAAGGAGGCGAGAGGTGAAGAGGGCCCACCCTTGG,delCTTTGGTCGGAGGCGCAGGAGG
56,del,20,,22,1.0,0.007969941185033642,CGCCGAAGAAGATGTCGCAGACGAAGGAGGCGCTTTGTGAAGAGGGCCCACCCTTGG,delGTCGGAGGCGCAGGAGGAGAGG
57,del,11,,23,1.0,0.006206996435937243,CGCCGAAGAAGATGTCGCAGACGAAGGGAGGAGAGGTGAAGAGGGCCCACCCTTGG,delAGGCGCTTTGGTCGGAGGCGCAG
58,del,14,,23,1.0,0.006206996435937243,CGCCGAAGAAGATGTCGCAGACGAAGGAGGGAGAGGTGAAGAGGGCCCACCCTTGG,delCGCTTTGGTCGGAGGCGCAGGAG
59,del,22,,23,1.0,0.006206996435937243,CGCCGAAGAAGATGTCGCAGACGAAGGAGGCGCTTTGGAAGAGGGCCCACCCTTGG,delTCGGAGGCGCAGGAGGAGAGGTG
60,del,2,,24,2.0,0.036204173834657974,CGCCGAAGAAGATGTCGGAGGCGCAGGAGGAGAGGTGAAGAGGGCCCACCCTTGG,delCAGACGAAGGAGGCGCTTTGGTCG
61,del,5,,24,2.0,0.026464765257275258,CGCCGAAGAAGATGTCGCAGGCGCAGGAGGAGAGGTGAAGAGGGCCCACCCTTGG,delACGAAGGAGGCGCTTTGGTCGGAG
62,del,8,,24,2.0,0.036204173834657974,CGCCGAAGAAGATGTCGCAGACGCAGGAGGAGAGGTGAAGAGGGCCCACCCTTGG,delAAGGAGGCGCTTTGGTCGGAGGCG
63,del,15,,24,6.0,1.0569782778284524,CGCCGAAGAAGATGTCGCAGACGAAGGAGGAGAGGTGAAGAGGGCCCACCCTTGG,delCGCTTTGGTCGGAGGCGCAGGAGG
64,del,17,,24,1.0,0.004834013684829343,CGCCGAAGAAGATGTCGCAGACGAAGGAGGCGAGGTGAAGAGGGCCCACCCTTGG,delCTTTGGTCGGAGGCGCAGGAGGAG
65,del,22,,24,2.0,0.026464765257275258,CGCCGAAGAAGATGTCGCAGACGAAGGAGGCGCTTTGAAGAGGGCCCACCCTTGG,delGTCGGAGGCGCAGGAGGAGAGGTG
66,del,3,,25,1.0,0.003764733643122979,CGCCGAAGAAGATGTCGAGGCGCAGGAGGAGAGGTGAAGAGGGCCCACCCTTGG,delCAGACGAAGGAGGCGCTTTGGTCGG
67,del,6,,25,1.0,0.003764733643122979,CGCCGAAGAAGATGTCGCAGCGCAGGAGGAGAGGTGAAGAGGGCCCACCCTTGG,delACGAAGGAGGCGCTTTGGTCGGAGG
68,del,10,,25,1.0,0.0035230672283019415,CGCCGAAGAAGATGTCGCAGACGAGGAGGAGAGGTGAAGAGGGCCCACCCTTGG,delAGGAGGCGCTTTGGTCGGAGGCGCA
69,del,12,,25,1.0,0.003764733643122979,CGCCGAAGAAGATGTCGCAGACGAAGAGGAGAGGTGAAGAGGGCCCACCCTTGG,delGAGGCGCTTTGGTCGGAGGCGCAGG
70,del,15,,25,1.0,0.003764733643122979,CGCCGAAGAAGATGTCGCAGACGAAGGAGAGAGGTGAAGAGGGCCCACCCTTGG,delGCGCTTTGGTCGGAGGCGCAGGAGG
71,del,21,,25,1.0,0.0035230672283019415,CGCCGAAGAAGATGTCGCAGACGAAGGAGGCGCTTGAAGAGGGCCCACCCTTGG,delTGGTCGGAGGCGCAGGAGGAGAGGT
72,del,9,,26,1.0,0.002931977509319439,CGCCGAAGAAGATGTCGCAGACAGGAGGAGAGGTGAAGAGGGCCCACCCTTGG,delGAAGGAGGCGCTTTGGTCGGAGGCGC
73,del,14,,26,1.0,0.002931977509319439,CGCCGAAGAAGATGTCGCAGACGAAGGGAGAGGTGAAGAGGGCCCACCCTTGG,delAGGCGCTTTGGTCGGAGGCGCAGGAG
74,del,17,,26,1.0,0.002931977509319439,CGCCGAAGAAGATGTCGCAGACGAAGGAGGAGGTGAAGAGGGCCCACCCTTGG,delCGCTTTGGTCGGAGGCGCAGGAGGAG
75,del,19,,26,1.0,0.002931977509319439,CGCCGAAGAAGATGTCGCAGACGAAGGAGGCGGTGAAGAGGGCCCACCCTTGG,delCTTTGGTCGGAGGCGCAGGAGGAGAG
76,del,21,,26,1.0,0.002743767516214756,CGCCGAAGAAGATGTCGCAGACGAAGGAGGCGCTGAAGAGGGCCCACCCTTGG,delTTGGTCGGAGGCGCAGGAGGAGAGGT
77,del,25,,26,1.0,0.002931977509319439,CGCCGAAGAAGATGTCGCAGACGAAGGAGGCGCTTTGGAGGGCCCACCCTTGG,delTCGGAGGCGCAGGAGGAGAGGTGAAG
78,del,2,,27,1.0,0.0022834263802057266,CGCCGAAGAAGATGGAGGCGCAGGAGGAGAGGTGAAGAGGGCCCACCCTTGG,delTCGCAGACGAAGGAGGCGCTTTGGTCG
79,del,5,,27,1.0,0.0022834263802057266,CGCCGAAGAAGATGTCGGCGCAGGAGGAGAGGTGAAGAGGGCCCACCCTTGG,delCAGACGAAGGAGGCGCTTTGGTCGGAG
80,del,8,,27,1.0,0.0022834263802057266,CGCCGAAGAAGATGTCGCAGCAGGAGGAGAGGTGAAGAGGGCCCACCCTTGG,delACGAAGGAGGCGCTTTGGTCGGAGGCG
81,del,11,,27,1.0,0.0022834263802057266,CGCCGAAGAAGATGTCGCAGACGGAGGAGAGGTGAAGAGGGCCCACCCTTGG,delAAGGAGGCGCTTTGGTCGGAGGCGCAG
82,del,17,,27,5.0,0.21300729227119744,CGCCGAAGAAGATGTCGCAGACGAAGGAGAGGTGAAGAGGGCCCACCCTTGG,delGCGCTTTGGTCGGAGGCGCAGGAGGAG
83,del,20,,27,1.0,0.0022834263802057266,CGCCGAAGAAGATGTCGCAGACGAAGGAGGCGTGAAGAGGGCCCACCCTTGG,delCTTTGGTCGGAGGCGCAGGAGGAGAGG
84,del,25,,27,1.0,0.0022834263802057266,CGCCGAAGAAGATGTCGCAGACGAAGGAGGCGCTTTGAGGGCCCACCCTTGG,delGTCGGAGGCGCAGGAGGAGAGGTGAAG
85,del,3,,28,1.0,0.0017783342529901231,CGCCGAAGAAGATGAGGCGCAGGAGGAGAGGTGAAGAGGGCCCACCCTTGG,delTCGCAGACGAAGGAGGCGCTTTGGTCGG
86,del,7,,28,2.0,0.01331877123836773,CGCCGAAGAAGATGTCGCGCAGGAGGAGAGGTGAAGAGGGCCCACCCTTGG,delAGACGAAGGAGGCGCTTTGGTCGGAGGC
87,del,10,,28,1.0,0.0016641791217078294,CGCCGAAGAAGATGTCGCAGAGGAGGAGAGGTGAAGAGGGCCCACCCTTGG,delCGAAGGAGGCGCTTTGGTCGGAGGCGCA
88,del,13,,28,2.0,0.009735843053579824,CGCCGAAGAAGATGTCGCAGACGAGGAGAGGTGAAGAGGGCCCACCCTTGG,delAGGAGGCGCTTTGGTCGGAGGCGCAGGA
89,del,15,,28,1.0,0.0017783342529901231,CGCCGAAGAAGATGTCGCAGACGAAGAGAGGTGAAGAGGGCCCACCCTTGG,delGAGGCGCTTTGGTCGGAGGCGCAGGAGG
90,del,19,,28,1.0,0.0017783342529901231,CGCCGAAGAAGATGTCGCAGACGAAGGAGGGTGAAGAGGGCCCACCCTTGG,delCGCTTTGGTCGGAGGCGCAGGAGGAGAG
91,del,27,,28,1.0,0.0017783342529901231,CGCCGAAGAAGATGTCGCAGACGAAGGAGGCGCTTTGGGGCCCACCCTTGG,delTCGGAGGCGCAGGAGGAGAGGTGAAGAG
92,del,20,,29,4.0,0.07617673964956855,CGCCGAAGAAGATGTCGCAGACGAAGGAGGTGAAGAGGGCCCACCCTTGG,delCGCTTTGGTCGGAGGCGCAGGAGGAGAGG
93,del,22,,29,1.0,0.0013849681087914098,CGCCGAAGAAGATGTCGCAGACGAAGGAGGCGAAGAGGGCCCACCCTTGG,delCTTTGGTCGGAGGCGCAGGAGGAGAGGTG
94,del,28,,29,2.0,0.01037266946998969,CGCCGAAGAAGATGTCGCAGACGAAGGAGGCGCTTTGGGCCCACCCTTGG,delTCGGAGGCGCAGGAGGAGAGGTGAAGAGG
95,del,2,,30,1.0,0.0010786142476556725,CGCCGAAGAAGGAGGCGCAGGAGGAGAGGTGAAGAGGGCCCACCCTTGG,delATGTCGCAGACGAAGGAGGCGCTTTGGTCG
96,del,5,,30,1.0,0.0010786142476556725,CGCCGAAGAAGATGGCGCAGGAGGAGAGGTGAAGAGGGCCCACCCTTGG,delTCGCAGACGAAGGAGGCGCTTTGGTCGGAG
97,del,11,,30,5.0,0.15073144115392928,CGCCGAAGAAGATGTCGCAGGAGGAGAGGTGAAGAGGGCCCACCCTTGG,delACGAAGGAGGCGCTTTGGTCGGAGGCGCAG
98,del,14,,30,1.0,0.0010786142476556725,CGCCGAAGAAGATGTCGCAGACGGAGAGGTGAAGAGGGCCCACCCTTGG,delAAGGAGGCGCTTTGGTCGGAGGCGCAGGAG
99,del,17,,30,2.0,0.005905087310146431,CGCCGAAGAAGATGTCGCAGACGAAGAGGTGAAGAGGGCCCACCCTTGG,delGAGGCGCTTTGGTCGGAGGCGCAGGAGGAG
100,del,20,,30,1.0,0.0010786142476556725,CGCCGAAGAAGATGTCGCAGACGAAGGAGTGAAGAGGGCCCACCCTTGG,delGCGCTTTGGTCGGAGGCGCAGGAGGAGAGG
101,del,29,,30,2.0,0.008078243105768827,CGCCGAAGAAGATGTCGCAGACGAAGGAGGCGCTTTGGCCCACCCTTGG,delTCGGAGGCGCAGGAGGAGAGGTGAAGAGGG
102,del,4,,31,2.0,0.004598886621247056,CGCCGAAGAAGAGGCGCAGGAGGAGAGGTGAAGAGGGCCCACCCTTGG,delTGTCGCAGACGAAGGAGGCGCTTTGGTCGGA
103,del,6,,31,1.0,0.0008400256207062121,CGCCGAAGAAGATGCGCAGGAGGAGAGGTGAAGAGGGCCCACCCTTGG,delTCGCAGACGAAGGAGGCGCTTTGGTCGGAGG
104,del,13,,31,2.0,0.004598886621247056,CGCCGAAGAAGATGTCGCAGAGGAGAGGTGAAGAGGGCCCACCCTTGG,delCGAAGGAGGCGCTTTGGTCGGAGGCGCAGGA
105,del,16,,31,2.0,0.004598886621247056,CGCCGAAGAAGATGTCGCAGACGAGAGGTGAAGAGGGCCCACCCTTGG,delAGGAGGCGCTTTGGTCGGAGGCGCAGGAGGA
106,del,19,,31,1.0,0.0008400256207062121,CGCCGAAGAAGATGTCGCAGACGAAGGGTGAAGAGGGCCCACCCTTGG,delAGGCGCTTTGGTCGGAGGCGCAGGAGGAGAG
107,del,22,,31,1.0,0.0008400256207062121,CGCCGAAGAAGATGTCGCAGACGAAGGAGGAAGAGGGCCCACCCTTGG,delCGCTTTGGTCGGAGGCGCAGGAGGAGAGGTG
108,del,29,,31,1.0,0.0008400256207062121,CGCCGAAGAAGATGTCGCAGACGAAGGAGGCGCTTTGCCCACCCTTGG,delGTCGGAGGCGCAGGAGGAGAGGTGAAGAGGG
109,del,9,,32,1.0,0.000654212611206041,CGCCGAAGAAGATGTCAGGAGGAGAGGTGAAGAGGGCCCACCCTTGG,delGCAGACGAAGGAGGCGCTTTGGTCGGAGGCGC
110,del,20,,32,3.0,0.012810663787099072,CGCCGAAGAAGATGTCGCAGACGAAGGTGAAGAGGGCCCACCCTTGG,delAGGCGCTTTGGTCGGAGGCGCAGGAGGAGAGG
111,del,22,,32,1.0,0.000654212611206041,CGCCGAAGAAGATGTCGCAGACGAAGGAGAAGAGGGCCCACCCTTGG,delGCGCTTTGGTCGGAGGCGCAGGAGGAGAGGTG
112,del,25,,32,1.0,0.000654212611206041,CGCCGAAGAAGATGTCGCAGACGAAGGAGGCGAGGGCCCACCCTTGG,delCTTTGGTCGGAGGCGCAGGAGGAGAGGTGAAG
113,del,2,,33,1.0,0.0005095012939024533,CGCCGAAGGAGGCGCAGGAGGAGAGGTGAAGAGGGCCCACCCTTGG,delAAGATGTCGCAGACGAAGGAGGCGCTTTGGTCG
114,del,5,,33,2.0,0.0027893657363285826,CGCCGAAGAAGGCGCAGGAGGAGAGGTGAAGAGGGCCCACCCTTGG,delATGTCGCAGACGAAGGAGGCGCTTTGGTCGGAG
115,del,8,,33,1.0,0.0005095012939024533,CGCCGAAGAAGATGCAGGAGGAGAGGTGAAGAGGGCCCACCCTTGG,delTCGCAGACGAAGGAGGCGCTTTGGTCGGAGGCG
116,del,11,,33,1.0,0.0005095012939024533,CGCCGAAGAAGATGTCGGAGGAGAGGTGAAGAGGGCCCACCCTTGG,delCAGACGAAGGAGGCGCTTTGGTCGGAGGCGCAG
117,del,14,,33,2.0,0.0027893657363285826,CGCCGAAGAAGATGTCGCAGGAGAGGTGAAGAGGGCCCACCCTTGG,delACGAAGGAGGCGCTTTGGTCGGAGGCGCAGGAG
118,del,18,,33,2.0,0.0027893657363285826,CGCCGAAGAAGATGTCGCAGACGAGGTGAAGAGGGCCCACCCTTGG,delAGGAGGCGCTTTGGTCGGAGGCGCAGGAGGAGA
119,del,20,,33,1.0,0.0005095012939024533,CGCCGAAGAAGATGTCGCAGACGAAGTGAAGAGGGCCCACCCTTGG,delGAGGCGCTTTGGTCGGAGGCGCAGGAGGAGAGG
120,del,4,,34,2.0,0.002172360219725246,CGCCGAAGAGGCGCAGGAGGAGAGGTGAAGAGGGCCCACCCTTGG,delAGATGTCGCAGACGAAGGAGGCGCTTTGGTCGGA
121,del,6,,34,1.0,0.0003968000066671246,CGCCGAAGAAGCGCAGGAGGAGAGGTGAAGAGGGCCCACCCTTGG,delATGTCGCAGACGAAGGAGGCGCTTTGGTCGGAGG
122,del,12,,34,1.0,0.0003968000066671246,CGCCGAAGAAGATGTCGAGGAGAGGTGAAGAGGGCCCACCCTTGG,delCAGACGAAGGAGGCGCTTTGGTCGGAGGCGCAGG
123,del,16,,34,2.0,0.002172360219725246,CGCCGAAGAAGATGTCGCAGAGAGGTGAAGAGGGCCCACCCTTGG,delCGAAGGAGGCGCTTTGGTCGGAGGCGCAGGAGGA
124,del,23,,34,2.0,0.002172360219725246,CGCCGAAGAAGATGTCGCAGACGAAGGAAGAGGGCCCACCCTTGG,delGGCGCTTTGGTCGGAGGCGCAGGAGGAGAGGTGA
125,del,25,,34,1.0,0.0003968000066671246,CGCCGAAGAAGATGTCGCAGACGAAGGAGGAGGGCCCACCCTTGG,delCGCTTTGGTCGGAGGCGCAGGAGGAGAGGTGAAG
126,del,27,,34,1.0,0.0003968000066671246,CGCCGAAGAAGATGTCGCAGACGAAGGAGGCGGGCCCACCCTTGG,delCTTTGGTCGGAGGCGCAGGAGGAGAGGTGAAGAG
127,del,19,,35,1.0,0.0003090281559150953,CGCCGAAGAAGATGTCGCAGACGGTGAAGAGGGCCCACCCTTGG,delAAGGAGGCGCTTTGGTCGGAGGCGCAGGAGGAGAG
128,del,22,,35,1.0,0.0003090281559150953,CGCCGAAGAAGATGTCGCAGACGAAGAAGAGGGCCCACCCTTGG,delGAGGCGCTTTGGTCGGAGGCGCAGGAGGAGAGGTG
129,del,25,,35,2.0,0.0016918358402351907,CGCCGAAGAAGATGTCGCAGACGAAGGAGAGGGCCCACCCTTGG,delGCGCTTTGGTCGGAGGCGCAGGAGGAGAGGTGAAG
130,del,28,,35,1.0,0.0003090281559150953,CGCCGAAGAAGATGTCGCAGACGAAGGAGGCGGCCCACCCTTGG,delCTTTGGTCGGAGGCGCAGGAGGAGAGGTGAAGAGG
131,del,2,,36,2.0,0.001802499677908146,CGCCGGAGGCGCAGGAGGAGAGGTGAAGAGGGCCCACCCTTGG,delAAGAAGATGTCGCAGACGAAGGAGGCGCTTTGGTCG
132,del,5,,36,2.0,0.001317603077203435,CGCCGAAGGCGCAGGAGGAGAGGTGAAGAGGGCCCACCCTTGG,delAAGATGTCGCAGACGAAGGAGGCGCTTTGGTCGGAG
133,del,8,,36,1.0,0.00024067136981778843,CGCCGAAGAAGCAGGAGGAGAGGTGAAGAGGGCCCACCCTTGG,delATGTCGCAGACGAAGGAGGCGCTTTGGTCGGAGGCG
134,del,11,,36,1.0,0.00024067136981778843,CGCCGAAGAAGATGGAGGAGAGGTGAAGAGGGCCCACCCTTGG,delTCGCAGACGAAGGAGGCGCTTTGGTCGGAGGCGCAG
135,del,14,,36,1.0,0.00024067136981778843,CGCCGAAGAAGATGTCGGAGAGGTGAAGAGGGCCCACCCTTGG,delCAGACGAAGGAGGCGCTTTGGTCGGAGGCGCAGGAG
136,del,18,,36,3.0,0.0034606996948824188,CGCCGAAGAAGATGTCGCAGAGGTGAAGAGGGCCCACCCTTGG,delCGAAGGAGGCGCTTTGGTCGGAGGCGCAGGAGGAGA
137,del,20,,36,1.0,0.00024067136981778843,CGCCGAAGAAGATGTCGCAGACGTGAAGAGGGCCCACCCTTGG,delAAGGAGGCGCTTTGGTCGGAGGCGCAGGAGGAGAGG
138,del,27,,36,1.0,0.00024067136981778843,CGCCGAAGAAGATGTCGCAGACGAAGGAGGGGCCCACCCTTGG,delCGCTTTGGTCGGAGGCGCAGGAGGAGAGGTGAAGAG
139,del,30,,36,2.0,0.001802499677908146,CGCCGAAGAAGATGTCGCAGACGAAGGAGGCGCCCACCCTTGG,delTTTGGTCGGAGGCGCAGGAGGAGAGGTGAAGAGGGC
140,del,1,,37,1.0,0.00018743505127696128,CGCGGAGGCGCAGGAGGAGAGGTGAAGAGGGCCCACCCTTGG,delCGAAGAAGATGTCGCAGACGAAGGAGGCGCTTTGGTC
141,del,4,,37,2.0,0.0010261503083033277,CGCCGAGGCGCAGGAGGAGAGGTGAAGAGGGCCCACCCTTGG,delAGAAGATGTCGCAGACGAAGGAGGCGCTTTGGTCGGA
142,del,6,,37,1.0,0.00018743505127696128,CGCCGAAGCGCAGGAGGAGAGGTGAAGAGGGCCCACCCTTGG,delAAGATGTCGCAGACGAAGGAGGCGCTTTGGTCGGAGG
143,del,10,,37,1.0,0.00017540318896004968,CGCCGAAGAAGAGGAGGAGAGGTGAAGAGGGCCCACCCTTGG,delTGTCGCAGACGAAGGAGGCGCTTTGGTCGGAGGCGCA
144,del,12,,37,1.0,0.00018743505127696128,CGCCGAAGAAGATGAGGAGAGGTGAAGAGGGCCCACCCTTGG,delTCGCAGACGAAGGAGGCGCTTTGGTCGGAGGCGCAGG
145,del,15,,37,1.0,0.00018743505127696128,CGCCGAAGAAGATGTCGAGAGGTGAAGAGGGCCCACCCTTGG,delCAGACGAAGGAGGCGCTTTGGTCGGAGGCGCAGGAGG
146,del,23,,37,1.0,0.00017540318896004968,CGCCGAAGAAGATGTCGCAGACGAAAGAGGGCCCACCCTTGG,delGGAGGCGCTTTGGTCGGAGGCGCAGGAGGAGAGGTGA
147,del,28,,37,4.0,0.010309400636516064,CGCCGAAGAAGATGTCGCAGACGAAGGAGGGCCCACCCTTGG,delCGCTTTGGTCGGAGGCGCAGGAGGAGAGGTGAAGAGG
148,del,31,,37,1.0,0.00018743505127696128,CGCCGAAGAAGATGTCGCAGACGAAGGAGGCGCCACCCTTGG,delTTTGGTCGGAGGCGCAGGAGGAGAGGTGAAGAGGGCC
149,del,37,,37,1.0,0.00017540318896004968,CGCCGAAGAAGATGTCGCAGACGAAGGAGGCGCTTTGGTTGG,delCGGAGGCGCAGGAGGAGAGGTGAAGAGGGCCCACCCT
150,del,19,,38,2.0,0.0007991666636555951,CGCCGAAGAAGATGTCGCAGGTGAAGAGGGCCCACCCTTGG,delACGAAGGAGGCGCTTTGGTCGGAGGCGCAGGAGGAGAG
151,del,25,,38,4.0,0.0055075959813110495,CGCCGAAGAAGATGTCGCAGACGAAGAGGGCCCACCCTTGG,delGAGGCGCTTTGGTCGGAGGCGCAGGAGGAGAGGTGAAG
152,del,30,,38,3.0,0.0042116253916590594,CGCCGAAGAAGATGTCGCAGACGAAGGAGGCCCACCCTTGG,delGCTTTGGTCGGAGGCGCAGGAGGAGAGGTGAAGAGGGC
153,del,32,,38,1.0,0.00014597456470952637,CGCCGAAGAAGATGTCGCAGACGAAGGAGGCGCACCCTTGG,delTTTGGTCGGAGGCGCAGGAGGAGAGGTGAAGAGGGCCC
154,del,38,,38,1.0,0.00013660414091530828,CGCCGAAGAAGATGTCGCAGACGAAGGAGGCGCTTTGGTGG,delCGGAGGCGCAGGAGGAGAGGTGAAGAGGGCCCACCCTT
155,del,2,,39,2.0,0.00085144055917026,CGGAGGCGCAGGAGGAGAGGTGAAGAGGGCCCACCCTTGG,delCCGAAGAAGATGTCGCAGACGAAGGAGGCGCTTTGGTCG
156,del,5,,39,1.0,0.00011368510530428659,CGCCGGCGCAGGAGGAGAGGTGAAGAGGGCCCACCCTTGG,delAAGAAGATGTCGCAGACGAAGGAGGCGCTTTGGTCGGAG
157,del,8,,39,1.0,0.00011368510530428659,CGCCGAAGCAGGAGGAGAGGTGAAGAGGGCCCACCCTTGG,delAAGATGTCGCAGACGAAGGAGGCGCTTTGGTCGGAGGCG
158,del,11,,39,2.0,0.0006223916234595394,CGCCGAAGAAGGAGGAGAGGTGAAGAGGGCCCACCCTTGG,delATGTCGCAGACGAAGGAGGCGCTTTGGTCGGAGGCGCAG
159,del,14,,39,1.0,0.00011368510530428659,CGCCGAAGAAGATGGAGAGGTGAAGAGGGCCCACCCTTGG,delTCGCAGACGAAGGAGGCGCTTTGGTCGGAGGCGCAGGAG
160,del,17,,39,1.0,0.00011368510530428659,CGCCGAAGAAGATGTCGAGGTGAAGAGGGCCCACCCTTGG,delCAGACGAAGGAGGCGCTTTGGTCGGAGGCGCAGGAGGAG
161,del,20,,39,1.0,0.00011368510530428659,CGCCGAAGAAGATGTCGCAGTGAAGAGGGCCCACCCTTGG,delACGAAGGAGGCGCTTTGGTCGGAGGCGCAGGAGGAGAGG
162,del,24,,39,1.0,0.00010638741191563864,CGCCGAAGAAGATGTCGCAGACGAGAGGGCCCACCCTTGG,delAGGAGGCGCTTTGGTCGGAGGCGCAGGAGGAGAGGTGAA
163,del,27,,39,1.0,0.00011368510530428659,CGCCGAAGAAGATGTCGCAGACGAAGGGGCCCACCCTTGG,delAGGCGCTTTGGTCGGAGGCGCAGGAGGAGAGGTGAAGAG
164,del,29,,39,1.0,0.00011368510530428659,CGCCGAAGAAGATGTCGCAGACGAAGGAGCCCACCCTTGG,delGCGCTTTGGTCGGAGGCGCAGGAGGAGAGGTGAAGAGGG
165,del,31,,39,1.0,0.00011368510530428659,CGCCGAAGAAGATGTCGCAGACGAAGGAGGCCACCCTTGG,delGCTTTGGTCGGAGGCGCAGGAGGAGAGGTGAAGAGGGCC
166,del,0,,1,0.0,0.7448166860316,CGCCGAAGAAGATGTCGCAGACGAAGGAGGCGCTTTGGCGGAGGCGCAGGAGGAGAGGTGAAGAGGGCCCACCCTTGG,delT
167,del,1,,1,0.0,0.7448166860316,CGCCGAAGAAGATGTCGCAGACGAAGGAGGCGCTTTGGTGGAGGCGCAGGAGGAGAGGTGAAGAGGGCCCACCCTTGG,delC
168,del,0,,2,0.0,0.3842766712061567,CGCCGAAGAAGATGTCGCAGACGAAGGAGGCGCTTTGCGGAGGCGCAGGAGGAGAGGTGAAGAGGGCCCACCCTTGG,delGT
169,del,2,,2,0.0,0.3842766712061567,CGCCGAAGAAGATGTCGCAGACGAAGGAGGCGCTTTGGTGAGGCGCAGGAGGAGAGGTGAAGAGGGCCCACCCTTGG,delCG
170,del,1,,2,0.0,0.3842766712061567,CGCCGAAGAAGATGTCGCAGACGAAGGAGGCGCTTTGGGGAGGCGCAGGAGGAGAGGTGAAGAGGGCCCACCCTTGG,delTC
171,del,0,,3,0.0,0.4314603390099747,CGCCGAAGAAGATGTCGCAGACGAAGGAGGCGCTTTCGGAGGCGCAGGAGGAGAGGTGAAGAGGGCCCACCCTTGG,delGGT
172,del,3,,3,0.0,0.4314603390099747,CGCCGAAGAAGATGTCGCAGACGAAGGAGGCGCTTTGGTAGGCGCAGGAGGAGAGGTGAAGAGGGCCCACCCTTGG,delCGG
173,del,0,,4,0.0,0.29215555439800883,CGCCGAAGAAGATGTCGCAGACGAAGGAGGCGCTTCGGAGGCGCAGGAGGAGAGGTGAAGAGGGCCCACCCTTGG,delTGGT
174,del,4,,4,0.0,0.29215555439800883,CGCCGAAGAAGATGTCGCAGACGAAGGAGGCGCTTTGGTGGCGCAGGAGGAGAGGTGAAGAGGGCCCACCCTTGG,delCGGA
175,del,0,,5,0.0,0.11641595090642635,CGCCGAAGAAGATGTCGCAGACGAAGGAGGCGCTCGGAGGCGCAGGAGGAGAGGTGAAGAGGGCCCACCCTTGG,delTTGGT
176,del,5,,5,0.0,0.11641595090642635,CGCCGAAGAAGATGTCGCAGACGAAGGAGGCGCTTTGGTGCGCAGGAGGAGAGGTGAAGAGGGCCCACCCTTGG,delCGGAG
177,del,1,,5,0.0,0.05820797545321318,CGCCGAAGAAGATGTCGCAGACGAAGGAGGCGCTTGGAGGCGCAGGAGGAGAGGTGAAGAGGGCCCACCCTTGG,delTGGTC
178,del,4,,5,0.0,0.05820797545321318,CGCCGAAGAAGATGTCGCAGACGAAGGAGGCGCTTTGGGGCGCAGGAGGAGAGGTGAAGAGGGCCCACCCTTGG,delTCGGA
179,del,0,,6,0.0,0.06831604562739275,CGCCGAAGAAGATGTCGCAGACGAAGGAGGCGCCGGAGGCGCAGGAGGAGAGGTGAAGAGGGCCCACCCTTGG,delTTTGGT
180,del,6,,6,0.0,0.06831604562739275,CGCCGAAGAAGATGTCGCAGACGAAGGAGGCGCTTTGGTCGCAGGAGGAGAGGTGAAGAGGGCCCACCCTTGG,delCGGAGG
181,del,1,,6,0.0,0.022772015209130917,CGCCGAAGAAGATGTCGCAGACGAAGGAGGCGCTGGAGGCGCAGGAGGAGAGGTGAAGAGGGCCCACCCTTGG,delTTGGTC
182,del,2,,6,0.0,0.022772015209130917,CGCCGAAGAAGATGTCGCAGACGAAGGAGGCGCTTGAGGCGCAGGAGGAGAGGTGAAGAGGGCCCACCCTTGG,delTGGTCG
183,del,3,,6,0.0,0.022772015209130917,CGCCGAAGAAGATGTCGCAGACGAAGGAGGCGCTTTAGGCGCAGGAGGAGAGGTGAAGAGGGCCCACCCTTGG,delGGTCGG
184,del,7,,7,0.0,0.059996284146748846,CGCCGAAGAAGATGTCGCAGACGAAGGAGGCGCTTTGGTGCAGGAGGAGAGGTGAAGAGGGCCCACCCTTGG,delCGGAGGC
185,del,2,,7,0.0,0.029998142073374423,CGCCGAAGAAGATGTCGCAGACGAAGGAGGCGCTGAGGCGCAGGAGGAGAGGTGAAGAGGGCCCACCCTTGG,delTTGGTCG
186,del,3,,7,0.0,0.029998142073374423,CGCCGAAGAAGATGTCGCAGACGAAGGAGGCGCTTAGGCGCAGGAGGAGAGGTGAAGAGGGCCCACCCTTGG,delTGGTCGG
187,del,0,,8,0.0,0.023349324329407773,CGCCGAAGAAGATGTCGCAGACGAAGGAGGCCGGAGGCGCAGGAGGAGAGGTGAAGAGGGCCCACCCTTGG,delGCTTTGGT
188,del,8,,8,0.0,0.023349324329407773,CGCCGAAGAAGATGTCGCAGACGAAGGAGGCGCTTTGGTCAGGAGGAGAGGTGAAGAGGGCCCACCCTTGG,delCGGAGGCG
189,del,1,,8,0.0,0.004669864865881555,CGCCGAAGAAGATGTCGCAGACGAAGGAGGCGGGAGGCGCAGGAGGAGAGGTGAAGAGGGCCCACCCTTGG,delCTTTGGTC
190,del,2,,8,0.0,0.004669864865881555,CGCCGAAGAAGATGTCGCAGACGAAGGAGGCGCGAGGCGCAGGAGGAGAGGTGAAGAGGGCCCACCCTTGG,delTTTGGTCG
191,del,3,,8,0.0,0.004669864865881555,CGCCGAAGAAGATGTCGCAGACGAAGGAGGCGCTAGGCGCAGGAGGAGAGGTGAAGAGGGCCCACCCTTGG,delTTGGTCGG
192,del,4,,8,0.0,0.004669864865881555,CGCCGAAGAAGATGTCGCAGACGAAGGAGGCGCTTGGCGCAGGAGGAGAGGTGAAGAGGGCCCACCCTTGG,delTGGTCGGA
193,del,7,,8,0.0,0.004669864865881555,CGCCGAAGAAGATGTCGCAGACGAAGGAGGCGCTTTGGGCAGGAGGAGAGGTGAAGAGGGCCCACCCTTGG,delTCGGAGGC
194,del,9,,9,0.0,0.022710763102533872,CGCCGAAGAAGATGTCGCAGACGAAGGAGGCGCTTTGGTAGGAGGAGAGGTGAAGAGGGCCCACCCTTGG,delCGGAGGCGC
195,del,3,,9,0.0,0.005677690775633468,CGCCGAAGAAGATGTCGCAGACGAAGGAGGCGCAGGCGCAGGAGGAGAGGTGAAGAGGGCCCACCCTTGG,delTTTGGTCGG
196,del,4,,9,0.0,0.005677690775633468,CGCCGAAGAAGATGTCGCAGACGAAGGAGGCGCTGGCGCAGGAGGAGAGGTGAAGAGGGCCCACCCTTGG,delTTGGTCGGA
197,del,5,,9,0.0,0.005677690775633468,CGCCGAAGAAGATGTCGCAGACGAAGGAGGCGCTTGCGCAGGAGGAGAGGTGAAGAGGGCCCACCCTTGG,delTGGTCGGAG
198,del,6,,9,0.0,0.005677690775633468,CGCCGAAGAAGATGTCGCAGACGAAGGAGGCGCTTTCGCAGGAGGAGAGGTGAAGAGGGCCCACCCTTGG,delGGTCGGAGG
199,del,0,,10,0.0,0.010867285592287787,CGCCGAAGAAGATGTCGCAGACGAAGGAGCGGAGGCGCAGGAGGAGAGGTGAAGAGGGCCCACCCTTGG,delGCGCTTTGGT
200,del,10,,10,0.0,0.010867285592287787,CGCCGAAGAAGATGTCGCAGACGAAGGAGGCGCTTTGGTGGAGGAGAGGTGAAGAGGGCCCACCCTTGG,delCGGAGGCGCA
201,del,1,,10,0.0,0.0021734571184575573,CGCCGAAGAAGATGTCGCAGACGAAGGAGGGGAGGCGCAGGAGGAGAGGTGAAGAGGGCCCACCCTTGG,delCGCTTTGGTC
202,del,4,,10,0.0,0.0021734571184575573,CGCCGAAGAAGATGTCGCAGACGAAGGAGGCGCGGCGCAGGAGGAGAGGTGAAGAGGGCCCACCCTTGG,delTTTGGTCGGA
203,del,5,,10,0.0,0.0021734571184575573,CGCCGAAGAAGATGTCGCAGACGAAGGAGGCGCTGCGCAGGAGGAGAGGTGAAGAGGGCCCACCCTTGG,delTTGGTCGGAG
204,del,6,,10,0.0,0.0021734571184575573,CGCCGAAGAAGATGTCGCAGACGAAGGAGGCGCTTCGCAGGAGGAGAGGTGAAGAGGGCCCACCCTTGG,delTGGTCGGAGG
205,del,9,,10,0.0,0.0021734571184575573,CGCCGAAGAAGATGTCGCAGACGAAGGAGGCGCTTTGGAGGAGGAGAGGTGAAGAGGGCCCACCCTTGG,delTCGGAGGCGC
206,del,0,,11,0.0,0.008181978773912186,CGCCGAAGAAGATGTCGCAGACGAAGGACGGAGGCGCAGGAGGAGAGGTGAAGAGGGCCCACCCTTGG,delGGCGCTTTGGT
207,del,11,,11,0.0,0.008181978773912186,CGCCGAAGAAGATGTCGCAGACGAAGGAGGCGCTTTGGTGAGGAGAGGTGAAGAGGGCCCACCCTTGG,delCGGAGGCGCAG
208,del,3,,11,0.0,0.0010227473467390232,CGCCGAAGAAGATGTCGCAGACGAAGGAGGCAGGCGCAGGAGGAGAGGTGAAGAGGGCCCACCCTTGG,delGCTTTGGTCGG
209,del,4,,11,0.0,0.0010227473467390232,CGCCGAAGAAGATGTCGCAGACGAAGGAGGCGGGCGCAGGAGGAGAGGTGAAGAGGGCCCACCCTTGG,delCTTTGGTCGGA
210,del,5,,11,0.0,0.0010227473467390232,CGCCGAAGAAGATGTCGCAGACGAAGGAGGCGCGCGCAGGAGGAGAGGTGAAGAGGGCCCACCCTTGG,delTTTGGTCGGAG
211,del,6,,11,0.0,0.0010227473467390232,CGCCGAAGAAGATGTCGCAGACGAAGGAGGCGCTCGCAGGAGGAGAGGTGAAGAGGGCCCACCCTTGG,delTTGGTCGGAGG
212,del,7,,11,0.0,0.0010227473467390232,CGCCGAAGAAGATGTCGCAGACGAAGGAGGCGCTTGCAGGAGGAGAGGTGAAGAGGGCCCACCCTTGG,delTGGTCGGAGGC
213,del,8,,11,0.0,0.0010227473467390232,CGCCGAAGAAGATGTCGCAGACGAAGGAGGCGCTTTCAGGAGGAGAGGTGAAGAGGGCCCACCCTTGG,delGGTCGGAGGCG
214,del,9,,11,0.0,0.0010227473467390232,CGCCGAAGAAGATGTCGCAGACGAAGGAGGCGCTTTGAGGAGGAGAGGTGAAGAGGGCCCACCCTTGG,delGTCGGAGGCGC
215,del,10,,11,0.0,0.0010227473467390232,CGCCGAAGAAGATGTCGCAGACGAAGGAGGCGCTTTGGGGAGGAGAGGTGAAGAGGGCCCACCCTTGG,delTCGGAGGCGCA
216,del,0,,12,0.0,0.0062776100432164325,CGCCGAAGAAGATGTCGCAGACGAAGGCGGAGGCGCAGGAGGAGAGGTGAAGAGGGCCCACCCTTGG,delAGGCGCTTTGGT
217,del,12,,12,0.0,0.0062776100432164325,CGCCGAAGAAGATGTCGCAGACGAAGGAGGCGCTTTGGTAGGAGAGGTGAAGAGGGCCCACCCTTGG,delCGGAGGCGCAGG
218,del,6,,12,0.0,0.0015694025108041081,CGCCGAAGAAGATGTCGCAGACGAAGGAGGCGCCGCAGGAGGAGAGGTGAAGAGGGCCCACCCTTGG,delTTTGGTCGGAGG
219,del,7,,12,0.0,0.0015694025108041081,CGCCGAAGAAGATGTCGCAGACGAAGGAGGCGCTGCAGGAGGAGAGGTGAAGAGGGCCCACCCTTGG,delTTGGTCGGAGGC
220,del,8,,12,0.0,0.0015694025108041081,CGCCGAAGAAGATGTCGCAGACGAAGGAGGCGCTTCAGGAGGAGAGGTGAAGAGGGCCCACCCTTGG,delTGGTCGGAGGCG
221,del,9,,12,0.0,0.0015694025108041081,CGCCGAAGAAGATGTCGCAGACGAAGGAGGCGCTTTAGGAGGAGAGGTGAAGAGGGCCCACCCTTGG,delGGTCGGAGGCGC
222,del,0,,13,0.0,0.00485363912068141,CGCCGAAGAAGATGTCGCAGACGAAGCGGAGGCGCAGGAGGAGAGGTGAAGAGGGCCCACCCTTGG,delGAGGCGCTTTGGT
223,del,13,,13,0.0,0.00485363912068141,CGCCGAAGAAGATGTCGCAGACGAAGGAGGCGCTTTGGTGGAGAGGTGAAGAGGGCCCACCCTTGG,delCGGAGGCGCAGGA
224,del,1,,13,0.0,0.0012134097801703525,CGCCGAAGAAGATGTCGCAGACGAAGGGGAGGCGCAGGAGGAGAGGTGAAGAGGGCCCACCCTTGG,delAGGCGCTTTGGTC
225,del,4,,13,0.0,0.0012134097801703525,CGCCGAAGAAGATGTCGCAGACGAAGGAGGGGCGCAGGAGGAGAGGTGAAGAGGGCCCACCCTTGG,delCGCTTTGGTCGGA
226,del,8,,13,0.0,0.0012134097801703525,CGCCGAAGAAGATGTCGCAGACGAAGGAGGCGCTCAGGAGGAGAGGTGAAGAGGGCCCACCCTTGG,delTTGGTCGGAGGCG
227,del,9,,13,0.0,0.0012134097801703525,CGCCGAAGAAGATGTCGCAGACGAAGGAGGCGCTTAGGAGGAGAGGTGAAGAGGGCCCACCCTTGG,delTGGTCGGAGGCGC
228,del,0,,14,0.0,0.0037655034564317226,CGCCGAAGAAGATGTCGCAGACGAACGGAGGCGCAGGAGGAGAGGTGAAGAGGGCCCACCCTTGG,delGGAGGCGCTTTGGT
229,del,14,,14,0.0,0.0037655034564317226,CGCCGAAGAAGATGTCGCAGACGAAGGAGGCGCTTTGGTGAGAGGTGAAGAGGGCCCACCCTTGG,delCGGAGGCGCAGGAG
230,del,3,,14,0.0,0.0005379290652045318,CGCCGAAGAAGATGTCGCAGACGAAGGAAGGCGCAGGAGGAGAGGTGAAGAGGGCCCACCCTTGG,delGGCGCTTTGGTCGG
231,del,6,,14,0.0,0.0005379290652045318,CGCCGAAGAAGATGTCGCAGACGAAGGAGGCCGCAGGAGGAGAGGTGAAGAGGGCCCACCCTTGG,delGCTTTGGTCGGAGG
232,del,7,,14,0.0,0.0005379290652045318,CGCCGAAGAAGATGTCGCAGACGAAGGAGGCGGCAGGAGGAGAGGTGAAGAGGGCCCACCCTTGG,delCTTTGGTCGGAGGC
233,del,8,,14,0.0,0.0005379290652045318,CGCCGAAGAAGATGTCGCAGACGAAGGAGGCGCCAGGAGGAGAGGTGAAGAGGGCCCACCCTTGG,delTTTGGTCGGAGGCG
234,del,9,,14,0.0,0.0005379290652045318,CGCCGAAGAAGATGTCGCAGACGAAGGAGGCGCTAGGAGGAGAGGTGAAGAGGGCCCACCCTTGG,delTTGGTCGGAGGCGC
235,del,10,,14,0.0,0.0005379290652045318,CGCCGAAGAAGATGTCGCAGACGAAGGAGGCGCTTGGAGGAGAGGTGAAGAGGGCCCACCCTTGG,delTGGTCGGAGGCGCA
236,del,13,,14,0.0,0.0005379290652045318,CGCCGAAGAAGATGTCGCAGACGAAGGAGGCGCTTTGGGGAGAGGTGAAGAGGGCCCACCCTTGG,delTCGGAGGCGCAGGA
237,del,0,,15,0.0,0.0029261803199203545,CGCCGAAGAAGATGTCGCAGACGACGGAGGCGCAGGAGGAGAGGTGAAGAGGGCCCACCCTTGG,delAGGAGGCGCTTTGGT
238,del,15,,15,0.0,0.0029261803199203545,CGCCGAAGAAGATGTCGCAGACGAAGGAGGCGCTTTGGTAGAGGTGAAGAGGGCCCACCCTTGG,delCGGAGGCGCAGGAGG
239,del,10,,15,0.0,0.0009753934399734515,CGCCGAAGAAGATGTCGCAGACGAAGGAGGCGCTGGAGGAGAGGTGAAGAGGGCCCACCCTTGG,delTTGGTCGGAGGCGCA
240,del,11,,15,0.0,0.0009753934399734515,CGCCGAAGAAGATGTCGCAGACGAAGGAGGCGCTTGAGGAGAGGTGAAGAGGGCCCACCCTTGG,delTGGTCGGAGGCGCAG
241,del,12,,15,0.0,0.0009753934399734515,CGCCGAAGAAGATGTCGCAGACGAAGGAGGCGCTTTAGGAGAGGTGAAGAGGGCCCACCCTTGG,delGGTCGGAGGCGCAGG
242,del,0,,16,0.0,0.0022759410641733477,CGCCGAAGAAGATGTCGCAGACGCGGAGGCGCAGGAGGAGAGGTGAAGAGGGCCCACCCTTGG,delAAGGAGGCGCTTTGGT
243,del,16,,16,0.0,0.0022759410641733477,CGCCGAAGAAGATGTCGCAGACGAAGGAGGCGCTTTGGTGAGGTGAAGAGGGCCCACCCTTGG,delCGGAGGCGCAGGAGGA
244,del,1,,16,0.0,0.00028449263302166846,CGCCGAAGAAGATGTCGCAGACGAGGAGGCGCAGGAGGAGAGGTGAAGAGGGCCCACCCTTGG,delAGGAGGCGCTTTGGTC
245,del,4,,16,0.0,0.00028449263302166846,CGCCGAAGAAGATGTCGCAGACGAAGGGGCGCAGGAGGAGAGGTGAAGAGGGCCCACCCTTGG,delAGGCGCTTTGGTCGGA
246,del,7,,16,0.0,0.00028449263302166846,CGCCGAAGAAGATGTCGCAGACGAAGGAGGGCAGGAGGAGAGGTGAAGAGGGCCCACCCTTGG,delCGCTTTGGTCGGAGGC
247,del,8,,16,0.0,0.00028449263302166846,CGCCGAAGAAGATGTCGCAGACGAAGGAGGCCAGGAGGAGAGGTGAAGAGGGCCCACCCTTGG,delGCTTTGGTCGGAGGCG
248,del,9,,16,0.0,0.00028449263302166846,CGCCGAAGAAGATGTCGCAGACGAAGGAGGCGAGGAGGAGAGGTGAAGAGGGCCCACCCTTGG,delCTTTGGTCGGAGGCGC
249,del,10,,16,0.0,0.00028449263302166846,CGCCGAAGAAGATGTCGCAGACGAAGGAGGCGCGGAGGAGAGGTGAAGAGGGCCCACCCTTGG,delTTTGGTCGGAGGCGCA
250,del,11,,16,0.0,0.00028449263302166846,CGCCGAAGAAGATGTCGCAGACGAAGGAGGCGCTGAGGAGAGGTGAAGAGGGCCCACCCTTGG,delTTGGTCGGAGGCGCAG
251,del,12,,16,0.0,0.00028449263302166846,CGCCGAAGAAGATGTCGCAGACGAAGGAGGCGCTTAGGAGAGGTGAAGAGGGCCCACCCTTGG,delTGGTCGGAGGCGCAGG
252,del,0,,17,0.0,0.0017710729873185735,CGCCGAAGAAGATGTCGCAGACCGGAGGCGCAGGAGGAGAGGTGAAGAGGGCCCACCCTTGG,delGAAGGAGGCGCTTTGGT
253,del,17,,17,0.0,0.0017710729873185735,CGCCGAAGAAGATGTCGCAGACGAAGGAGGCGCTTTGGTAGGTGAAGAGGGCCCACCCTTGG,delCGGAGGCGCAGGAGGAG
254,del,1,,17,0.0,0.0001967858874798415,CGCCGAAGAAGATGTCGCAGACGGGAGGCGCAGGAGGAGAGGTGAAGAGGGCCCACCCTTGG,delAAGGAGGCGCTTTGGTC
255,del,2,,17,0.0,0.0001967858874798415,CGCCGAAGAAGATGTCGCAGACGAGAGGCGCAGGAGGAGAGGTGAAGAGGGCCCACCCTTGG,delAGGAGGCGCTTTGGTCG
256,del,3,,17,0.0,0.0001967858874798415,CGCCGAAGAAGATGTCGCAGACGAAAGGCGCAGGAGGAGAGGTGAAGAGGGCCCACCCTTGG,delGGAGGCGCTTTGGTCGG
257,del,6,,17,0.0,0.0001967858874798415,CGCCGAAGAAGATGTCGCAGACGAAGGACGCAGGAGGAGAGGTGAAGAGGGCCCACCCTTGG,delGGCGCTTTGGTCGGAGG
258,del,10,,17,0.0,0.0001967858874798415,CGCCGAAGAAGATGTCGCAGACGAAGGAGGCGGGAGGAGAGGTGAAGAGGGCCCACCCTTGG,delCTTTGGTCGGAGGCGCA
259,del,11,,17,0.0,0.0001967858874798415,CGCCGAAGAAGATGTCGCAGACGAAGGAGGCGCGAGGAGAGGTGAAGAGGGCCCACCCTTGG,delTTTGGTCGGAGGCGCAG
260,del,12,,17,0.0,0.0001967858874798415,CGCCGAAGAAGATGTCGCAGACGAAGGAGGCGCTAGGAGAGGTGAAGAGGGCCCACCCTTGG,delTTGGTCGGAGGCGCAGG
261,del,13,,17,0.0,0.0001967858874798415,CGCCGAAGAAGATGTCGCAGACGAAGGAGGCGCTTGGAGAGGTGAAGAGGGCCCACCCTTGG,delTGGTCGGAGGCGCAGGA
262,del,16,,17,0.0,0.0001967858874798415,CGCCGAAGAAGATGTCGCAGACGAAGGAGGCGCTTTGGGAGGTGAAGAGGGCCCACCCTTGG,delTCGGAGGCGCAGGAGGA
263,del,18,,18,0.0,0.002067907186064976,CGCCGAAGAAGATGTCGCAGACGAAGGAGGCGCTTTGGTGGTGAAGAGGGCCCACCCTTGG,delCGGAGGCGCAGGAGGAGA
264,del,9,,18,0.0,0.0004135814372129952,CGCCGAAGAAGATGTCGCAGACGAAGGAGGAGGAGGAGAGGTGAAGAGGGCCCACCCTTGG,delCGCTTTGGTCGGAGGCGC
265,del,12,,18,0.0,0.0004135814372129952,CGCCGAAGAAGATGTCGCAGACGAAGGAGGCGCAGGAGAGGTGAAGAGGGCCCACCCTTGG,delTTTGGTCGGAGGCGCAGG
266,del,13,,18,0.0,0.0004135814372129952,CGCCGAAGAAGATGTCGCAGACGAAGGAGGCGCTGGAGAGGTGAAGAGGGCCCACCCTTGG,delTTGGTCGGAGGCGCAGGA
267,del,14,,18,0.0,0.0004135814372129952,CGCCGAAGAAGATGTCGCAGACGAAGGAGGCGCTTGAGAGGTGAAGAGGGCCCACCCTTGG,delTGGTCGGAGGCGCAGGAG
268,del,15,,18,0.0,0.0004135814372129952,CGCCGAAGAAGATGTCGCAGACGAAGGAGGCGCTTTAGAGGTGAAGAGGGCCCACCCTTGG,delGGTCGGAGGCGCAGGAGG
269,del,0,,19,0.0,0.0010733017567246042,CGCCGAAGAAGATGTCGCAGCGGAGGCGCAGGAGGAGAGGTGAAGAGGGCCCACCCTTGG,delACGAAGGAGGCGCTTTGGT
270,del,19,,19,0.0,0.0010733017567246042,CGCCGAAGAAGATGTCGCAGACGAAGGAGGCGCTTTGGTGTGAAGAGGGCCCACCCTTGG,delCGGAGGCGCAGGAGGAGAG
271,del,1,,19,0.0,0.00011925575074717825,CGCCGAAGAAGATGTCGCAGAGGAGGCGCAGGAGGAGAGGTGAAGAGGGCCCACCCTTGG,delCGAAGGAGGCGCTTTGGTC
272,del,7,,19,0.0,0.00011925575074717825,CGCCGAAGAAGATGTCGCAGACGAAGGGCAGGAGGAGAGGTGAAGAGGGCCCACCCTTGG,delAGGCGCTTTGGTCGGAGGC
273,del,8,,19,0.0,0.00011925575074717825,CGCCGAAGAAGATGTCGCAGACGAAGGACAGGAGGAGAGGTGAAGAGGGCCCACCCTTGG,delGGCGCTTTGGTCGGAGGCG
274,del,9,,19,0.0,0.00011925575074717825,CGCCGAAGAAGATGTCGCAGACGAAGGAGAGGAGGAGAGGTGAAGAGGGCCCACCCTTGG,delGCGCTTTGGTCGGAGGCGC
275,del,10,,19,0.0,0.00011925575074717825,CGCCGAAGAAGATGTCGCAGACGAAGGAGGGGAGGAGAGGTGAAGAGGGCCCACCCTTGG,delCGCTTTGGTCGGAGGCGCA
276,del,13,,19,0.0,0.00011925575074717825,CGCCGAAGAAGATGTCGCAGACGAAGGAGGCGCGGAGAGGTGAAGAGGGCCCACCCTTGG,delTTTGGTCGGAGGCGCAGGA
277,del,14,,19,0.0,0.00011925575074717825,CGCCGAAGAAGATGTCGCAGACGAAGGAGGCGCTGAGAGGTGAAGAGGGCCCACCCTTGG,delTTGGTCGGAGGCGCAGGAG
278,del,15,,19,0.0,0.00011925575074717825,CGCCGAAGAAGATGTCGCAGACGAAGGAGGCGCTTAGAGGTGAAGAGGGCCCACCCTTGG,delTGGTCGGAGGCGCAGGAGG
279,del,18,,19,0.0,0.00011925575074717825,CGCCGAAGAAGATGTCGCAGACGAAGGAGGCGCTTTGGGGTGAAGAGGGCCCACCCTTGG,delTCGGAGGCGCAGGAGGAGA
280,del,0,,20,0.0,0.0008357063079847435,CGCCGAAGAAGATGTCGCACGGAGGCGCAGGAGGAGAGGTGAAGAGGGCCCACCCTTGG,delGACGAAGGAGGCGCTTTGGT
281,del,20,,20,0.0,0.0008357063079847435,CGCCGAAGAAGATGTCGCAGACGAAGGAGGCGCTTTGGTTGAAGAGGGCCCACCCTTGG,delCGGAGGCGCAGGAGGAGAGG
282,del,1,,20,0.0,6.428510061421104e-05,CGCCGAAGAAGATGTCGCAGGGAGGCGCAGGAGGAGAGGTGAAGAGGGCCCACCCTTGG,delACGAAGGAGGCGCTTTGGTC
283,del,2,,20,0.0,6.428510061421104e-05,CGCCGAAGAAGATGTCGCAGAGAGGCGCAGGAGGAGAGGTGAAGAGGGCCCACCCTTGG,delCGAAGGAGGCGCTTTGGTCG
284,del,3,,20,0.0,6.428510061421104e-05,CGCCGAAGAAGATGTCGCAGACAGGCGCAGGAGGAGAGGTGAAGAGGGCCCACCCTTGG,delGAAGGAGGCGCTTTGGTCGG
285,del,4,,20,0.0,6.428510061421104e-05,CGCCGAAGAAGATGTCGCAGACGGGCGCAGGAGGAGAGGTGAAGAGGGCCCACCCTTGG,delAAGGAGGCGCTTTGGTCGGA
286,del,5,,20,0.0,6.428510061421104e-05,CGCCGAAGAAGATGTCGCAGACGAGCGCAGGAGGAGAGGTGAAGAGGGCCCACCCTTGG,delAGGAGGCGCTTTGGTCGGAG
287,del,6,,20,0.0,6.428510061421104e-05,CGCCGAAGAAGATGTCGCAGACGAACGCAGGAGGAGAGGTGAAGAGGGCCCACCCTTGG,delGGAGGCGCTTTGGTCGGAGG
288,del,9,,20,0.0,6.428510061421104e-05,CGCCGAAGAAGATGTCGCAGACGAAGGAAGGAGGAGAGGTGAAGAGGGCCCACCCTTGG,delGGCGCTTTGGTCGGAGGCGC
289,del,12,,20,0.0,6.428510061421104e-05,CGCCGAAGAAGATGTCGCAGACGAAGGAGGCAGGAGAGGTGAAGAGGGCCCACCCTTGG,delGCTTTGGTCGGAGGCGCAGG
290,del,13,,20,0.0,6.428510061421104e-05,CGCCGAAGAAGATGTCGCAGACGAAGGAGGCGGGAGAGGTGAAGAGGGCCCACCCTTGG,delCTTTGGTCGGAGGCGCAGGA
291,del,14,,20,0.0,6.428510061421104e-05,CGCCGAAGAAGATGTCGCAGACGAAGGAGGCGCGAGAGGTGAAGAGGGCCCACCCTTGG,delTTTGGTCGGAGGCGCAGGAG
292,del,15,,20,0.0,6.428510061421104e-05,CGCCGAAGAAGATGTCGCAGACGAAGGAGGCGCTAGAGGTGAAGAGGGCCCACCCTTGG,delTTGGTCGGAGGCGCAGGAGG
293,del,16,,20,0.0,6.428510061421104e-05,CGCCGAAGAAGATGTCGCAGACGAAGGAGGCGCTTGAGGTGAAGAGGGCCCACCCTTGG,delTGGTCGGAGGCGCAGGAGGA
294,del,17,,20,0.0,6.428510061421104e-05,CGCCGAAGAAGATGTCGCAGACGAAGGAGGCGCTTTAGGTGAAGAGGGCCCACCCTTGG,delGGTCGGAGGCGCAGGAGGAG
295,del,0,,21,0.0,0.000976132690084242,CGCCGAAGAAGATGTCGCCGGAGGCGCAGGAGGAGAGGTGAAGAGGGCCCACCCTTGG,delAGACGAAGGAGGCGCTTTGGT
296,del,3,,21,0.0,0.00019522653801684842,CGCCGAAGAAGATGTCGCAGAAGGCGCAGGAGGAGAGGTGAAGAGGGCCCACCCTTGG,delCGAAGGAGGCGCTTTGGTCGG
297,del,6,,21,0.0,0.00019522653801684842,CGCCGAAGAAGATGTCGCAGACGACGCAGGAGGAGAGGTGAAGAGGGCCCACCCTTGG,delAGGAGGCGCTTTGGTCGGAGG
298,del,15,,21,0.0,0.00019522653801684842,CGCCGAAGAAGATGTCGCAGACGAAGGAGGCGCAGAGGTGAAGAGGGCCCACCCTTGG,delTTTGGTCGGAGGCGCAGGAGG
299,del,16,,21,0.0,0.00019522653801684842,CGCCGAAGAAGATGTCGCAGACGAAGGAGGCGCTGAGGTGAAGAGGGCCCACCCTTGG,delTTGGTCGGAGGCGCAGGAGGA
300,del,17,,21,0.0,0.00019522653801684842,CGCCGAAGAAGATGTCGCAGACGAAGGAGGCGCTTAGGTGAAGAGGGCCCACCCTTGG,delTGGTCGGAGGCGCAGGAGGAG
301,del,22,,22,0.0,0.0007601402343148447,CGCCGAAGAAGATGTCGCAGACGAAGGAGGCGCTTTGGTAAGAGGGCCCACCCTTGG,delCGGAGGCGCAGGAGGAGAGGTG
302,del,7,,22,0.0,8.446002603498275e-05,CGCCGAAGAAGATGTCGCAGACGAGCAGGAGGAGAGGTGAAGAGGGCCCACCCTTGG,delAGGAGGCGCTTTGGTCGGAGGC
303,del,8,,22,0.0,8.446002603498275e-05,CGCCGAAGAAGATGTCGCAGACGAACAGGAGGAGAGGTGAAGAGGGCCCACCCTTGG,delGGAGGCGCTTTGGTCGGAGGCG
304,del,9,,22,0.0,8.446002603498275e-05,CGCCGAAGAAGATGTCGCAGACGAAGAGGAGGAGAGGTGAAGAGGGCCCACCCTTGG,delGAGGCGCTTTGGTCGGAGGCGC
305,del,10,,22,0.0,8.446002603498275e-05,CGCCGAAGAAGATGTCGCAGACGAAGGGGAGGAGAGGTGAAGAGGGCCCACCCTTGG,delAGGCGCTTTGGTCGGAGGCGCA
306,del,13,,22,0.0,8.446002603498275e-05,CGCCGAAGAAGATGTCGCAGACGAAGGAGGGGAGAGGTGAAGAGGGCCCACCCTTGG,delCGCTTTGGTCGGAGGCGCAGGA
307,del,16,,22,0.0,8.446002603498275e-05,CGCCGAAGAAGATGTCGCAGACGAAGGAGGCGCGAGGTGAAGAGGGCCCACCCTTGG,delTTTGGTCGGAGGCGCAGGAGGA
308,del,17,,22,0.0,8.446002603498275e-05,CGCCGAAGAAGATGTCGCAGACGAAGGAGGCGCTAGGTGAAGAGGGCCCACCCTTGG,delTTGGTCGGAGGCGCAGGAGGAG
309,del,18,,22,0.0,8.446002603498275e-05,CGCCGAAGAAGATGTCGCAGACGAAGGAGGCGCTTGGTGAAGAGGGCCCACCCTTGG,delTGGTCGGAGGCGCAGGAGGAGA
310,del,21,,22,0.0,8.446002603498275e-05,CGCCGAAGAAGATGTCGCAGACGAAGGAGGCGCTTTGGGAAGAGGGCCCACCCTTGG,delTCGGAGGCGCAGGAGGAGAGGT
311,del,0,,23,0.0,0.00039464002349743244,CGCCGAAGAAGATGTCCGGAGGCGCAGGAGGAGAGGTGAAGAGGGCCCACCCTTGG,delGCAGACGAAGGAGGCGCTTTGGT
312,del,23,,23,0.0,0.00039464002349743244,CGCCGAAGAAGATGTCGCAGACGAAGGAGGCGCTTTGGTAGAGGGCCCACCCTTGG,delCGGAGGCGCAGGAGGAGAGGTGA
313,del,1,,23,0.0,2.4665001468589527e-05,CGCCGAAGAAGATGTCGGGAGGCGCAGGAGGAGAGGTGAAGAGGGCCCACCCTTGG,delCAGACGAAGGAGGCGCTTTGGTC
314,del,2,,23,0.0,2.4665001468589527e-05,CGCCGAAGAAGATGTCGCGAGGCGCAGGAGGAGAGGTGAAGAGGGCCCACCCTTGG,delAGACGAAGGAGGCGCTTTGGTCG
315,del,3,,23,0.0,2.4665001468589527e-05,CGCCGAAGAAGATGTCGCAAGGCGCAGGAGGAGAGGTGAAGAGGGCCCACCCTTGG,delGACGAAGGAGGCGCTTTGGTCGG
316,del,4,,23,0.0,2.4665001468589527e-05,CGCCGAAGAAGATGTCGCAGGGCGCAGGAGGAGAGGTGAAGAGGGCCCACCCTTGG,delACGAAGGAGGCGCTTTGGTCGGA
317,del,5,,23,0.0,2.4665001468589527e-05,CGCCGAAGAAGATGTCGCAGAGCGCAGGAGGAGAGGTGAAGAGGGCCCACCCTTGG,delCGAAGGAGGCGCTTTGGTCGGAG
318,del,6,,23,0.0,2.4665001468589527e-05,CGCCGAAGAAGATGTCGCAGACCGCAGGAGGAGAGGTGAAGAGGGCCCACCCTTGG,delGAAGGAGGCGCTTTGGTCGGAGG
319,del,7,,23,0.0,2.4665001468589527e-05,CGCCGAAGAAGATGTCGCAGACGGCAGGAGGAGAGGTGAAGAGGGCCCACCCTTGG,delAAGGAGGCGCTTTGGTCGGAGGC
320,del,8,,23,0.0,2.4665001468589527e-05,CGCCGAAGAAGATGTCGCAGACGACAGGAGGAGAGGTGAAGAGGGCCCACCCTTGG,delAGGAGGCGCTTTGGTCGGAGGCG
321,del,9,,23,0.0,2.4665001468589527e-05,CGCCGAAGAAGATGTCGCAGACGAAAGGAGGAGAGGTGAAGAGGGCCCACCCTTGG,delGGAGGCGCTTTGGTCGGAGGCGC
322,del,12,,23,0.0,2.4665001468589527e-05,CGCCGAAGAAGATGTCGCAGACGAAGGAAGGAGAGGTGAAGAGGGCCCACCCTTGG,delGGCGCTTTGGTCGGAGGCGCAGG
323,del,15,,23,0.0,2.4665001468589527e-05,CGCCGAAGAAGATGTCGCAGACGAAGGAGGCAGAGGTGAAGAGGGCCCACCCTTGG,delGCTTTGGTCGGAGGCGCAGGAGG
324,del,16,,23,0.0,2.4665001468589527e-05,CGCCGAAGAAGATGTCGCAGACGAAGGAGGCGGAGGTGAAGAGGGCCCACCCTTGG,delCTTTGGTCGGAGGCGCAGGAGGA
325,del,17,,23,0.0,2.4665001468589527e-05,CGCCGAAGAAGATGTCGCAGACGAAGGAGGCGCAGGTGAAGAGGGCCCACCCTTGG,delTTTGGTCGGAGGCGCAGGAGGAG
326,del,18,,23,0.0,2.4665001468589527e-05,CGCCGAAGAAGATGTCGCAGACGAAGGAGGCGCTGGTGAAGAGGGCCCACCCTTGG,delTTGGTCGGAGGCGCAGGAGGAGA
327,del,19,,23,0.0,2.4665001468589527e-05,CGCCGAAGAAGATGTCGCAGACGAAGGAGGCGCTTGTGAAGAGGGCCCACCCTTGG,delTGGTCGGAGGCGCAGGAGGAGAG
328,del,20,,23,0.0,2.4665001468589527e-05,CGCCGAAGAAGATGTCGCAGACGAAGGAGGCGCTTTTGAAGAGGGCCCACCCTTGG,delGGTCGGAGGCGCAGGAGGAGAGG
329,del,24,,24,0.0,0.0004609992421654661,CGCCGAAGAAGATGTCGCAGACGAAGGAGGCGCTTTGGTGAGGGCCCACCCTTGG,delCGGAGGCGCAGGAGGAGAGGTGAA
330,del,18,,24,0.0,0.00015366641405515537,CGCCGAAGAAGATGTCGCAGACGAAGGAGGCGCGGTGAAGAGGGCCCACCCTTGG,delTTTGGTCGGAGGCGCAGGAGGAGA
331,del,19,,24,0.0,0.00015366641405515537,CGCCGAAGAAGATGTCGCAGACGAAGGAGGCGCTGTGAAGAGGGCCCACCCTTGG,delTTGGTCGGAGGCGCAGGAGGAGAG
332,del,23,,24,0.0,0.00015366641405515537,CGCCGAAGAAGATGTCGCAGACGAAGGAGGCGCTTTGGAGAGGGCCCACCCTTGG,delTCGGAGGCGCAGGAGGAGAGGTGA
333,del,0,,25,0.0,0.00023934418441160987,CGCCGAAGAAGATGCGGAGGCGCAGGAGGAGAGGTGAAGAGGGCCCACCCTTGG,delTCGCAGACGAAGGAGGCGCTTTGGT
334,del,25,,25,0.0,0.00023934418441160987,CGCCGAAGAAGATGTCGCAGACGAAGGAGGCGCTTTGGTAGGGCCCACCCTTGG,delCGGAGGCGCAGGAGGAGAGGTGAAG
335,del,1,,25,0.0,1.994534870096749e-05,CGCCGAAGAAGATGTGGAGGCGCAGGAGGAGAGGTGAAGAGGGCCCACCCTTGG,delCGCAGACGAAGGAGGCGCTTTGGTC
336,del,4,,25,0.0,1.994534870096749e-05,CGCCGAAGAAGATGTCGCGGCGCAGGAGGAGAGGTGAAGAGGGCCCACCCTTGG,delAGACGAAGGAGGCGCTTTGGTCGGA
337,del,7,,25,0.0,1.994534870096749e-05,CGCCGAAGAAGATGTCGCAGAGCAGGAGGAGAGGTGAAGAGGGCCCACCCTTGG,delCGAAGGAGGCGCTTTGGTCGGAGGC
338,del,8,,25,0.0,1.994534870096749e-05,CGCCGAAGAAGATGTCGCAGACCAGGAGGAGAGGTGAAGAGGGCCCACCCTTGG,delGAAGGAGGCGCTTTGGTCGGAGGCG
339,del,13,,25,0.0,1.994534870096749e-05,CGCCGAAGAAGATGTCGCAGACGAAGGGGAGAGGTGAAGAGGGCCCACCCTTGG,delAGGCGCTTTGGTCGGAGGCGCAGGA
340,del,16,,25,0.0,1.994534870096749e-05,CGCCGAAGAAGATGTCGCAGACGAAGGAGGGAGGTGAAGAGGGCCCACCCTTGG,delCGCTTTGGTCGGAGGCGCAGGAGGA
341,del,17,,25,0.0,1.994534870096749e-05,CGCCGAAGAAGATGTCGCAGACGAAGGAGGCAGGTGAAGAGGGCCCACCCTTGG,delGCTTTGGTCGGAGGCGCAGGAGGAG
342,del,18,,25,0.0,1.994534870096749e-05,CGCCGAAGAAGATGTCGCAGACGAAGGAGGCGGGTGAAGAGGGCCCACCCTTGG,delCTTTGGTCGGAGGCGCAGGAGGAGA
343,del,19,,25,0.0,1.994534870096749e-05,CGCCGAAGAAGATGTCGCAGACGAAGGAGGCGCGTGAAGAGGGCCCACCCTTGG,delTTTGGTCGGAGGCGCAGGAGGAGAG
344,del,22,,25,0.0,1.994534870096749e-05,CGCCGAAGAAGATGTCGCAGACGAAGGAGGCGCTTTAAGAGGGCCCACCCTTGG,delGGTCGGAGGCGCAGGAGGAGAGGTG
345,del,23,,25,0.0,1.994534870096749e-05,CGCCGAAGAAGATGTCGCAGACGAAGGAGGCGCTTTGAGAGGGCCCACCCTTGG,delGTCGGAGGCGCAGGAGGAGAGGTGA
346,del,24,,25,0.0,1.994534870096749e-05,CGCCGAAGAAGATGTCGCAGACGAAGGAGGCGCTTTGGGAGGGCCCACCCTTGG,delTCGGAGGCGCAGGAGGAGAGGTGAA
347,del,0,,26,0.0,0.0001863978452745168,CGCCGAAGAAGATCGGAGGCGCAGGAGGAGAGGTGAAGAGGGCCCACCCTTGG,delGTCGCAGACGAAGGAGGCGCTTTGGT
348,del,26,,26,0.0,0.0001863978452745168,CGCCGAAGAAGATGTCGCAGACGAAGGAGGCGCTTTGGTGGGCCCACCCTTGG,delCGGAGGCGCAGGAGGAGAGGTGAAGA
349,del,1,,26,0.0,1.4338295790347445e-05,CGCCGAAGAAGATGGGAGGCGCAGGAGGAGAGGTGAAGAGGGCCCACCCTTGG,delTCGCAGACGAAGGAGGCGCTTTGGTC
350,del,2,,26,0.0,1.4338295790347445e-05,CGCCGAAGAAGATGTGAGGCGCAGGAGGAGAGGTGAAGAGGGCCCACCCTTGG,delCGCAGACGAAGGAGGCGCTTTGGTCG
351,del,3,,26,0.0,1.4338295790347445e-05,CGCCGAAGAAGATGTCAGGCGCAGGAGGAGAGGTGAAGAGGGCCCACCCTTGG,delGCAGACGAAGGAGGCGCTTTGGTCGG
352,del,4,,26,0.0,1.4338295790347445e-05,CGCCGAAGAAGATGTCGGGCGCAGGAGGAGAGGTGAAGAGGGCCCACCCTTGG,delCAGACGAAGGAGGCGCTTTGGTCGGA
353,del,5,,26,0.0,1.4338295790347445e-05,CGCCGAAGAAGATGTCGCGCGCAGGAGGAGAGGTGAAGAGGGCCCACCCTTGG,delAGACGAAGGAGGCGCTTTGGTCGGAG
354,del,6,,26,0.0,1.4338295790347445e-05,CGCCGAAGAAGATGTCGCACGCAGGAGGAGAGGTGAAGAGGGCCCACCCTTGG,delGACGAAGGAGGCGCTTTGGTCGGAGG
355,del,7,,26,0.0,1.4338295790347445e-05,CGCCGAAGAAGATGTCGCAGGCAGGAGGAGAGGTGAAGAGGGCCCACCCTTGG,delACGAAGGAGGCGCTTTGGTCGGAGGC
356,del,10,,26,0.0,1.4338295790347445e-05,CGCCGAAGAAGATGTCGCAGACGGGAGGAGAGGTGAAGAGGGCCCACCCTTGG,delAAGGAGGCGCTTTGGTCGGAGGCGCA
357,del,11,,26,0.0,1.4338295790347445e-05,CGCCGAAGAAGATGTCGCAGACGAGAGGAGAGGTGAAGAGGGCCCACCCTTGG,delAGGAGGCGCTTTGGTCGGAGGCGCAG
358,del,12,,26,0.0,1.4338295790347445e-05,CGCCGAAGAAGATGTCGCAGACGAAAGGAGAGGTGAAGAGGGCCCACCCTTGG,delGGAGGCGCTTTGGTCGGAGGCGCAGG
359,del,15,,26,0.0,1.4338295790347445e-05,CGCCGAAGAAGATGTCGCAGACGAAGGAAGAGGTGAAGAGGGCCCACCCTTGG,delGGCGCTTTGGTCGGAGGCGCAGGAGG
360,del,22,,26,0.0,1.4338295790347445e-05,CGCCGAAGAAGATGTCGCAGACGAAGGAGGCGCTTAAGAGGGCCCACCCTTGG,delTGGTCGGAGGCGCAGGAGGAGAGGTG
361,del,23,,26,0.0,1.4338295790347445e-05,CGCCGAAGAAGATGTCGCAGACGAAGGAGGCGCTTTAGAGGGCCCACCCTTGG,delGGTCGGAGGCGCAGGAGGAGAGGTGA
362,del,0,,27,0.0,0.00014516490421256358,CGCCGAAGAAGACGGAGGCGCAGGAGGAGAGGTGAAGAGGGCCCACCCTTGG,delTGTCGCAGACGAAGGAGGCGCTTTGGT
363,del,27,,27,0.0,0.00014516490421256358,CGCCGAAGAAGATGTCGCAGACGAAGGAGGCGCTTTGGTGGCCCACCCTTGG,delCGGAGGCGCAGGAGGAGAGGTGAAGAG
364,del,3,,27,0.0,1.8145613026570448e-05,CGCCGAAGAAGATGTAGGCGCAGGAGGAGAGGTGAAGAGGGCCCACCCTTGG,delCGCAGACGAAGGAGGCGCTTTGGTCGG
365,del,6,,27,0.0,1.8145613026570448e-05,CGCCGAAGAAGATGTCGCCGCAGGAGGAGAGGTGAAGAGGGCCCACCCTTGG,delAGACGAAGGAGGCGCTTTGGTCGGAGG
366,del,9,,27,0.0,1.8145613026570448e-05,CGCCGAAGAAGATGTCGCAGAAGGAGGAGAGGTGAAGAGGGCCCACCCTTGG,delCGAAGGAGGCGCTTTGGTCGGAGGCGC
367,del,18,,27,0.0,1.8145613026570448e-05,CGCCGAAGAAGATGTCGCAGACGAAGGAGGGGTGAAGAGGGCCCACCCTTGG,delCGCTTTGGTCGGAGGCGCAGGAGGAGA
368,del,21,,27,0.0,1.8145613026570448e-05,CGCCGAAGAAGATGTCGCAGACGAAGGAGGCGCGAAGAGGGCCCACCCTTGG,delTTTGGTCGGAGGCGCAGGAGGAGAGGT
369,del,22,,27,0.0,1.8145613026570448e-05,CGCCGAAGAAGATGTCGCAGACGAAGGAGGCGCTAAGAGGGCCCACCCTTGG,delTTGGTCGGAGGCGCAGGAGGAGAGGTG
370,del,23,,27,0.0,1.8145613026570448e-05,CGCCGAAGAAGATGTCGCAGACGAAGGAGGCGCTTAGAGGGCCCACCCTTGG,delTGGTCGGAGGCGCAGGAGGAGAGGTGA
371,del,26,,27,0.0,1.8145613026570448e-05,CGCCGAAGAAGATGTCGCAGACGAAGGAGGCGCTTTGGGGGCCCACCCTTGG,delTCGGAGGCGCAGGAGGAGAGGTGAAGA
372,del,0,,28,0.0,0.00011305355246051935,CGCCGAAGAAGCGGAGGCGCAGGAGGAGAGGTGAAGAGGGCCCACCCTTGG,delATGTCGCAGACGAAGGAGGCGCTTTGGT
373,del,28,,28,0.0,0.00011305355246051935,CGCCGAAGAAGATGTCGCAGACGAAGGAGGCGCTTTGGTGCCCACCCTTGG,delCGGAGGCGCAGGAGGAGAGGTGAAGAGG
374,del,1,,28,0.0,1.0277595678229031e-05,CGCCGAAGAAGAGGAGGCGCAGGAGGAGAGGTGAAGAGGGCCCACCCTTGG,delTGTCGCAGACGAAGGAGGCGCTTTGGTC
375,del,4,,28,0.0,1.0277595678229031e-05,CGCCGAAGAAGATGTGGCGCAGGAGGAGAGGTGAAGAGGGCCCACCCTTGG,delCGCAGACGAAGGAGGCGCTTTGGTCGGA
376,del,8,,28,0.0,1.0277595678229031e-05,CGCCGAAGAAGATGTCGCACAGGAGGAGAGGTGAAGAGGGCCCACCCTTGG,delGACGAAGGAGGCGCTTTGGTCGGAGGCG
377,del,16,,28,0.0,1.0277595678229031e-05,CGCCGAAGAAGATGTCGCAGACGAAGGGAGGTGAAGAGGGCCCACCCTTGG,delAGGCGCTTTGGTCGGAGGCGCAGGAGGA
378,del,17,,28,0.0,1.0277595678229031e-05,CGCCGAAGAAGATGTCGCAGACGAAGGAAGGTGAAGAGGGCCCACCCTTGG,delGGCGCTTTGGTCGGAGGCGCAGGAGGAG
379,del,20,,28,0.0,1.0277595678229031e-05,CGCCGAAGAAGATGTCGCAGACGAAGGAGGCTGAAGAGGGCCCACCCTTGG,delGCTTTGGTCGGAGGCGCAGGAGGAGAGG
380,del,21,,28,0.0,1.0277595678229031e-05,CGCCGAAGAAGATGTCGCAGACGAAGGAGGCGGAAGAGGGCCCACCCTTGG,delCTTTGGTCGGAGGCGCAGGAGGAGAGGT
381,del,22,,28,0.0,1.0277595678229031e-05,CGCCGAAGAAGATGTCGCAGACGAAGGAGGCGCAAGAGGGCCCACCCTTGG,delTTTGGTCGGAGGCGCAGGAGGAGAGGTG
382,del,23,,28,0.0,1.0277595678229031e-05,CGCCGAAGAAGATGTCGCAGACGAAGGAGGCGCTAGAGGGCCCACCCTTGG,delTTGGTCGGAGGCGCAGGAGGAGAGGTGA
383,del,24,,28,0.0,1.0277595678229031e-05,CGCCGAAGAAGATGTCGCAGACGAAGGAGGCGCTTGAGGGCCCACCCTTGG,delTGGTCGGAGGCGCAGGAGGAGAGGTGAA
384,del,25,,28,0.0,1.0277595678229031e-05,CGCCGAAGAAGATGTCGCAGACGAAGGAGGCGCTTTAGGGCCCACCCTTGG,delGGTCGGAGGCGCAGGAGGAGAGGTGAAG
385,del,0,,29,0.0,8.804567584208697e-05,CGCCGAAGAACGGAGGCGCAGGAGGAGAGGTGAAGAGGGCCCACCCTTGG,delGATGTCGCAGACGAAGGAGGCGCTTTGGT
386,del,29,,29,0.0,8.804567584208697e-05,CGCCGAAGAAGATGTCGCAGACGAAGGAGGCGCTTTGGTCCCACCCTTGG,delCGGAGGCGCAGGAGGAGAGGTGAAGAGGG
387,del,1,,29,0.0,4.891426435671498e-06,CGCCGAAGAAGGGAGGCGCAGGAGGAGAGGTGAAGAGGGCCCACCCTTGG,delATGTCGCAGACGAAGGAGGCGCTTTGGTC
388,del,2,,29,0.0,4.891426435671498e-06,CGCCGAAGAAGAGAGGCGCAGGAGGAGAGGTGAAGAGGGCCCACCCTTGG,delTGTCGCAGACGAAGGAGGCGCTTTGGTCG
389,del,3,,29,0.0,4.891426435671498e-06,CGCCGAAGAAGATAGGCGCAGGAGGAGAGGTGAAGAGGGCCCACCCTTGG,delGTCGCAGACGAAGGAGGCGCTTTGGTCGG
390,del,4,,29,0.0,4.891426435671498e-06,CGCCGAAGAAGATGGGCGCAGGAGGAGAGGTGAAGAGGGCCCACCCTTGG,delTCGCAGACGAAGGAGGCGCTTTGGTCGGA
391,del,5,,29,0.0,4.891426435671498e-06,CGCCGAAGAAGATGTGCGCAGGAGGAGAGGTGAAGAGGGCCCACCCTTGG,delCGCAGACGAAGGAGGCGCTTTGGTCGGAG
392,del,6,,29,0.0,4.891426435671498e-06,CGCCGAAGAAGATGTCCGCAGGAGGAGAGGTGAAGAGGGCCCACCCTTGG,delGCAGACGAAGGAGGCGCTTTGGTCGGAGG
393,del,7,,29,0.0,4.891426435671498e-06,CGCCGAAGAAGATGTCGGCAGGAGGAGAGGTGAAGAGGGCCCACCCTTGG,delCAGACGAAGGAGGCGCTTTGGTCGGAGGC
394,del,8,,29,0.0,4.891426435671498e-06,CGCCGAAGAAGATGTCGCCAGGAGGAGAGGTGAAGAGGGCCCACCCTTGG,delAGACGAAGGAGGCGCTTTGGTCGGAGGCG
395,del,9,,29,0.0,4.891426435671498e-06,CGCCGAAGAAGATGTCGCAAGGAGGAGAGGTGAAGAGGGCCCACCCTTGG,delGACGAAGGAGGCGCTTTGGTCGGAGGCGC
396,del,10,,29,0.0,4.891426435671498e-06,CGCCGAAGAAGATGTCGCAGGGAGGAGAGGTGAAGAGGGCCCACCCTTGG,delACGAAGGAGGCGCTTTGGTCGGAGGCGCA
397,del,11,,29,0.0,4.891426435671498e-06,CGCCGAAGAAGATGTCGCAGAGAGGAGAGGTGAAGAGGGCCCACCCTTGG,delCGAAGGAGGCGCTTTGGTCGGAGGCGCAG
398,del,12,,29,0.0,4.891426435671498e-06,CGCCGAAGAAGATGTCGCAGACAGGAGAGGTGAAGAGGGCCCACCCTTGG,delGAAGGAGGCGCTTTGGTCGGAGGCGCAGG
399,del,13,,29,0.0,4.891426435671498e-06,CGCCGAAGAAGATGTCGCAGACGGGAGAGGTGAAGAGGGCCCACCCTTGG,delAAGGAGGCGCTTTGGTCGGAGGCGCAGGA
400,del,14,,29,0.0,4.891426435671498e-06,CGCCGAAGAAGATGTCGCAGACGAGAGAGGTGAAGAGGGCCCACCCTTGG,delAGGAGGCGCTTTGGTCGGAGGCGCAGGAG
401,del,15,,29,0.0,4.891426435671498e-06,CGCCGAAGAAGATGTCGCAGACGAAAGAGGTGAAGAGGGCCCACCCTTGG,delGGAGGCGCTTTGGTCGGAGGCGCAGGAGG
402,del,23,,29,0.0,4.891426435671498e-06,CGCCGAAGAAGATGTCGCAGACGAAGGAGGCGCAGAGGGCCCACCCTTGG,delTTTGGTCGGAGGCGCAGGAGGAGAGGTGA
403,del,24,,29,0.0,4.891426435671498e-06,CGCCGAAGAAGATGTCGCAGACGAAGGAGGCGCTGAGGGCCCACCCTTGG,delTTGGTCGGAGGCGCAGGAGGAGAGGTGAA
404,del,25,,29,0.0,4.891426435671498e-06,CGCCGAAGAAGATGTCGCAGACGAAGGAGGCGCTTAGGGCCCACCCTTGG,delTGGTCGGAGGCGCAGGAGGAGAGGTGAAG
405,del,0,,30,0.0,6.856976825224708e-05,CGCCGAAGACGGAGGCGCAGGAGGAGAGGTGAAGAGGGCCCACCCTTGG,delAGATGTCGCAGACGAAGGAGGCGCTTTGGT
406,del,30,,30,0.0,6.856976825224708e-05,CGCCGAAGAAGATGTCGCAGACGAAGGAGGCGCTTTGGTCCACCCTTGG,delCGGAGGCGCAGGAGGAGAGGTGAAGAGGGC
407,del,3,,30,0.0,7.618863139138565e-06,CGCCGAAGAAGAAGGCGCAGGAGGAGAGGTGAAGAGGGCCCACCCTTGG,delTGTCGCAGACGAAGGAGGCGCTTTGGTCGG
408,del,12,,30,0.0,7.618863139138565e-06,CGCCGAAGAAGATGTCGCAGAAGGAGAGGTGAAGAGGGCCCACCCTTGG,delCGAAGGAGGCGCTTTGGTCGGAGGCGCAGG
409,del,18,,30,0.0,7.618863139138565e-06,CGCCGAAGAAGATGTCGCAGACGAAGGGGTGAAGAGGGCCCACCCTTGG,delAGGCGCTTTGGTCGGAGGCGCAGGAGGAGA
410,del,21,,30,0.0,7.618863139138565e-06,CGCCGAAGAAGATGTCGCAGACGAAGGAGGGAAGAGGGCCCACCCTTGG,delCGCTTTGGTCGGAGGCGCAGGAGGAGAGGT
411,del,22,,30,0.0,7.618863139138565e-06,CGCCGAAGAAGATGTCGCAGACGAAGGAGGCAAGAGGGCCCACCCTTGG,delGCTTTGGTCGGAGGCGCAGGAGGAGAGGTG
412,del,23,,30,0.0,7.618863139138565e-06,CGCCGAAGAAGATGTCGCAGACGAAGGAGGCGAGAGGGCCCACCCTTGG,delCTTTGGTCGGAGGCGCAGGAGGAGAGGTGA
413,del,24,,30,0.0,7.618863139138565e-06,CGCCGAAGAAGATGTCGCAGACGAAGGAGGCGCGAGGGCCCACCCTTGG,delTTTGGTCGGAGGCGCAGGAGGAGAGGTGAA
414,del,25,,30,0.0,7.618863139138565e-06,CGCCGAAGAAGATGTCGCAGACGAAGGAGGCGCTAGGGCCCACCCTTGG,delTTGGTCGGAGGCGCAGGAGGAGAGGTGAAG
415,del,26,,30,0.0,7.618863139138565e-06,CGCCGAAGAAGATGTCGCAGACGAAGGAGGCGCTTGGGCCCACCCTTGG,delTGGTCGGAGGCGCAGGAGGAGAGGTGAAGA
416,del,0,,31,0.0,5.3402045561825174e-05,CGCCGAAGCGGAGGCGCAGGAGGAGAGGTGAAGAGGGCCCACCCTTGG,delAAGATGTCGCAGACGAAGGAGGCGCTTTGGT
417,del,31,,31,0.0,5.3402045561825174e-05,CGCCGAAGAAGATGTCGCAGACGAAGGAGGCGCTTTGGTCACCCTTGG,delCGGAGGCGCAGGAGGAGAGGTGAAGAGGGCC
418,del,1,,31,0.0,4.1078496586019366e-06,CGCCGAAGAGGAGGCGCAGGAGGAGAGGTGAAGAGGGCCCACCCTTGG,delAGATGTCGCAGACGAAGGAGGCGCTTTGGTC
419,del,7,,31,0.0,4.1078496586019366e-06,CGCCGAAGAAGATGTGCAGGAGGAGAGGTGAAGAGGGCCCACCCTTGG,delCGCAGACGAAGGAGGCGCTTTGGTCGGAGGC
420,del,8,,31,0.0,4.1078496586019366e-06,CGCCGAAGAAGATGTCCAGGAGGAGAGGTGAAGAGGGCCCACCCTTGG,delGCAGACGAAGGAGGCGCTTTGGTCGGAGGCG
421,del,9,,31,0.0,4.1078496586019366e-06,CGCCGAAGAAGATGTCGAGGAGGAGAGGTGAAGAGGGCCCACCCTTGG,delCAGACGAAGGAGGCGCTTTGGTCGGAGGCGC
422,del,10,,31,0.0,4.1078496586019366e-06,CGCCGAAGAAGATGTCGCGGAGGAGAGGTGAAGAGGGCCCACCCTTGG,delAGACGAAGGAGGCGCTTTGGTCGGAGGCGCA
423,del,17,,31,0.0,4.1078496586019366e-06,CGCCGAAGAAGATGTCGCAGACGAAAGGTGAAGAGGGCCCACCCTTGG,delGGAGGCGCTTTGGTCGGAGGCGCAGGAGGAG
424,del,20,,31,0.0,4.1078496586019366e-06,CGCCGAAGAAGATGTCGCAGACGAAGGATGAAGAGGGCCCACCCTTGG,delGGCGCTTTGGTCGGAGGCGCAGGAGGAGAGG
425,del,23,,31,0.0,4.1078496586019366e-06,CGCCGAAGAAGATGTCGCAGACGAAGGAGGCAGAGGGCCCACCCTTGG,delGCTTTGGTCGGAGGCGCAGGAGGAGAGGTGA
426,del,24,,31,0.0,4.1078496586019366e-06,CGCCGAAGAAGATGTCGCAGACGAAGGAGGCGGAGGGCCCACCCTTGG,delCTTTGGTCGGAGGCGCAGGAGGAGAGGTGAA
427,del,25,,31,0.0,4.1078496586019366e-06,CGCCGAAGAAGATGTCGCAGACGAAGGAGGCGCAGGGCCCACCCTTGG,delTTTGGTCGGAGGCGCAGGAGGAGAGGTGAAG
428,del,26,,31,0.0,4.1078496586019366e-06,CGCCGAAGAAGATGTCGCAGACGAAGGAGGCGCTGGGCCCACCCTTGG,delTTGGTCGGAGGCGCAGGAGGAGAGGTGAAGA
429,del,27,,31,0.0,4.1078496586019366e-06,CGCCGAAGAAGATGTCGCAGACGAAGGAGGCGCTTGGCCCACCCTTGG,delTGGTCGGAGGCGCAGGAGGAGAGGTGAAGAG
430,del,30,,31,0.0,4.1078496586019366e-06,CGCCGAAGAAGATGTCGCAGACGAAGGAGGCGCTTTGGCCACCCTTGG,delTCGGAGGCGCAGGAGGAGAGGTGAAGAGGGC
431,del,0,,32,0.0,4.15894792795223e-05,CGCCGAACGGAGGCGCAGGAGGAGAGGTGAAGAGGGCCCACCCTTGG,delGAAGATGTCGCAGACGAAGGAGGCGCTTTGGT
432,del,32,,32,0.0,4.15894792795223e-05,CGCCGAAGAAGATGTCGCAGACGAAGGAGGCGCTTTGGTACCCTTGG,delCGGAGGCGCAGGAGGAGAGGTGAAGAGGGCCC
433,del,1,,32,0.0,1.9804513942629665e-06,CGCCGAAGGGAGGCGCAGGAGGAGAGGTGAAGAGGGCCCACCCTTGG,delAAGATGTCGCAGACGAAGGAGGCGCTTTGGTC
434,del,2,,32,0.0,1.9804513942629665e-06,CGCCGAAGAGAGGCGCAGGAGGAGAGGTGAAGAGGGCCCACCCTTGG,delAGATGTCGCAGACGAAGGAGGCGCTTTGGTCG
435,del,3,,32,0.0,1.9804513942629665e-06,CGCCGAAGAAAGGCGCAGGAGGAGAGGTGAAGAGGGCCCACCCTTGG,delGATGTCGCAGACGAAGGAGGCGCTTTGGTCGG
436,del,4,,32,0.0,1.9804513942629665e-06,CGCCGAAGAAGGGCGCAGGAGGAGAGGTGAAGAGGGCCCACCCTTGG,delATGTCGCAGACGAAGGAGGCGCTTTGGTCGGA
437,del,5,,32,0.0,1.9804513942629665e-06,CGCCGAAGAAGAGCGCAGGAGGAGAGGTGAAGAGGGCCCACCCTTGG,delTGTCGCAGACGAAGGAGGCGCTTTGGTCGGAG
438,del,6,,32,0.0,1.9804513942629665e-06,CGCCGAAGAAGATCGCAGGAGGAGAGGTGAAGAGGGCCCACCCTTGG,delGTCGCAGACGAAGGAGGCGCTTTGGTCGGAGG
439,del,7,,32,0.0,1.9804513942629665e-06,CGCCGAAGAAGATGGCAGGAGGAGAGGTGAAGAGGGCCCACCCTTGG,delTCGCAGACGAAGGAGGCGCTTTGGTCGGAGGC
440,del,10,,32,0.0,1.9804513942629665e-06,CGCCGAAGAAGATGTCGGGAGGAGAGGTGAAGAGGGCCCACCCTTGG,delCAGACGAAGGAGGCGCTTTGGTCGGAGGCGCA
441,del,11,,32,0.0,1.9804513942629665e-06,CGCCGAAGAAGATGTCGCGAGGAGAGGTGAAGAGGGCCCACCCTTGG,delAGACGAAGGAGGCGCTTTGGTCGGAGGCGCAG
442,del,12,,32,0.0,1.9804513942629665e-06,CGCCGAAGAAGATGTCGCAAGGAGAGGTGAAGAGGGCCCACCCTTGG,delGACGAAGGAGGCGCTTTGGTCGGAGGCGCAGG
443,del,13,,32,0.0,1.9804513942629665e-06,CGCCGAAGAAGATGTCGCAGGGAGAGGTGAAGAGGGCCCACCCTTGG,delACGAAGGAGGCGCTTTGGTCGGAGGCGCAGGA
444,del,14,,32,0.0,1.9804513942629665e-06,CGCCGAAGAAGATGTCGCAGAGAGAGGTGAAGAGGGCCCACCCTTGG,delCGAAGGAGGCGCTTTGGTCGGAGGCGCAGGAG
445,del,15,,32,0.0,1.9804513942629665e-06,CGCCGAAGAAGATGTCGCAGACAGAGGTGAAGAGGGCCCACCCTTGG,delGAAGGAGGCGCTTTGGTCGGAGGCGCAGGAGG
446,del,16,,32,0.0,1.9804513942629665e-06,CGCCGAAGAAGATGTCGCAGACGGAGGTGAAGAGGGCCCACCCTTGG,delAAGGAGGCGCTTTGGTCGGAGGCGCAGGAGGA
447,del,23,,32,0.0,1.9804513942629665e-06,CGCCGAAGAAGATGTCGCAGACGAAGGAGGAGAGGGCCCACCCTTGG,delCGCTTTGGTCGGAGGCGCAGGAGGAGAGGTGA
448,del,26,,32,0.0,1.9804513942629665e-06,CGCCGAAGAAGATGTCGCAGACGAAGGAGGCGCGGGCCCACCCTTGG,delTTTGGTCGGAGGCGCAGGAGGAGAGGTGAAGA
449,del,27,,32,0.0,1.9804513942629665e-06,CGCCGAAGAAGATGTCGCAGACGAAGGAGGCGCTGGCCCACCCTTGG,delTTGGTCGGAGGCGCAGGAGGAGAGGTGAAGAG
450,del,28,,32,0.0,1.9804513942629665e-06,CGCCGAAGAAGATGTCGCAGACGAAGGAGGCGCTTGCCCACCCTTGG,delTGGTCGGAGGCGCAGGAGGAGAGGTGAAGAGG
451,del,29,,32,0.0,1.9804513942629665e-06,CGCCGAAGAAGATGTCGCAGACGAAGGAGGCGCTTTCCCACCCTTGG,delGGTCGGAGGCGCAGGAGGAGAGGTGAAGAGGG
452,del,30,,32,0.0,1.9804513942629665e-06,CGCCGAAGAAGATGTCGCAGACGAAGGAGGCGCTTTGCCACCCTTGG,delGTCGGAGGCGCAGGAGGAGAGGTGAAGAGGGC
453,del,31,,32,0.0,1.9804513942629665e-06,CGCCGAAGAAGATGTCGCAGACGAAGGAGGCGCTTTGGCACCCTTGG,delTCGGAGGCGCAGGAGGAGAGGTGAAGAGGGCC
454,del,0,,33,0.0,3.2389879197560395e-05,CGCCGACGGAGGCGCAGGAGGAGAGGTGAAGAGGGCCCACCCTTGG,delAGAAGATGTCGCAGACGAAGGAGGCGCTTTGGT
455,del,33,,33,0.0,3.2389879197560395e-05,CGCCGAAGAAGATGTCGCAGACGAAGGAGGCGCTTTGGTCCCTTGG,delCGGAGGCGCAGGAGGAGAGGTGAAGAGGGCCCA
456,del,6,,33,0.0,2.1593252798373595e-06,CGCCGAAGAAGACGCAGGAGGAGAGGTGAAGAGGGCCCACCCTTGG,delTGTCGCAGACGAAGGAGGCGCTTTGGTCGGAGG
457,del,9,,33,0.0,2.1593252798373595e-06,CGCCGAAGAAGATGTAGGAGGAGAGGTGAAGAGGGCCCACCCTTGG,delCGCAGACGAAGGAGGCGCTTTGGTCGGAGGCGC
458,del,15,,33,0.0,2.1593252798373595e-06,CGCCGAAGAAGATGTCGCAGAAGAGGTGAAGAGGGCCCACCCTTGG,delCGAAGGAGGCGCTTTGGTCGGAGGCGCAGGAGG
459,del,21,,33,0.0,2.1593252798373595e-06,CGCCGAAGAAGATGTCGCAGACGAAGGGAAGAGGGCCCACCCTTGG,delAGGCGCTTTGGTCGGAGGCGCAGGAGGAGAGGT
460,del,22,,33,0.0,2.1593252798373595e-06,CGCCGAAGAAGATGTCGCAGACGAAGGAAAGAGGGCCCACCCTTGG,delGGCGCTTTGGTCGGAGGCGCAGGAGGAGAGGTG
461,del,23,,33,0.0,2.1593252798373595e-06,CGCCGAAGAAGATGTCGCAGACGAAGGAGAGAGGGCCCACCCTTGG,delGCGCTTTGGTCGGAGGCGCAGGAGGAGAGGTGA
462,del,24,,33,0.0,2.1593252798373595e-06,CGCCGAAGAAGATGTCGCAGACGAAGGAGGGAGGGCCCACCCTTGG,delCGCTTTGGTCGGAGGCGCAGGAGGAGAGGTGAA
463,del,25,,33,0.0,2.1593252798373595e-06,CGCCGAAGAAGATGTCGCAGACGAAGGAGGCAGGGCCCACCCTTGG,delGCTTTGGTCGGAGGCGCAGGAGGAGAGGTGAAG
464,del,26,,33,0.0,2.1593252798373595e-06,CGCCGAAGAAGATGTCGCAGACGAAGGAGGCGGGGCCCACCCTTGG,delCTTTGGTCGGAGGCGCAGGAGGAGAGGTGAAGA
465,del,27,,33,0.0,2.1593252798373595e-06,CGCCGAAGAAGATGTCGCAGACGAAGGAGGCGCGGCCCACCCTTGG,delTTTGGTCGGAGGCGCAGGAGGAGAGGTGAAGAG
466,del,28,,33,0.0,2.1593252798373595e-06,CGCCGAAGAAGATGTCGCAGACGAAGGAGGCGCTGCCCACCCTTGG,delTTGGTCGGAGGCGCAGGAGGAGAGGTGAAGAGG
467,del,29,,33,0.0,2.1593252798373595e-06,CGCCGAAGAAGATGTCGCAGACGAAGGAGGCGCTTCCCACCCTTGG,delTGGTCGGAGGCGCAGGAGGAGAGGTGAAGAGGG
468,del,30,,33,0.0,2.1593252798373595e-06,CGCCGAAGAAGATGTCGCAGACGAAGGAGGCGCTTTCCACCCTTGG,delGGTCGGAGGCGCAGGAGGAGAGGTGAAGAGGGC
469,del,31,,33,0.0,2.1593252798373595e-06,CGCCGAAGAAGATGTCGCAGACGAAGGAGGCGCTTTGCACCCTTGG,delGTCGGAGGCGCAGGAGGAGAGGTGAAGAGGGCC
470,del,32,,33,0.0,2.1593252798373595e-06,CGCCGAAGAAGATGTCGCAGACGAAGGAGGCGCTTTGGACCCTTGG,delTCGGAGGCGCAGGAGGAGAGGTGAAGAGGGCCC
471,del,0,,34,0.0,2.5225242289973444e-05,CGCCGCGGAGGCGCAGGAGGAGAGGTGAAGAGGGCCCACCCTTGG,delAAGAAGATGTCGCAGACGAAGGAGGCGCTTTGGT
472,del,34,,34,0.0,2.5225242289973444e-05,CGCCGAAGAAGATGTCGCAGACGAAGGAGGCGCTTTGGTCCTTGG,delCGGAGGCGCAGGAGGAGAGGTGAAGAGGGCCCAC
473,del,1,,34,0.0,1.5765776431233403e-06,CGCCGAGGAGGCGCAGGAGGAGAGGTGAAGAGGGCCCACCCTTGG,delAGAAGATGTCGCAGACGAAGGAGGCGCTTTGGTC
474,del,7,,34,0.0,1.5765776431233403e-06,CGCCGAAGAAGAGCAGGAGGAGAGGTGAAGAGGGCCCACCCTTGG,delTGTCGCAGACGAAGGAGGCGCTTTGGTCGGAGGC
475,del,8,,34,0.0,1.5765776431233403e-06,CGCCGAAGAAGATCAGGAGGAGAGGTGAAGAGGGCCCACCCTTGG,delGTCGCAGACGAAGGAGGCGCTTTGGTCGGAGGCG
476,del,9,,34,0.0,1.5765776431233403e-06,CGCCGAAGAAGATGAGGAGGAGAGGTGAAGAGGGCCCACCCTTGG,delTCGCAGACGAAGGAGGCGCTTTGGTCGGAGGCGC
477,del,10,,34,0.0,1.5765776431233403e-06,CGCCGAAGAAGATGTGGAGGAGAGGTGAAGAGGGCCCACCCTTGG,delCGCAGACGAAGGAGGCGCTTTGGTCGGAGGCGCA
478,del,13,,34,0.0,1.5765776431233403e-06,CGCCGAAGAAGATGTCGCGGAGAGGTGAAGAGGGCCCACCCTTGG,delAGACGAAGGAGGCGCTTTGGTCGGAGGCGCAGGA
479,del,17,,34,0.0,1.5765776431233403e-06,CGCCGAAGAAGATGTCGCAGACAGGTGAAGAGGGCCCACCCTTGG,delGAAGGAGGCGCTTTGGTCGGAGGCGCAGGAGGAG
480,del,18,,34,0.0,1.5765776431233403e-06,CGCCGAAGAAGATGTCGCAGACGGGTGAAGAGGGCCCACCCTTGG,delAAGGAGGCGCTTTGGTCGGAGGCGCAGGAGGAGA
481,del,19,,34,0.0,1.5765776431233403e-06,CGCCGAAGAAGATGTCGCAGACGAGTGAAGAGGGCCCACCCTTGG,delAGGAGGCGCTTTGGTCGGAGGCGCAGGAGGAGAG
482,del,20,,34,0.0,1.5765776431233403e-06,CGCCGAAGAAGATGTCGCAGACGAATGAAGAGGGCCCACCCTTGG,delGGAGGCGCTTTGGTCGGAGGCGCAGGAGGAGAGG
483,del,28,,34,0.0,1.5765776431233403e-06,CGCCGAAGAAGATGTCGCAGACGAAGGAGGCGCGCCCACCCTTGG,delTTTGGTCGGAGGCGCAGGAGGAGAGGTGAAGAGG
484,del,29,,34,0.0,1.5765776431233403e-06,CGCCGAAGAAGATGTCGCAGACGAAGGAGGCGCTCCCACCCTTGG,delTTGGTCGGAGGCGCAGGAGGAGAGGTGAAGAGGG
485,del,30,,34,0.0,1.5765776431233403e-06,CGCCGAAGAAGATGTCGCAGACGAAGGAGGCGCTTCCACCCTTGG,delTGGTCGGAGGCGCAGGAGGAGAGGTGAAGAGGGC
486,del,31,,34,0.0,1.5765776431233403e-06,CGCCGAAGAAGATGTCGCAGACGAAGGAGGCGCTTTCACCCTTGG,delGGTCGGAGGCGCAGGAGGAGAGGTGAAGAGGGCC
487,del,32,,34,0.0,1.5765776431233403e-06,CGCCGAAGAAGATGTCGCAGACGAAGGAGGCGCTTTGACCCTTGG,delGTCGGAGGCGCAGGAGGAGAGGTGAAGAGGGCCC
488,del,33,,34,0.0,1.5765776431233403e-06,CGCCGAAGAAGATGTCGCAGACGAAGGAGGCGCTTTGGCCCTTGG,delTCGGAGGCGCAGGAGGAGAGGTGAAGAGGGCCCA
489,del,0,,35,0.0,1.9645427379552872e-05,CGCCCGGAGGCGCAGGAGGAGAGGTGAAGAGGGCCCACCCTTGG,delGAAGAAGATGTCGCAGACGAAGGAGGCGCTTTGGT
490,del,35,,35,0.0,1.9645427379552872e-05,CGCCGAAGAAGATGTCGCAGACGAAGGAGGCGCTTTGGTCTTGG,delCGGAGGCGCAGGAGGAGAGGTGAAGAGGGCCCACC
491,del,1,,35,0.0,7.858170951821149e-07,CGCCGGGAGGCGCAGGAGGAGAGGTGAAGAGGGCCCACCCTTGG,delAAGAAGATGTCGCAGACGAAGGAGGCGCTTTGGTC
492,del,2,,35,0.0,7.858170951821149e-07,CGCCGAGAGGCGCAGGAGGAGAGGTGAAGAGGGCCCACCCTTGG,delAGAAGATGTCGCAGACGAAGGAGGCGCTTTGGTCG
493,del,3,,35,0.0,7.858170951821149e-07,CGCCGAAAGGCGCAGGAGGAGAGGTGAAGAGGGCCCACCCTTGG,delGAAGATGTCGCAGACGAAGGAGGCGCTTTGGTCGG
494,del,4,,35,0.0,7.858170951821149e-07,CGCCGAAGGGCGCAGGAGGAGAGGTGAAGAGGGCCCACCCTTGG,delAAGATGTCGCAGACGAAGGAGGCGCTTTGGTCGGA
495,del,5,,35,0.0,7.858170951821149e-07,CGCCGAAGAGCGCAGGAGGAGAGGTGAAGAGGGCCCACCCTTGG,delAGATGTCGCAGACGAAGGAGGCGCTTTGGTCGGAG
496,del,6,,35,0.0,7.858170951821149e-07,CGCCGAAGAACGCAGGAGGAGAGGTGAAGAGGGCCCACCCTTGG,delGATGTCGCAGACGAAGGAGGCGCTTTGGTCGGAGG
497,del,7,,35,0.0,7.858170951821149e-07,CGCCGAAGAAGGCAGGAGGAGAGGTGAAGAGGGCCCACCCTTGG,delATGTCGCAGACGAAGGAGGCGCTTTGGTCGGAGGC
498,del,8,,35,0.0,7.858170951821149e-07,CGCCGAAGAAGACAGGAGGAGAGGTGAAGAGGGCCCACCCTTGG,delTGTCGCAGACGAAGGAGGCGCTTTGGTCGGAGGCG
499,del,9,,35,0.0,7.858170951821149e-07,CGCCGAAGAAGATAGGAGGAGAGGTGAAGAGGGCCCACCCTTGG,delGTCGCAGACGAAGGAGGCGCTTTGGTCGGAGGCGC
500,del,10,,35,0.0,7.858170951821149e-07,CGCCGAAGAAGATGGGAGGAGAGGTGAAGAGGGCCCACCCTTGG,delTCGCAGACGAAGGAGGCGCTTTGGTCGGAGGCGCA
501,del,11,,35,0.0,7.858170951821149e-07,CGCCGAAGAAGATGTGAGGAGAGGTGAAGAGGGCCCACCCTTGG,delCGCAGACGAAGGAGGCGCTTTGGTCGGAGGCGCAG
502,del,12,,35,0.0,7.858170951821149e-07,CGCCGAAGAAGATGTCAGGAGAGGTGAAGAGGGCCCACCCTTGG,delGCAGACGAAGGAGGCGCTTTGGTCGGAGGCGCAGG
503,del,13,,35,0.0,7.858170951821149e-07,CGCCGAAGAAGATGTCGGGAGAGGTGAAGAGGGCCCACCCTTGG,delCAGACGAAGGAGGCGCTTTGGTCGGAGGCGCAGGA
504,del,14,,35,0.0,7.858170951821149e-07,CGCCGAAGAAGATGTCGCGAGAGGTGAAGAGGGCCCACCCTTGG,delAGACGAAGGAGGCGCTTTGGTCGGAGGCGCAGGAG
505,del,15,,35,0.0,7.858170951821149e-07,CGCCGAAGAAGATGTCGCAAGAGGTGAAGAGGGCCCACCCTTGG,delGACGAAGGAGGCGCTTTGGTCGGAGGCGCAGGAGG
506,del,16,,35,0.0,7.858170951821149e-07,CGCCGAAGAAGATGTCGCAGGAGGTGAAGAGGGCCCACCCTTGG,delACGAAGGAGGCGCTTTGGTCGGAGGCGCAGGAGGA
507,del,17,,35,0.0,7.858170951821149e-07,CGCCGAAGAAGATGTCGCAGAAGGTGAAGAGGGCCCACCCTTGG,delCGAAGGAGGCGCTTTGGTCGGAGGCGCAGGAGGAG
508,del,20,,35,0.0,7.858170951821149e-07,CGCCGAAGAAGATGTCGCAGACGATGAAGAGGGCCCACCCTTGG,delAGGAGGCGCTTTGGTCGGAGGCGCAGGAGGAGAGG
509,del,26,,35,0.0,7.858170951821149e-07,CGCCGAAGAAGATGTCGCAGACGAAGGAGGGGGCCCACCCTTGG,delCGCTTTGGTCGGAGGCGCAGGAGGAGAGGTGAAGA
510,del,29,,35,0.0,7.858170951821149e-07,CGCCGAAGAAGATGTCGCAGACGAAGGAGGCGCCCCACCCTTGG,delTTTGGTCGGAGGCGCAGGAGGAGAGGTGAAGAGGG
511,del,30,,35,0.0,7.858170951821149e-07,CGCCGAAGAAGATGTCGCAGACGAAGGAGGCGCTCCACCCTTGG,delTTGGTCGGAGGCGCAGGAGGAGAGGTGAAGAGGGC
512,del,31,,35,0.0,7.858170951821149e-07,CGCCGAAGAAGATGTCGCAGACGAAGGAGGCGCTTCACCCTTGG,delTGGTCGGAGGCGCAGGAGGAGAGGTGAAGAGGGCC
513,del,32,,35,0.0,7.858170951821149e-07,CGCCGAAGAAGATGTCGCAGACGAAGGAGGCGCTTTACCCTTGG,delGGTCGGAGGCGCAGGAGGAGAGGTGAAGAGGGCCC
514,del,33,,35,0.0,7.858170951821149e-07,CGCCGAAGAAGATGTCGCAGACGAAGGAGGCGCTTTGCCCTTGG,delGTCGGAGGCGCAGGAGGAGAGGTGAAGAGGGCCCA
515,del,34,,35,0.0,7.858170951821149e-07,CGCCGAAGAAGATGTCGCAGACGAAGGAGGCGCTTTGGCCTTGG,delTCGGAGGCGCAGGAGGAGAGGTGAAGAGGGCCCAC
516,del,36,,36,0.0,2.294980258159168e-05,CGCCGAAGAAGATGTCGCAGACGAAGGAGGCGCTTTGGTTTGG,delCGGAGGCGCAGGAGGAGAGGTGAAGAGGGCCCACCC
517,del,6,,36,0.0,1.7653694293532062e-06,CGCCGAAGACGCAGGAGGAGAGGTGAAGAGGGCCCACCCTTGG,delAGATGTCGCAGACGAAGGAGGCGCTTTGGTCGGAGG
518,del,9,,36,0.0,1.7653694293532062e-06,CGCCGAAGAAGAAGGAGGAGAGGTGAAGAGGGCCCACCCTTGG,delTGTCGCAGACGAAGGAGGCGCTTTGGTCGGAGGCGC
519,del,12,,36,0.0,1.7653694293532062e-06,CGCCGAAGAAGATGTAGGAGAGGTGAAGAGGGCCCACCCTTGG,delCGCAGACGAAGGAGGCGCTTTGGTCGGAGGCGCAGG
520,del,21,,36,0.0,1.7653694293532062e-06,CGCCGAAGAAGATGTCGCAGACGAGAAGAGGGCCCACCCTTGG,delAGGAGGCGCTTTGGTCGGAGGCGCAGGAGGAGAGGT
521,del,22,,36,0.0,1.7653694293532062e-06,CGCCGAAGAAGATGTCGCAGACGAAAAGAGGGCCCACCCTTGG,delGGAGGCGCTTTGGTCGGAGGCGCAGGAGGAGAGGTG
522,del,23,,36,0.0,1.7653694293532062e-06,CGCCGAAGAAGATGTCGCAGACGAAGAGAGGGCCCACCCTTGG,delGAGGCGCTTTGGTCGGAGGCGCAGGAGGAGAGGTGA
523,del,24,,36,0.0,1.7653694293532062e-06,CGCCGAAGAAGATGTCGCAGACGAAGGGAGGGCCCACCCTTGG,delAGGCGCTTTGGTCGGAGGCGCAGGAGGAGAGGTGAA
524,del,25,,36,0.0,1.7653694293532062e-06,CGCCGAAGAAGATGTCGCAGACGAAGGAAGGGCCCACCCTTGG,delGGCGCTTTGGTCGGAGGCGCAGGAGGAGAGGTGAAG
525,del,31,,36,0.0,1.7653694293532062e-06,CGCCGAAGAAGATGTCGCAGACGAAGGAGGCGCTCACCCTTGG,delTTGGTCGGAGGCGCAGGAGGAGAGGTGAAGAGGGCC
526,del,32,,36,0.0,1.7653694293532062e-06,CGCCGAAGAAGATGTCGCAGACGAAGGAGGCGCTTACCCTTGG,delTGGTCGGAGGCGCAGGAGGAGAGGTGAAGAGGGCCC
527,del,33,,36,0.0,1.7653694293532062e-06,CGCCGAAGAAGATGTCGCAGACGAAGGAGGCGCTTTCCCTTGG,delGGTCGGAGGCGCAGGAGGAGAGGTGAAGAGGGCCCA
528,del,34,,36,0.0,1.7653694293532062e-06,CGCCGAAGAAGATGTCGCAGACGAAGGAGGCGCTTTGCCTTGG,delGTCGGAGGCGCAGGAGGAGAGGTGAAGAGGGCCCAC
529,del,35,,36,0.0,1.7653694293532062e-06,CGCCGAAGAAGATGTCGCAGACGAAGGAGGCGCTTTGGCTTGG,delTCGGAGGCGCAGGAGGAGAGGTGAAGAGGGCCCACC
530,del,7,,37,0.0,2.55333137132391e-06,CGCCGAAGAGCAGGAGGAGAGGTGAAGAGGGCCCACCCTTGG,delAGATGTCGCAGACGAAGGAGGCGCTTTGGTCGGAGGC
531,del,8,,37,0.0,2.55333137132391e-06,CGCCGAAGAACAGGAGGAGAGGTGAAGAGGGCCCACCCTTGG,delGATGTCGCAGACGAAGGAGGCGCTTTGGTCGGAGGCG
532,del,13,,37,0.0,2.55333137132391e-06,CGCCGAAGAAGATGTGGAGAGGTGAAGAGGGCCCACCCTTGG,delCGCAGACGAAGGAGGCGCTTTGGTCGGAGGCGCAGGA
533,del,16,,37,0.0,2.55333137132391e-06,CGCCGAAGAAGATGTCGCGAGGTGAAGAGGGCCCACCCTTGG,delAGACGAAGGAGGCGCTTTGGTCGGAGGCGCAGGAGGA
534,del,17,,37,0.0,2.55333137132391e-06,CGCCGAAGAAGATGTCGCAAGGTGAAGAGGGCCCACCCTTGG,delGACGAAGGAGGCGCTTTGGTCGGAGGCGCAGGAGGAG
535,del,18,,37,0.0,2.55333137132391e-06,CGCCGAAGAAGATGTCGCAGGGTGAAGAGGGCCCACCCTTGG,delACGAAGGAGGCGCTTTGGTCGGAGGCGCAGGAGGAGA
536,del,19,,37,0.0,2.55333137132391e-06,CGCCGAAGAAGATGTCGCAGAGTGAAGAGGGCCCACCCTTGG,delCGAAGGAGGCGCTTTGGTCGGAGGCGCAGGAGGAGAG
537,del,20,,37,0.0,2.55333137132391e-06,CGCCGAAGAAGATGTCGCAGACTGAAGAGGGCCCACCCTTGG,delGAAGGAGGCGCTTTGGTCGGAGGCGCAGGAGGAGAGG
538,del,21,,37,0.0,2.55333137132391e-06,CGCCGAAGAAGATGTCGCAGACGGAAGAGGGCCCACCCTTGG,delAAGGAGGCGCTTTGGTCGGAGGCGCAGGAGGAGAGGT
539,del,29,,37,0.0,2.55333137132391e-06,CGCCGAAGAAGATGTCGCAGACGAAGGAGGCCCCACCCTTGG,delGCTTTGGTCGGAGGCGCAGGAGGAGAGGTGAAGAGGG
540,del,32,,37,0.0,2.55333137132391e-06,CGCCGAAGAAGATGTCGCAGACGAAGGAGGCGCTACCCTTGG,delTTGGTCGGAGGCGCAGGAGGAGAGGTGAAGAGGGCCC
541,del,33,,37,0.0,2.55333137132391e-06,CGCCGAAGAAGATGTCGCAGACGAAGGAGGCGCTTCCCTTGG,delTGGTCGGAGGCGCAGGAGGAGAGGTGAAGAGGGCCCA
542,del,34,,37,0.0,2.55333137132391e-06,CGCCGAAGAAGATGTCGCAGACGAAGGAGGCGCTTTCCTTGG,delGGTCGGAGGCGCAGGAGGAGAGGTGAAGAGGGCCCAC
543,del,35,,37,0.0,2.55333137132391e-06,CGCCGAAGAAGATGTCGCAGACGAAGGAGGCGCTTTGCTTGG,delGTCGGAGGCGCAGGAGGAGAGGTGAAGAGGGCCCACC
544,del,0,,38,0.0,1.3919752859312256e-05,CCGGAGGCGCAGGAGGAGAGGTGAAGAGGGCCCACCCTTGG,delGCCGAAGAAGATGTCGCAGACGAAGGAGGCGCTTTGGT
545,del,1,,38,0.0,6.32716039059648e-07,CGGGAGGCGCAGGAGGAGAGGTGAAGAGGGCCCACCCTTGG,delCCGAAGAAGATGTCGCAGACGAAGGAGGCGCTTTGGTC
546,del,2,,38,0.0,6.32716039059648e-07,CGCGAGGCGCAGGAGGAGAGGTGAAGAGGGCCCACCCTTGG,delCGAAGAAGATGTCGCAGACGAAGGAGGCGCTTTGGTCG
547,del,3,,38,0.0,6.32716039059648e-07,CGCCAGGCGCAGGAGGAGAGGTGAAGAGGGCCCACCCTTGG,delGAAGAAGATGTCGCAGACGAAGGAGGCGCTTTGGTCGG
548,del,4,,38,0.0,6.32716039059648e-07,CGCCGGGCGCAGGAGGAGAGGTGAAGAGGGCCCACCCTTGG,delAAGAAGATGTCGCAGACGAAGGAGGCGCTTTGGTCGGA
549,del,5,,38,0.0,6.32716039059648e-07,CGCCGAGCGCAGGAGGAGAGGTGAAGAGGGCCCACCCTTGG,delAGAAGATGTCGCAGACGAAGGAGGCGCTTTGGTCGGAG
550,del,6,,38,0.0,6.32716039059648e-07,CGCCGAACGCAGGAGGAGAGGTGAAGAGGGCCCACCCTTGG,delGAAGATGTCGCAGACGAAGGAGGCGCTTTGGTCGGAGG
551,del,7,,38,0.0,6.32716039059648e-07,CGCCGAAGGCAGGAGGAGAGGTGAAGAGGGCCCACCCTTGG,delAAGATGTCGCAGACGAAGGAGGCGCTTTGGTCGGAGGC
552,del,8,,38,0.0,6.32716039059648e-07,CGCCGAAGACAGGAGGAGAGGTGAAGAGGGCCCACCCTTGG,delAGATGTCGCAGACGAAGGAGGCGCTTTGGTCGGAGGCG
553,del,9,,38,0.0,6.32716039059648e-07,CGCCGAAGAAAGGAGGAGAGGTGAAGAGGGCCCACCCTTGG,delGATGTCGCAGACGAAGGAGGCGCTTTGGTCGGAGGCGC
554,del,10,,38,0.0,6.32716039059648e-07,CGCCGAAGAAGGGAGGAGAGGTGAAGAGGGCCCACCCTTGG,delATGTCGCAGACGAAGGAGGCGCTTTGGTCGGAGGCGCA
555,del,11,,38,0.0,6.32716039059648e-07,CGCCGAAGAAGAGAGGAGAGGTGAAGAGGGCCCACCCTTGG,delTGTCGCAGACGAAGGAGGCGCTTTGGTCGGAGGCGCAG
556,del,12,,38,0.0,6.32716039059648e-07,CGCCGAAGAAGATAGGAGAGGTGAAGAGGGCCCACCCTTGG,delGTCGCAGACGAAGGAGGCGCTTTGGTCGGAGGCGCAGG
557,del,13,,38,0.0,6.32716039059648e-07,CGCCGAAGAAGATGGGAGAGGTGAAGAGGGCCCACCCTTGG,delTCGCAGACGAAGGAGGCGCTTTGGTCGGAGGCGCAGGA
558,del,14,,38,0.0,6.32716039059648e-07,CGCCGAAGAAGATGTGAGAGGTGAAGAGGGCCCACCCTTGG,delCGCAGACGAAGGAGGCGCTTTGGTCGGAGGCGCAGGAG
559,del,15,,38,0.0,6.32716039059648e-07,CGCCGAAGAAGATGTCAGAGGTGAAGAGGGCCCACCCTTGG,delGCAGACGAAGGAGGCGCTTTGGTCGGAGGCGCAGGAGG
560,del,16,,38,0.0,6.32716039059648e-07,CGCCGAAGAAGATGTCGGAGGTGAAGAGGGCCCACCCTTGG,delCAGACGAAGGAGGCGCTTTGGTCGGAGGCGCAGGAGGA
561,del,20,,38,0.0,6.32716039059648e-07,CGCCGAAGAAGATGTCGCAGATGAAGAGGGCCCACCCTTGG,delCGAAGGAGGCGCTTTGGTCGGAGGCGCAGGAGGAGAGG
562,del,26,,38,0.0,6.32716039059648e-07,CGCCGAAGAAGATGTCGCAGACGAAGGGGGCCCACCCTTGG,delAGGCGCTTTGGTCGGAGGCGCAGGAGGAGAGGTGAAGA
563,del,33,,38,0.0,6.32716039059648e-07,CGCCGAAGAAGATGTCGCAGACGAAGGAGGCGCTCCCTTGG,delTTGGTCGGAGGCGCAGGAGGAGAGGTGAAGAGGGCCCA
564,del,34,,38,0.0,6.32716039059648e-07,CGCCGAAGAAGATGTCGCAGACGAAGGAGGCGCTTCCTTGG,delTGGTCGGAGGCGCAGGAGGAGAGGTGAAGAGGGCCCAC
565,del,35,,38,0.0,6.32716039059648e-07,CGCCGAAGAAGATGTCGCAGACGAAGGAGGCGCTTTCTTGG,delGGTCGGAGGCGCAGGAGGAGAGGTGAAGAGGGCCCACC
566,del,36,,38,0.0,6.32716039059648e-07,CGCCGAAGAAGATGTCGCAGACGAAGGAGGCGCTTTGTTGG,delGTCGGAGGCGCAGGAGGAGAGGTGAAGAGGGCCCACCC
567,del,39,,39,0.0,1.0840713137818681e-05,CGCCGAAGAAGATGTCGCAGACGAAGGAGGCGCTTTGGTG,delCGGAGGCGCAGGAGGAGAGGTGAAGAGGGCCCACCCTTG
568,del,3,,39,0.0,7.227142091879121e-07,CGCAGGCGCAGGAGGAGAGGTGAAGAGGGCCCACCCTTGG,delCGAAGAAGATGTCGCAGACGAAGGAGGCGCTTTGGTCGG
569,del,6,,39,0.0,7.227142091879121e-07,CGCCGACGCAGGAGGAGAGGTGAAGAGGGCCCACCCTTGG,delAGAAGATGTCGCAGACGAAGGAGGCGCTTTGGTCGGAGG
570,del,12,,39,0.0,7.227142091879121e-07,CGCCGAAGAAGAAGGAGAGGTGAAGAGGGCCCACCCTTGG,delTGTCGCAGACGAAGGAGGCGCTTTGGTCGGAGGCGCAGG
571,del,15,,39,0.0,7.227142091879121e-07,CGCCGAAGAAGATGTAGAGGTGAAGAGGGCCCACCCTTGG,delCGCAGACGAAGGAGGCGCTTTGGTCGGAGGCGCAGGAGG
572,del,18,,39,0.0,7.227142091879121e-07,CGCCGAAGAAGATGTCGCGGTGAAGAGGGCCCACCCTTGG,delAGACGAAGGAGGCGCTTTGGTCGGAGGCGCAGGAGGAGA
573,del,21,,39,0.0,7.227142091879121e-07,CGCCGAAGAAGATGTCGCAGAGAAGAGGGCCCACCCTTGG,delCGAAGGAGGCGCTTTGGTCGGAGGCGCAGGAGGAGAGGT
574,del,22,,39,0.0,7.227142091879121e-07,CGCCGAAGAAGATGTCGCAGACAAGAGGGCCCACCCTTGG,delGAAGGAGGCGCTTTGGTCGGAGGCGCAGGAGGAGAGGTG
575,del,25,,39,0.0,7.227142091879121e-07,CGCCGAAGAAGATGTCGCAGACGAAAGGGCCCACCCTTGG,delGGAGGCGCTTTGGTCGGAGGCGCAGGAGGAGAGGTGAAG
576,del,32,,39,0.0,7.227142091879121e-07,CGCCGAAGAAGATGTCGCAGACGAAGGAGGCGACCCTTGG,delCTTTGGTCGGAGGCGCAGGAGGAGAGGTGAAGAGGGCCC
577,del,33,,39,0.0,7.227142091879121e-07,CGCCGAAGAAGATGTCGCAGACGAAGGAGGCGCCCCTTGG,delTTTGGTCGGAGGCGCAGGAGGAGAGGTGAAGAGGGCCCA
578,del,34,,39,0.0,7.227142091879121e-07,CGCCGAAGAAGATGTCGCAGACGAAGGAGGCGCTCCTTGG,delTTGGTCGGAGGCGCAGGAGGAGAGGTGAAGAGGGCCCAC
579,del,35,,39,0.0,7.227142091879121e-07,CGCCGAAGAAGATGTCGCAGACGAAGGAGGCGCTTCTTGG,delTGGTCGGAGGCGCAGGAGGAGAGGTGAAGAGGGCCCACC
580,del,36,,39,0.0,7.227142091879121e-07,CGCCGAAGAAGATGTCGCAGACGAAGGAGGCGCTTTTTGG,delGGTCGGAGGCGCAGGAGGAGAGGTGAAGAGGGCCCACCC
581,del,37,,39,0.0,7.227142091879121e-07,CGCCGAAGAAGATGTCGCAGACGAAGGAGGCGCTTTGTGG,delGTCGGAGGCGCAGGAGGAGAGGTGAAGAGGGCCCACCCT
582,del,38,,39,0.0,7.227142091879121e-07,CGCCGAAGAAGATGTCGCAGACGAAGGAGGCGCTTTGGGG,delTCGGAGGCGCAGGAGGAGAGGTGAAGAGGGCCCACCCTT
583,del,40,,40,0.0,1.688551039915215e-05,CGCCGAAGAAGATGTCGCAGACGAAGGAGGCGCTTTGGT,delCGGAGGCGCAGGAGGAGAGGTGAAGAGGGCCCACCCTTGG
584,del,40,,41,0.0,1.3150448001238315e-05,CGCCGAAGAAGATGTCGCAGACGAAGGAGGCGCTTTGG,delTCGGAGGCGCAGGAGGAGAGGTGAAGAGGGCCCACCCTTGG
585,del,40,,42,0.0,1.024157882027575e-05,CGCCGAAGAAGATGTCGCAGACGAAGGAGGCGCTTTG,delGTCGGAGGCGCAGGAGGAGAGGTGAAGAGGGCCCACCCTTGG
586,del,40,,43,0.0,7.976149403668513e-06,CGCCGAAGAAGATGTCGCAGACGAAGGAGGCGCTTT,delGGTCGGAGGCGCAGGAGGAGAGGTGAAGAGGGCCCACCCTTGG
587,del,40,,44,0.0,6.211831294873644e-06,CGCCGAAGAAGATGTCGCAGACGAAGGAGGCGCTT,delTGGTCGGAGGCGCAGGAGGAGAGGTGAAGAGGGCCCACCCTTGG
588,del,40,,45,0.0,4.83777902033025e-06,CGCCGAAGAAGATGTCGCAGACGAAGGAGGCGCT,delTTGGTCGGAGGCGCAGGAGGAGAGGTGAAGAGGGCCCACCCTTGG
589,del,40,,46,0.0,3.7676660594833807e-06,CGCCGAAGAAGATGTCGCAGACGAAGGAGGCGC,delTTTGGTCGGAGGCGCAGGAGGAGAGGTGAAGAGGGCCCACCCTTGG
590,del,40,,47,0.0,2.9342612616533813e-06,CGCCGAAGAAGATGTCGCAGACGAAGGAGGCG,delCTTTGGTCGGAGGCGCAGGAGGAGAGGTGAAGAGGGCCCACCCTTGG
591,del,40,,48,0.0,2.2852049599283045e-06,CGCCGAAGAAGATGTCGCAGACGAAGGAGGC,delGCTTTGGTCGGAGGCGCAGGAGGAGAGGTGAAGAGGGCCCACCCTTGG
592,del,40,,49,0.0,1.7797194078280514e-06,CGCCGAAGAAGATGTCGCAGACGAAGGAGG,delCGCTTTGGTCGGAGGCGCAGGAGGAGAGGTGAAGAGGGCCCACCCTTGG
593,del,40,,50,0.0,1.3860468661087975e-06,CGCCGAAGAAGATGTCGCAGACGAAGGAG,delGCGCTTTGGTCGGAGGCGCAGGAGGAGAGGTGAAGAGGGCCCACCCTTGG
594,del,40,,51,0.0,1.0794543834504864e-06,CGCCGAAGAAGATGTCGCAGACGAAGGA,delGGCGCTTTGGTCGGAGGCGCAGGAGGAGAGGTGAAGAGGGCCCACCCTTGG
595,del,40,,52,0.0,8.406799184588296e-07,CGCCGAAGAAGATGTCGCAGACGAAGG,delAGGCGCTTTGGTCGGAGGCGCAGGAGGAGAGGTGAAGAGGGCCCACCCTTGG
596,del,40,,53,0.0,6.54722178456816e-07,CGCCGAAGAAGATGTCGCAGACGAAG,delGAGGCGCTTTGGTCGGAGGCGCAGGAGGAGAGGTGAAGAGGGCCCACCCTTGG
597,del,40,,54,0.0,5.09898145089968e-07,CGCCGAAGAAGATGTCGCAGACGAA,delGGAGGCGCTTTGGTCGGAGGCGCAGGAGGAGAGGTGAAGAGGGCCCACCCTTGG
598,del,40,,55,0.0,3.9710907458378624e-07,CGCCGAAGAAGATGTCGCAGACGA,delAGGAGGCGCTTTGGTCGGAGGCGCAGGAGGAGAGGTGAAGAGGGCCCACCCTTGG
599,del,40,,56,0.0,3.092688581980926e-07,CGCCGAAGAAGATGTCGCAGACG,delAAGGAGGCGCTTTGGTCGGAGGCGCAGGAGGAGAGGTGAAGAGGGCCCACCCTTGG
600,del,40,,57,0.0,2.408588289163873e-07,CGCCGAAGAAGATGTCGCAGAC,delGAAGGAGGCGCTTTGGTCGGAGGCGCAGGAGGAGAGGTGAAGAGGGCCCACCCTTGG
601,del,40,,58,0.0,1.8758104455493474e-07,CGCCGAAGAAGATGTCGCAGA,delCGAAGGAGGCGCTTTGGTCGGAGGCGCAGGAGGAGAGGTGAAGAGGGCCCACCCTTGG
602,del,40,,59,0.0,1.460882643808686e-07,CGCCGAAGAAGATGTCGCAG,delACGAAGGAGGCGCTTTGGTCGGAGGCGCAGGAGGAGAGGTGAAGAGGGCCCACCCTTGG
