,Category,Genotype position,Inserted Bases,Length,Microhomology length,Predicted frequency,Genotype,Name,align
0,ins,,A,1,,0.2855048055510173,CAGGAGGCCCGACATCGCGTGGTGCAAGCGGGCTGGGTGACTGAGGGCTGGGAATGACCCCGTACAGAACTAAGTGCAGG,insA,CAGGAGGCCCGACATCGCGTGGTGCAAGCGGGCTGGGTGACTGAGGGCTGGGAATGACCCCGTACAGAACTAAGTGCAGG
1,ins,,C,1,,0.4201756122564663,CAGGAGGCCCGACATCGCGTGGTGCAAGCGGGCTGGGTGCCTGAGGGCTGGGAATGACCCCGTACAGAACTAAGTGCAGG,insC,CAGGAGGCCCGACATCGCGTGGTGCAAGCGGGCTGGGTGCCTGAGGGCTGGGAATGACCCCGTACAGAACTAAGTGCAGG
2,ins,,T,1,,0.2351766953013155,CAGGAGGCCCGACATCGCGTGGTGCAAGCGGGCTGGGTGTCTGAGGGCTGGGAATGACCCCGTACAGAACTAAGTGCAGG,insT,CAGGAGGCCCGACATCGCGTGGTGCAAGCGGGCTGGGTGTCTGAGGGCTGGGAATGACCCCGTACAGAACTAAGTGCAGG
3,ins,,G,1,,0.5827045820621242,CAGGAGGCCCGACATCGCGTGGTGCAAGCGGGCTGGGTGGCTGAGGGCTGGGAATGACCCCGTACAGAACTAAGTGCAGG,insG,CAGGAGGCCCGACATCGCGTGGTGCAAGCGGGCTGGGTGGCTGAGGGCTGGGAATGACCCCGTACAGAACTAAGTGCAGG
4,del,3.0,,-3,2.0,4.478349058600607,CAGGAGGCCCGACATCGCGTGGTGCAAGCGGGCTGGGTGAGGGCTGGGAATGACCCCGTACAGAACTAAGTGCAGG,delCTG,CAGGAGGCCCGACATCGCGTGGTGCAAGCGGGCTGGGTG---AGGGCTGGGAATGACCCCGTACAGAACTAAGTGCAGG
5,del,3.0,,-5,1.0,0.496147182529392,CAGGAGGCCCGACATCGCGTGGTGCAAGCGGGCTGGGAGGGCTGGGAATGACCCCGTACAGAACTAAGTGCAGG,delTGCTG,CAGGAGGCCCGACATCGCGTGGTGCAAGCGGGCTGGG-----AGGGCTGGGAATGACCCCGTACAGAACTAAGTGCAGG
6,del,5.0,,-5,1.0,0.496147182529392,CAGGAGGCCCGACATCGCGTGGTGCAAGCGGGCTGGGTGGGCTGGGAATGACCCCGTACAGAACTAAGTGCAGG,delCTGAG,CAGGAGGCCCGACATCGCGTGGTGCAAGCGGGCTGGGTG-----GGCTGGGAATGACCCCGTACAGAACTAAGTGCAGG
7,del,3.0,,-6,1.0,0.3863998142725617,CAGGAGGCCCGACATCGCGTGGTGCAAGCGGGCTGGAGGGCTGGGAATGACCCCGTACAGAACTAAGTGCAGG,delGTGCTG,CAGGAGGCCCGACATCGCGTGGTGCAAGCGGGCTGG------AGGGCTGGGAATGACCCCGTACAGAACTAAGTGCAGG
8,del,6.0,,-6,1.0,0.3863998142725617,CAGGAGGCCCGACATCGCGTGGTGCAAGCGGGCTGGGTGGCTGGGAATGACCCCGTACAGAACTAAGTGCAGG,delCTGAGG,CAGGAGGCCCGACATCGCGTGGTGCAAGCGGGCTGGGTG------GCTGGGAATGACCCCGTACAGAACTAAGTGCAGG
9,del,3.0,,-7,3.0,5.892722776576507,CAGGAGGCCCGACATCGCGTGGTGCAAGCGGGCTGAGGGCTGGGAATGACCCCGTACAGAACTAAGTGCAGG,delGGTGCTG,CAGGAGGCCCGACATCGCGTGGTGCAAGCGGGCTG-------AGGGCTGGGAATGACCCCGTACAGAACTAAGTGCAGG
10,del,5.0,,-7,1.0,0.3009284779341165,CAGGAGGCCCGACATCGCGTGGTGCAAGCGGGCTGGGGGCTGGGAATGACCCCGTACAGAACTAAGTGCAGG,delTGCTGAG,CAGGAGGCCCGACATCGCGTGGTGCAAGCGGGCTGGG-------GGCTGGGAATGACCCCGTACAGAACTAAGTGCAGG
11,del,7.0,,-7,1.0,0.3009284779341165,CAGGAGGCCCGACATCGCGTGGTGCAAGCGGGCTGGGTGCTGGGAATGACCCCGTACAGAACTAAGTGCAGG,delCTGAGGG,CAGGAGGCCCGACATCGCGTGGTGCAAGCGGGCTGGGTGCTG-------GGAATGACCCCGTACAGAACTAAGTGCAGG
12,del,6.0,,-8,2.0,1.7552558696258844,CAGGAGGCCCGACATCGCGTGGTGCAAGCGGGCTGGGGCTGGGAATGACCCCGTACAGAACTAAGTGCAGG,delTGCTGAGG,CAGGAGGCCCGACATCGCGTGGTGCAAGCGGGCTGGG--------GCTGGGAATGACCCCGTACAGAACTAAGTGCAGG
13,del,7.0,,-9,3.0,5.266093842820529,CAGGAGGCCCGACATCGCGTGGTGCAAGCGGGCTGGGCTGGGAATGACCCCGTACAGAACTAAGTGCAGG,delTGCTGAGGG,CAGGAGGCCCGACATCGCGTGGTGCAAGCGGGCTGGG---------CTGGGAATGACCCCGTACAGAACTAAGTGCAGG
14,del,3.0,,-10,1.0,0.1421485477433391,CAGGAGGCCCGACATCGCGTGGTGCAAGCGGGAGGGCTGGGAATGACCCCGTACAGAACTAAGTGCAGG,delCTGGGTGCTG,CAGGAGGCCCGACATCGCGTGGTGCAAGCGGG----------AGGGCTGGGAATGACCCCGTACAGAACTAAGTGCAGG
15,del,7.0,,-10,2.0,1.06461650056866,CAGGAGGCCCGACATCGCGTGGTGCAAGCGGGCTGGCTGGGAATGACCCCGTACAGAACTAAGTGCAGG,delGTGCTGAGGG,CAGGAGGCCCGACATCGCGTGGTGCAAGCGGGCTGG----------CTGGGAATGACCCCGTACAGAACTAAGTGCAGG
16,del,10.0,,-10,2.0,0.7782203760606159,CAGGAGGCCCGACATCGCGTGGTGCAAGCGGGCTGGGTGGGAATGACCCCGTACAGAACTAAGTGCAGG,delCTGAGGGCTG,CAGGAGGCCCGACATCGCGTGGTGCAAGCGGGCTGGGTG----------GGAATGACCCCGTACAGAACTAAGTGCAGG
17,del,1.0,,-11,1.0,0.1107054002949755,CAGGAGGCCCGACATCGCGTGGTGCAAGCTGAGGGCTGGGAATGACCCCGTACAGAACTAAGTGCAGG,delGGGCTGGGTGC,CAGGAGGCCCGACATCGCGTGGTGCAAGC-----------TGAGGGCTGGGAATGACCCCGTACAGAACTAAGTGCAGG
18,del,3.0,,-11,1.0,0.1107054002949755,CAGGAGGCCCGACATCGCGTGGTGCAAGCGGAGGGCTGGGAATGACCCCGTACAGAACTAAGTGCAGG,delGCTGGGTGCTG,CAGGAGGCCCGACATCGCGTGGTGCAAGCGG-----------AGGGCTGGGAATGACCCCGTACAGAACTAAGTGCAGG
19,del,7.0,,-11,1.0,0.1107054002949755,CAGGAGGCCCGACATCGCGTGGTGCAAGCGGGCTGCTGGGAATGACCCCGTACAGAACTAAGTGCAGG,delGGTGCTGAGGG,CAGGAGGCCCGACATCGCGTGGTGCAAGCGGGCTG-----------CTGGGAATGACCCCGTACAGAACTAAGTGCAGG
20,del,11.0,,-11,1.0,0.1107054002949755,CAGGAGGCCCGACATCGCGTGGTGCAAGCGGGCTGGGTGGAATGACCCCGTACAGAACTAAGTGCAGG,delCTGAGGGCTGG,CAGGAGGCCCGACATCGCGTGGTGCAAGCGGGCTGGGTG-----------GAATGACCCCGTACAGAACTAAGTGCAGG
21,del,3.0,,-12,1.0,0.0862174524399602,CAGGAGGCCCGACATCGCGTGGTGCAAGCGAGGGCTGGGAATGACCCCGTACAGAACTAAGTGCAGG,delGGCTGGGTGCTG,CAGGAGGCCCGACATCGCGTGGTGCAAGCG------------AGGGCTGGGAATGACCCCGTACAGAACTAAGTGCAGG
22,del,5.0,,-12,1.0,0.0862174524399602,CAGGAGGCCCGACATCGCGTGGTGCAAGCGGGGGCTGGGAATGACCCCGTACAGAACTAAGTGCAGG,delCTGGGTGCTGAG,CAGGAGGCCCGACATCGCGTGGTGCAAGCGGG------------GGCTGGGAATGACCCCGTACAGAACTAAGTGCAGG
23,del,10.0,,-12,1.0,0.0862174524399602,CAGGAGGCCCGACATCGCGTGGTGCAAGCGGGCTGGGGGAATGACCCCGTACAGAACTAAGTGCAGG,delTGCTGAGGGCTG,CAGGAGGCCCGACATCGCGTGGTGCAAGCGGGCTGGG------------GGAATGACCCCGTACAGAACTAAGTGCAGG
24,del,12.0,,-12,1.0,0.0862174524399602,CAGGAGGCCCGACATCGCGTGGTGCAAGCGGGCTGGGTGAATGACCCCGTACAGAACTAAGTGCAGG,delCTGAGGGCTGGG,CAGGAGGCCCGACATCGCGTGGTGCAAGCGGGCTGGGTG------------AATGACCCCGTACAGAACTAAGTGCAGG
25,del,6.0,,-13,2.0,0.5028892263648204,CAGGAGGCCCGACATCGCGTGGTGCAAGCGGGGCTGGGAATGACCCCGTACAGAACTAAGTGCAGG,delCTGGGTGCTGAGG,CAGGAGGCCCGACATCGCGTGGTGCAAGCGGG-------------GCTGGGAATGACCCCGTACAGAACTAAGTGCAGG
26,del,11.0,,-13,2.0,0.5028892263648204,CAGGAGGCCCGACATCGCGTGGTGCAAGCGGGCTGGGGAATGACCCCGTACAGAACTAAGTGCAGG,delTGCTGAGGGCTGG,CAGGAGGCCCGACATCGCGTGGTGCAAGCGGGCTGGG-------------GAATGACCCCGTACAGAACTAAGTGCAGG
27,del,3.0,,-14,1.0,0.0522935283071516,CAGGAGGCCCGACATCGCGTGGTGCAAGAGGGCTGGGAATGACCCCGTACAGAACTAAGTGCAGG,delCGGGCTGGGTGCTG,CAGGAGGCCCGACATCGCGTGGTGCAAG--------------AGGGCTGGGAATGACCCCGTACAGAACTAAGTGCAGG
28,del,12.0,,-14,8.0,67.77585680835078,CAGGAGGCCCGACATCGCGTGGTGCAAGCGGGCTGGGAATGACCCCGTACAGAACTAAGTGCAGG,delTGCTGAGGGCTGGG,CAGGAGGCCCGACATCGCGTGGTGCAAGCGGGCTGGG--------------AATGACCCCGTACAGAACTAAGTGCAGG
29,del,1.0,,-15,1.0,0.0407262407951764,CAGGAGGCCCGACATCGCGTGGTGCTGAGGGCTGGGAATGACCCCGTACAGAACTAAGTGCAGG,delAAGCGGGCTGGGTGC,CAGGAGGCCCGACATCGCGTGGTGC---------------TGAGGGCTGGGAATGACCCCGTACAGAACTAAGTGCAGG
30,del,7.0,,-15,2.0,0.3050177342294303,CAGGAGGCCCGACATCGCGTGGTGCAAGCGGCTGGGAATGACCCCGTACAGAACTAAGTGCAGG,delGCTGGGTGCTGAGGG,CAGGAGGCCCGACATCGCGTGGTGCAAGCGG---------------CTGGGAATGACCCCGTACAGAACTAAGTGCAGG
31,del,12.0,,-15,2.0,0.3050177342294303,CAGGAGGCCCGACATCGCGTGGTGCAAGCGGGCTGGAATGACCCCGTACAGAACTAAGTGCAGG,delGTGCTGAGGGCTGGG,CAGGAGGCCCGACATCGCGTGGTGCAAGCGGGCTGG---------------AATGACCCCGTACAGAACTAAGTGCAGG
32,del,5.0,,-16,2.0,0.1736444371411764,CAGGAGGCCCGACATCGCGTGGTGCAAGGGCTGGGAATGACCCCGTACAGAACTAAGTGCAGG,delCGGGCTGGGTGCTGAG,CAGGAGGCCCGACATCGCGTGGTGCAAG----------------GGCTGGGAATGACCCCGTACAGAACTAAGTGCAGG
33,del,7.0,,-16,1.0,0.0317176282228379,CAGGAGGCCCGACATCGCGTGGTGCAAGCGCTGGGAATGACCCCGTACAGAACTAAGTGCAGG,delGGCTGGGTGCTGAGGG,CAGGAGGCCCGACATCGCGTGGTGCAAGCG----------------CTGGGAATGACCCCGTACAGAACTAAGTGCAGG
34,del,12.0,,-16,1.0,0.0317176282228379,CAGGAGGCCCGACATCGCGTGGTGCAAGCGGGCTGAATGACCCCGTACAGAACTAAGTGCAGG,delGGTGCTGAGGGCTGGG,CAGGAGGCCCGACATCGCGTGGTGCAAGCGGGCTG----------------AATGACCCCGTACAGAACTAAGTGCAGG
35,del,16.0,,-16,2.0,0.1736444371411764,CAGGAGGCCCGACATCGCGTGGTGCAAGCGGGCTGGGTGACCCCGTACAGAACTAAGTGCAGG,delCTGAGGGCTGGGAATG,CAGGAGGCCCGACATCGCGTGGTGCAAGCGGGCTGGGTG----------------ACCCCGTACAGAACTAAGTGCAGG
36,del,4.0,,-17,1.0,0.023116057139439,CAGGAGGCCCGACATCGCGTGGTGCAGGGCTGGGAATGACCCCGTACAGAACTAAGTGCAGG,delAGCGGGCTGGGTGCTGA,CAGGAGGCCCGACATCGCGTGGTGCA-----------------GGGCTGGGAATGACCCCGTACAGAACTAAGTGCAGG
37,del,6.0,,-17,1.0,0.0247017136971139,CAGGAGGCCCGACATCGCGTGGTGCAAGGCTGGGAATGACCCCGTACAGAACTAAGTGCAGG,delCGGGCTGGGTGCTGAGG,CAGGAGGCCCGACATCGCGTGGTGCAAG-----------------GCTGGGAATGACCCCGTACAGAACTAAGTGCAGG
38,del,10.0,,-17,1.0,0.0247017136971139,CAGGAGGCCCGACATCGCGTGGTGCAAGCGGGGGAATGACCCCGTACAGAACTAAGTGCAGG,delCTGGGTGCTGAGGGCTG,CAGGAGGCCCGACATCGCGTGGTGCAAGCGGG-----------------GGAATGACCCCGTACAGAACTAAGTGCAGG
39,del,3.0,,-18,2.0,0.1053206750146666,CAGGAGGCCCGACATCGCGTGGTGAGGGCTGGGAATGACCCCGTACAGAACTAAGTGCAGG,delCAAGCGGGCTGGGTGCTG,CAGGAGGCCCGACATCGCGTGGTG------------------AGGGCTGGGAATGACCCCGTACAGAACTAAGTGCAGG
40,del,8.0,,-18,2.0,0.144080175642831,CAGGAGGCCCGACATCGCGTGGTGCAAGCTGGGAATGACCCCGTACAGAACTAAGTGCAGG,delGGGCTGGGTGCTGAGGGC,CAGGAGGCCCGACATCGCGTGGTGCAAGC------------------TGGGAATGACCCCGTACAGAACTAAGTGCAGG
41,del,11.0,,-18,2.0,0.144080175642831,CAGGAGGCCCGACATCGCGTGGTGCAAGCGGGGAATGACCCCGTACAGAACTAAGTGCAGG,delCTGGGTGCTGAGGGCTGG,CAGGAGGCCCGACATCGCGTGGTGCAAGCGGG------------------GAATGACCCCGTACAGAACTAAGTGCAGG
42,del,16.0,,-18,1.0,0.0192377139705179,CAGGAGGCCCGACATCGCGTGGTGCAAGCGGGCTGGGACCCCGTACAGAACTAAGTGCAGG,delTGCTGAGGGCTGGGAATG,CAGGAGGCCCGACATCGCGTGGTGCAAGCGGGCTGGG------------------ACCCCGTACAGAACTAAGTGCAGG
43,del,12.0,,-19,3.0,0.432267305841245,CAGGAGGCCCGACATCGCGTGGTGCAAGCGGGAATGACCCCGTACAGAACTAAGTGCAGG,delCTGGGTGCTGAGGGCTGGG,CAGGAGGCCCGACATCGCGTGGTGCAAGCGGG-------------------AATGACCCCGTACAGAACTAAGTGCAGG
44,del,16.0,,-19,1.0,0.014982346704743,CAGGAGGCCCGACATCGCGTGGTGCAAGCGGGCTGGACCCCGTACAGAACTAAGTGCAGG,delGTGCTGAGGGCTGGGAATG,CAGGAGGCCCGACATCGCGTGGTGCAAGCGGGCTGG-------------------ACCCCGTACAGAACTAAGTGCAGG
45,del,3.0,,-20,1.0,0.0116682633459012,CAGGAGGCCCGACATCGCGTGGAGGGCTGGGAATGACCCCGTACAGAACTAAGTGCAGG,delTGCAAGCGGGCTGGGTGCTG,CAGGAGGCCCGACATCGCGTGG--------------------AGGGCTGGGAATGACCCCGTACAGAACTAAGTGCAGG
46,del,5.0,,-20,1.0,0.0116682633459012,CAGGAGGCCCGACATCGCGTGGTGGGCTGGGAATGACCCCGTACAGAACTAAGTGCAGG,delCAAGCGGGCTGGGTGCTGAG,CAGGAGGCCCGACATCGCGTGGTG--------------------GGCTGGGAATGACCCCGTACAGAACTAAGTGCAGG
47,del,12.0,,-20,2.0,0.0873890439841584,CAGGAGGCCCGACATCGCGTGGTGCAAGCGGAATGACCCCGTACAGAACTAAGTGCAGG,delGCTGGGTGCTGAGGGCTGGG,CAGGAGGCCCGACATCGCGTGGTGCAAGCGG--------------------AATGACCCCGTACAGAACTAAGTGCAGG
48,del,16.0,,-20,2.0,0.0638802184980256,CAGGAGGCCCGACATCGCGTGGTGCAAGCGGGCTGACCCCGTACAGAACTAAGTGCAGG,delGGTGCTGAGGGCTGGGAATG,CAGGAGGCCCGACATCGCGTGGTGCAAGCGGGCTG--------------------ACCCCGTACAGAACTAAGTGCAGG
49,del,3.0,,-21,2.0,0.0497499641890348,CAGGAGGCCCGACATCGCGTGAGGGCTGGGAATGACCCCGTACAGAACTAAGTGCAGG,delGTGCAAGCGGGCTGGGTGCTG,CAGGAGGCCCGACATCGCGTG---------------------AGGGCTGGGAATGACCCCGTACAGAACTAAGTGCAGG
50,del,6.0,,-21,1.0,0.0090872526308712,CAGGAGGCCCGACATCGCGTGGTGGCTGGGAATGACCCCGTACAGAACTAAGTGCAGG,delCAAGCGGGCTGGGTGCTGAGG,CAGGAGGCCCGACATCGCGTGGTG---------------------GCTGGGAATGACCCCGTACAGAACTAAGTGCAGG
51,del,10.0,,-21,1.0,0.0090872526308712,CAGGAGGCCCGACATCGCGTGGTGCAAGGGAATGACCCCGTACAGAACTAAGTGCAGG,delCGGGCTGGGTGCTGAGGGCTG,CAGGAGGCCCGACATCGCGTGGTGCAAG---------------------GGAATGACCCCGTACAGAACTAAGTGCAGG
52,del,12.0,,-21,1.0,0.0090872526308712,CAGGAGGCCCGACATCGCGTGGTGCAAGCGAATGACCCCGTACAGAACTAAGTGCAGG,delGGCTGGGTGCTGAGGGCTGGG,CAGGAGGCCCGACATCGCGTGGTGCAAGCG---------------------AATGACCCCGTACAGAACTAAGTGCAGG
53,del,1.0,,-22,1.0,0.0070771594648901,CAGGAGGCCCGACATCGCTGAGGGCTGGGAATGACCCCGTACAGAACTAAGTGCAGG,delGTGGTGCAAGCGGGCTGGGTGC,CAGGAGGCCCGACATCGC----------------------TGAGGGCTGGGAATGACCCCGTACAGAACTAAGTGCAGG
54,del,5.0,,-22,1.0,0.0070771594648901,CAGGAGGCCCGACATCGCGTGGGGCTGGGAATGACCCCGTACAGAACTAAGTGCAGG,delTGCAAGCGGGCTGGGTGCTGAG,CAGGAGGCCCGACATCGCGTGG----------------------GGCTGGGAATGACCCCGTACAGAACTAAGTGCAGG
55,del,8.0,,-22,2.0,0.0530041344993679,CAGGAGGCCCGACATCGCGTGGTGCTGGGAATGACCCCGTACAGAACTAAGTGCAGG,delAAGCGGGCTGGGTGCTGAGGGC,CAGGAGGCCCGACATCGCGTGGTGC----------------------TGGGAATGACCCCGTACAGAACTAAGTGCAGG
56,del,11.0,,-22,1.0,0.0070771594648901,CAGGAGGCCCGACATCGCGTGGTGCAAGGAATGACCCCGTACAGAACTAAGTGCAGG,delCGGGCTGGGTGCTGAGGGCTGG,CAGGAGGCCCGACATCGCGTGGTGCAAG----------------------GAATGACCCCGTACAGAACTAAGTGCAGG
57,del,22.0,,-22,1.0,0.0070771594648901,CAGGAGGCCCGACATCGCGTGGTGCAAGCGGGCTGGGTGTACAGAACTAAGTGCAGG,delCTGAGGGCTGGGAATGACCCCG,CAGGAGGCCCGACATCGCGTGGTGCAAGCGGGCTGGGTG----------------------TACAGAACTAAGTGCAGG
58,del,3.0,,-23,1.0,0.0055116973331776,CAGGAGGCCCGACATCGCGAGGGCTGGGAATGACCCCGTACAGAACTAAGTGCAGG,delTGGTGCAAGCGGGCTGGGTGCTG,CAGGAGGCCCGACATCGCG-----------------------AGGGCTGGGAATGACCCCGTACAGAACTAAGTGCAGG
59,del,6.0,,-23,2.0,0.0412796614541298,CAGGAGGCCCGACATCGCGTGGGCTGGGAATGACCCCGTACAGAACTAAGTGCAGG,delTGCAAGCGGGCTGGGTGCTGAGG,CAGGAGGCCCGACATCGCGTGG-----------------------GCTGGGAATGACCCCGTACAGAACTAAGTGCAGG
60,del,12.0,,-23,1.0,0.0055116973331776,CAGGAGGCCCGACATCGCGTGGTGCAAGAATGACCCCGTACAGAACTAAGTGCAGG,delCGGGCTGGGTGCTGAGGGCTGGG,CAGGAGGCCCGACATCGCGTGGTGCAAG-----------------------AATGACCCCGTACAGAACTAAGTGCAGG
61,del,16.0,,-23,1.0,0.0055116973331776,CAGGAGGCCCGACATCGCGTGGTGCAAGCGGGACCCCGTACAGAACTAAGTGCAGG,delCTGGGTGCTGAGGGCTGGGAATG,CAGGAGGCCCGACATCGCGTGGTGCAAGCGGG-----------------------ACCCCGTACAGAACTAAGTGCAGG
62,del,1.0,,-24,1.0,0.0042925141991313,CAGGAGGCCCGACATCTGAGGGCTGGGAATGACCCCGTACAGAACTAAGTGCAGG,delGCGTGGTGCAAGCGGGCTGGGTGC,CAGGAGGCCCGACATC------------------------TGAGGGCTGGGAATGACCCCGTACAGAACTAAGTGCAGG
63,del,7.0,,-24,2.0,0.0321486326653987,CAGGAGGCCCGACATCGCGTGGCTGGGAATGACCCCGTACAGAACTAAGTGCAGG,delTGCAAGCGGGCTGGGTGCTGAGGG,CAGGAGGCCCGACATCGCGTGG------------------------CTGGGAATGACCCCGTACAGAACTAAGTGCAGG
64,del,16.0,,-24,1.0,0.0042925141991313,CAGGAGGCCCGACATCGCGTGGTGCAAGCGGACCCCGTACAGAACTAAGTGCAGG,delGCTGGGTGCTGAGGGCTGGGAATG,CAGGAGGCCCGACATCGCGTGGTGCAAGCGG------------------------ACCCCGTACAGAACTAAGTGCAGG
65,del,18.0,,-24,1.0,0.0042925141991313,CAGGAGGCCCGACATCGCGTGGTGCAAGCGGGCCCCGTACAGAACTAAGTGCAGG,delTGGGTGCTGAGGGCTGGGAATGAC,CAGGAGGCCCGACATCGCGTGGTGCAAGCGGGC------------------------CCCGTACAGAACTAAGTGCAGG
66,del,23.0,,-24,2.0,0.0235002190829633,CAGGAGGCCCGACATCGCGTGGTGCAAGCGGGCTGGGTACAGAACTAAGTGCAGG,delGCTGAGGGCTGGGAATGACCCCGT,CAGGAGGCCCGACATCGCGTGGTGCAAGCGGGCTGGGT------------------------ACAGAACTAAGTGCAGG
67,del,3.0,,-25,1.0,0.0033430134196286,CAGGAGGCCCGACATCGAGGGCTGGGAATGACCCCGTACAGAACTAAGTGCAGG,delCGTGGTGCAAGCGGGCTGGGTGCTG,CAGGAGGCCCGACATCG-------------------------AGGGCTGGGAATGACCCCGTACAGAACTAAGTGCAGG
68,del,5.0,,-25,1.0,0.0033430134196286,CAGGAGGCCCGACATCGCGGGCTGGGAATGACCCCGTACAGAACTAAGTGCAGG,delTGGTGCAAGCGGGCTGGGTGCTGAG,CAGGAGGCCCGACATCGCG-------------------------GGCTGGGAATGACCCCGTACAGAACTAAGTGCAGG
69,del,7.0,,-25,1.0,0.0033430134196286,CAGGAGGCCCGACATCGCGTGCTGGGAATGACCCCGTACAGAACTAAGTGCAGG,delGTGCAAGCGGGCTGGGTGCTGAGGG,CAGGAGGCCCGACATCGCGTG-------------------------CTGGGAATGACCCCGTACAGAACTAAGTGCAGG
70,del,10.0,,-25,2.0,0.0183019890241613,CAGGAGGCCCGACATCGCGTGGTGGGAATGACCCCGTACAGAACTAAGTGCAGG,delCAAGCGGGCTGGGTGCTGAGGGCTG,CAGGAGGCCCGACATCGCGTGGTG-------------------------GGAATGACCCCGTACAGAACTAAGTGCAGG
71,del,13.0,,-25,1.0,0.0031284181402797,CAGGAGGCCCGACATCGCGTGGTGCAAATGACCCCGTACAGAACTAAGTGCAGG,delGCGGGCTGGGTGCTGAGGGCTGGGA,CAGGAGGCCCGACATCGCGTGGTGCAA-------------------------ATGACCCCGTACAGAACTAAGTGCAGG
72,del,16.0,,-25,1.0,0.0033430134196286,CAGGAGGCCCGACATCGCGTGGTGCAAGCGACCCCGTACAGAACTAAGTGCAGG,delGGCTGGGTGCTGAGGGCTGGGAATG,CAGGAGGCCCGACATCGCGTGGTGCAAGCG-------------------------ACCCCGTACAGAACTAAGTGCAGG
73,del,19.0,,-25,1.0,0.0033430134196286,CAGGAGGCCCGACATCGCGTGGTGCAAGCGGGCCCGTACAGAACTAAGTGCAGG,delTGGGTGCTGAGGGCTGGGAATGACC,CAGGAGGCCCGACATCGCGTGGTGCAAGCGGGC-------------------------CCGTACAGAACTAAGTGCAGG
74,del,22.0,,-25,1.0,0.0033430134196286,CAGGAGGCCCGACATCGCGTGGTGCAAGCGGGCTGGTACAGAACTAAGTGCAGG,delGTGCTGAGGGCTGGGAATGACCCCG,CAGGAGGCCCGACATCGCGTGGTGCAAGCGGGCTGG-------------------------TACAGAACTAAGTGCAGG
75,del,2.0,,-26,1.0,0.0024364144974246,CAGGAGGCCCGACATGAGGGCTGGGAATGACCCCGTACAGAACTAAGTGCAGG,delCGCGTGGTGCAAGCGGGCTGGGTGCT,CAGGAGGCCCGACAT--------------------------GAGGGCTGGGAATGACCCCGTACAGAACTAAGTGCAGG
76,del,6.0,,-26,1.0,0.0026035414690249,CAGGAGGCCCGACATCGCGGCTGGGAATGACCCCGTACAGAACTAAGTGCAGG,delTGGTGCAAGCGGGCTGGGTGCTGAGG,CAGGAGGCCCGACATCGCG--------------------------GCTGGGAATGACCCCGTACAGAACTAAGTGCAGG
77,del,11.0,,-26,1.0,0.0026035414690249,CAGGAGGCCCGACATCGCGTGGTGGAATGACCCCGTACAGAACTAAGTGCAGG,delCAAGCGGGCTGGGTGCTGAGGGCTGG,CAGGAGGCCCGACATCGCGTGGTG--------------------------GAATGACCCCGTACAGAACTAAGTGCAGG
78,del,14.0,,-26,2.0,0.0106539293168902,CAGGAGGCCCGACATCGCGTGGTGCAATGACCCCGTACAGAACTAAGTGCAGG,delGCGGGCTGGGTGCTGAGGGCTGGGAA,CAGGAGGCCCGACATCGCGTGGTGCAA--------------------------TGACCCCGTACAGAACTAAGTGCAGG
79,del,20.0,,-26,1.0,0.0026035414690249,CAGGAGGCCCGACATCGCGTGGTGCAAGCGGGCCGTACAGAACTAAGTGCAGG,delTGGGTGCTGAGGGCTGGGAATGACCC,CAGGAGGCCCGACATCGCGTGGTGCAAGCGGGC--------------------------CGTACAGAACTAAGTGCAGG
80,del,22.0,,-26,1.0,0.0026035414690249,CAGGAGGCCCGACATCGCGTGGTGCAAGCGGGCTGTACAGAACTAAGTGCAGG,delGGTGCTGAGGGCTGGGAATGACCCCG,CAGGAGGCCCGACATCGCGTGGTGCAAGCGGGCTG--------------------------TACAGAACTAAGTGCAGG
81,del,1.0,,-27,1.0,0.0020276401348355,CAGGAGGCCCGACTGAGGGCTGGGAATGACCCCGTACAGAACTAAGTGCAGG,delATCGCGTGGTGCAAGCGGGCTGGGTGC,CAGGAGGCCCGAC---------------------------TGAGGGCTGGGAATGACCCCGTACAGAACTAAGTGCAGG
82,del,5.0,,-27,1.0,0.0020276401348355,CAGGAGGCCCGACATCGGGCTGGGAATGACCCCGTACAGAACTAAGTGCAGG,delCGTGGTGCAAGCGGGCTGGGTGCTGAG,CAGGAGGCCCGACATCG---------------------------GGCTGGGAATGACCCCGTACAGAACTAAGTGCAGG
83,del,7.0,,-27,1.0,0.0020276401348355,CAGGAGGCCCGACATCGCGCTGGGAATGACCCCGTACAGAACTAAGTGCAGG,delTGGTGCAAGCGGGCTGGGTGCTGAGGG,CAGGAGGCCCGACATCGCG---------------------------CTGGGAATGACCCCGTACAGAACTAAGTGCAGG
84,del,10.0,,-27,1.0,0.0020276401348355,CAGGAGGCCCGACATCGCGTGGGGAATGACCCCGTACAGAACTAAGTGCAGG,delTGCAAGCGGGCTGGGTGCTGAGGGCTG,CAGGAGGCCCGACATCGCGTGG---------------------------GGAATGACCCCGTACAGAACTAAGTGCAGG
85,del,12.0,,-27,1.0,0.0020276401348355,CAGGAGGCCCGACATCGCGTGGTGAATGACCCCGTACAGAACTAAGTGCAGG,delCAAGCGGGCTGGGTGCTGAGGGCTGGG,CAGGAGGCCCGACATCGCGTGGTG---------------------------AATGACCCCGTACAGAACTAAGTGCAGG
86,del,14.0,,-27,1.0,0.0018974815184808,CAGGAGGCCCGACATCGCGTGGTGCATGACCCCGTACAGAACTAAGTGCAGG,delAGCGGGCTGGGTGCTGAGGGCTGGGAA,CAGGAGGCCCGACATCGCGTGGTGCA---------------------------TGACCCCGTACAGAACTAAGTGCAGG
87,del,16.0,,-27,1.0,0.0020276401348355,CAGGAGGCCCGACATCGCGTGGTGCAAGACCCCGTACAGAACTAAGTGCAGG,delCGGGCTGGGTGCTGAGGGCTGGGAATG,CAGGAGGCCCGACATCGCGTGGTGCAAG---------------------------ACCCCGTACAGAACTAAGTGCAGG
88,del,21.0,,-27,1.0,0.0020276401348355,CAGGAGGCCCGACATCGCGTGGTGCAAGCGGGCGTACAGAACTAAGTGCAGG,delTGGGTGCTGAGGGCTGGGAATGACCCC,CAGGAGGCCCGACATCGCGTGGTGCAAGCGGGC---------------------------GTACAGAACTAAGTGCAGG
89,del,27.0,,-27,1.0,0.0020276401348355,CAGGAGGCCCGACATCGCGTGGTGCAAGCGGGCTGGGTGAACTAAGTGCAGG,delCTGAGGGCTGGGAATGACCCCGTACAG,CAGGAGGCCCGACATCGCGTGGTGCAAGCGGGCTGGGTG---------------------------AACTAAGTGCAGG
90,del,6.0,,-28,1.0,0.0015791277247969,CAGGAGGCCCGACATCGGCTGGGAATGACCCCGTACAGAACTAAGTGCAGG,delCGTGGTGCAAGCGGGCTGGGTGCTGAGG,CAGGAGGCCCGACATCG----------------------------GCTGGGAATGACCCCGTACAGAACTAAGTGCAGG
91,del,11.0,,-28,3.0,0.0309221711913604,CAGGAGGCCCGACATCGCGTGGGAATGACCCCGTACAGAACTAAGTGCAGG,delTGCAAGCGGGCTGGGTGCTGAGGGCTGG,CAGGAGGCCCGACATCGCGTGG----------------------------GAATGACCCCGTACAGAACTAAGTGCAGG
92,del,18.0,,-28,1.0,0.0015791277247969,CAGGAGGCCCGACATCGCGTGGTGCAAGCCCCGTACAGAACTAAGTGCAGG,delGGGCTGGGTGCTGAGGGCTGGGAATGAC,CAGGAGGCCCGACATCGCGTGGTGCAAGC----------------------------CCCGTACAGAACTAAGTGCAGG
93,del,23.0,,-28,1.0,0.0014777600924563,CAGGAGGCCCGACATCGCGTGGTGCAAGCGGGCTACAGAACTAAGTGCAGG,delGGGTGCTGAGGGCTGGGAATGACCCCGT,CAGGAGGCCCGACATCGCGTGGTGCAAGCGGGCT----------------------------ACAGAACTAAGTGCAGG
94,del,4.0,,-29,1.0,0.0011508807171966,CAGGAGGCCCGACAGGGCTGGGAATGACCCCGTACAGAACTAAGTGCAGG,delTCGCGTGGTGCAAGCGGGCTGGGTGCTGA,CAGGAGGCCCGACA-----------------------------GGGCTGGGAATGACCCCGTACAGAACTAAGTGCAGG
95,del,8.0,,-29,2.0,0.0092107374711329,CAGGAGGCCCGACATCGCTGGGAATGACCCCGTACAGAACTAAGTGCAGG,delGTGGTGCAAGCGGGCTGGGTGCTGAGGGC,CAGGAGGCCCGACATCGC-----------------------------TGGGAATGACCCCGTACAGAACTAAGTGCAGG
96,del,12.0,,-29,2.0,0.0092107374711329,CAGGAGGCCCGACATCGCGTGGAATGACCCCGTACAGAACTAAGTGCAGG,delTGCAAGCGGGCTGGGTGCTGAGGGCTGGG,CAGGAGGCCCGACATCGCGTGG-----------------------------AATGACCCCGTACAGAACTAAGTGCAGG
97,del,17.0,,-29,1.0,0.0011508807171966,CAGGAGGCCCGACATCGCGTGGTGCAACCCCGTACAGAACTAAGTGCAGG,delGCGGGCTGGGTGCTGAGGGCTGGGAATGA,CAGGAGGCCCGACATCGCGTGGTGCAA-----------------------------CCCCGTACAGAACTAAGTGCAGG
98,del,19.0,,-29,1.0,0.0012298259086416,CAGGAGGCCCGACATCGCGTGGTGCAAGCCCGTACAGAACTAAGTGCAGG,delGGGCTGGGTGCTGAGGGCTGGGAATGACC,CAGGAGGCCCGACATCGCGTGGTGCAAGC-----------------------------CCGTACAGAACTAAGTGCAGG
99,del,22.0,,-29,1.0,0.0012298259086416,CAGGAGGCCCGACATCGCGTGGTGCAAGCGGGTACAGAACTAAGTGCAGG,delCTGGGTGCTGAGGGCTGGGAATGACCCCG,CAGGAGGCCCGACATCGCGTGGTGCAAGCGGG-----------------------------TACAGAACTAAGTGCAGG
100,del,27.0,,-29,1.0,0.0012298259086416,CAGGAGGCCCGACATCGCGTGGTGCAAGCGGGCTGGGAACTAAGTGCAGG,delTGCTGAGGGCTGGGAATGACCCCGTACAG,CAGGAGGCCCGACATCGCGTGGTGCAAGCGGGCTGGG-----------------------------AACTAAGTGCAGG
101,del,1.0,,-30,1.0,0.0009577893806915,CAGGAGGCCCTGAGGGCTGGGAATGACCCCGTACAGAACTAAGTGCAGG,delGACATCGCGTGGTGCAAGCGGGCTGGGTGC,CAGGAGGCCC------------------------------TGAGGGCTGGGAATGACCCCGTACAGAACTAAGTGCAGG
102,del,10.0,,-30,1.0,0.0009577893806915,CAGGAGGCCCGACATCGCGGGAATGACCCCGTACAGAACTAAGTGCAGG,delTGGTGCAAGCGGGCTGGGTGCTGAGGGCTG,CAGGAGGCCCGACATCGCG------------------------------GGAATGACCCCGTACAGAACTAAGTGCAGG
103,del,12.0,,-30,1.0,0.0009577893806915,CAGGAGGCCCGACATCGCGTGAATGACCCCGTACAGAACTAAGTGCAGG,delGTGCAAGCGGGCTGGGTGCTGAGGGCTGGG,CAGGAGGCCCGACATCGCGTG------------------------------AATGACCCCGTACAGAACTAAGTGCAGG
104,del,17.0,,-30,1.0,0.0008963068037745,CAGGAGGCCCGACATCGCGTGGTGCACCCCGTACAGAACTAAGTGCAGG,delAGCGGGCTGGGTGCTGAGGGCTGGGAATGA,CAGGAGGCCCGACATCGCGTGGTGCA------------------------------CCCCGTACAGAACTAAGTGCAGG
105,del,20.0,,-30,1.0,0.0009577893806915,CAGGAGGCCCGACATCGCGTGGTGCAAGCCGTACAGAACTAAGTGCAGG,delGGGCTGGGTGCTGAGGGCTGGGAATGACCC,CAGGAGGCCCGACATCGCGTGGTGCAAGC------------------------------CGTACAGAACTAAGTGCAGG
106,del,22.0,,-30,1.0,0.0009577893806915,CAGGAGGCCCGACATCGCGTGGTGCAAGCGGTACAGAACTAAGTGCAGG,delGCTGGGTGCTGAGGGCTGGGAATGACCCCG,CAGGAGGCCCGACATCGCGTGGTGCAAGCGG------------------------------TACAGAACTAAGTGCAGG
107,del,27.0,,-30,1.0,0.0009577893806915,CAGGAGGCCCGACATCGCGTGGTGCAAGCGGGCTGGAACTAAGTGCAGG,delGTGCTGAGGGCTGGGAATGACCCCGTACAG,CAGGAGGCCCGACATCGCGTGGTGCAAGCGGGCTGG------------------------------AACTAAGTGCAGG
168,del,0.0,,-1,0.0,0.6613833573897869,CAGGAGGCCCGACATCGCGTGGTGCAAGCGGGCTGGGTCTGAGGGCTGGGAATGACCCCGTACAGAACTAAGTGCAGG,delG,CAGGAGGCCCGACATCGCGTGGTGCAAGCGGGCTGGGT-CTGAGGGCTGGGAATGACCCCGTACAGAACTAAGTGCAGG
169,del,1.0,,-1,0.0,0.6613833573897869,CAGGAGGCCCGACATCGCGTGGTGCAAGCGGGCTGGGTGTGAGGGCTGGGAATGACCCCGTACAGAACTAAGTGCAGG,delC,CAGGAGGCCCGACATCGCGTGGTGCAAGCGGGCTGGGTG-TGAGGGCTGGGAATGACCCCGTACAGAACTAAGTGCAGG
170,del,0.0,,-2,0.0,0.341230533277978,CAGGAGGCCCGACATCGCGTGGTGCAAGCGGGCTGGGCTGAGGGCTGGGAATGACCCCGTACAGAACTAAGTGCAGG,delTG,CAGGAGGCCCGACATCGCGTGGTGCAAGCGGGCTGGG--CTGAGGGCTGGGAATGACCCCGTACAGAACTAAGTGCAGG
171,del,2.0,,-2,0.0,0.341230533277978,CAGGAGGCCCGACATCGCGTGGTGCAAGCGGGCTGGGTGGAGGGCTGGGAATGACCCCGTACAGAACTAAGTGCAGG,delCT,CAGGAGGCCCGACATCGCGTGGTGCAAGCGGGCTGGGTG--GAGGGCTGGGAATGACCCCGTACAGAACTAAGTGCAGG
172,del,1.0,,-2,0.0,0.341230533277978,CAGGAGGCCCGACATCGCGTGGTGCAAGCGGGCTGGGTTGAGGGCTGGGAATGACCCCGTACAGAACTAAGTGCAGG,delGC,CAGGAGGCCCGACATCGCGTGGTGCAAGCGGGCTGGGT--TGAGGGCTGGGAATGACCCCGTACAGAACTAAGTGCAGG
173,del,0.0,,-3,0.0,0.7662575045555461,CAGGAGGCCCGACATCGCGTGGTGCAAGCGGGCTGGCTGAGGGCTGGGAATGACCCCGTACAGAACTAAGTGCAGG,delGTG,CAGGAGGCCCGACATCGCGTGGTGCAAGCGGGCTGG---CTGAGGGCTGGGAATGACCCCGTACAGAACTAAGTGCAGG
174,del,0.0,,-4,0.0,0.1729524638492785,CAGGAGGCCCGACATCGCGTGGTGCAAGCGGGCTGCTGAGGGCTGGGAATGACCCCGTACAGAACTAAGTGCAGG,delGGTG,CAGGAGGCCCGACATCGCGTGGTGCAAGCGGGCTG----CTGAGGGCTGGGAATGACCCCGTACAGAACTAAGTGCAGG
175,del,4.0,,-4,0.0,0.1729524638492785,CAGGAGGCCCGACATCGCGTGGTGCAAGCGGGCTGGGTGGGGCTGGGAATGACCCCGTACAGAACTAAGTGCAGG,delCTGA,CAGGAGGCCCGACATCGCGTGGTGCAAGCGGGCTGGGTG----GGGCTGGGAATGACCCCGTACAGAACTAAGTGCAGG
176,del,1.0,,-4,0.0,0.0576508212830928,CAGGAGGCCCGACATCGCGTGGTGCAAGCGGGCTGGTGAGGGCTGGGAATGACCCCGTACAGAACTAAGTGCAGG,delGTGC,CAGGAGGCCCGACATCGCGTGGTGCAAGCGGGCTGG----TGAGGGCTGGGAATGACCCCGTACAGAACTAAGTGCAGG
177,del,2.0,,-4,0.0,0.0576508212830928,CAGGAGGCCCGACATCGCGTGGTGCAAGCGGGCTGGGGAGGGCTGGGAATGACCCCGTACAGAACTAAGTGCAGG,delTGCT,CAGGAGGCCCGACATCGCGTGGTGCAAGCGGGCTGGG----GAGGGCTGGGAATGACCCCGTACAGAACTAAGTGCAGG
178,del,3.0,,-4,0.0,0.0576508212830928,CAGGAGGCCCGACATCGCGTGGTGCAAGCGGGCTGGGTAGGGCTGGGAATGACCCCGTACAGAACTAAGTGCAGG,delGCTG,CAGGAGGCCCGACATCGCGTGGTGCAAGCGGGCTGGGT----AGGGCTGGGAATGACCCCGTACAGAACTAAGTGCAGG
179,del,0.0,,-5,0.0,0.1550627971449948,CAGGAGGCCCGACATCGCGTGGTGCAAGCGGGCTCTGAGGGCTGGGAATGACCCCGTACAGAACTAAGTGCAGG,delGGGTG,CAGGAGGCCCGACATCGCGTGGTGCAAGCGGGCT-----CTGAGGGCTGGGAATGACCCCGTACAGAACTAAGTGCAGG
180,del,1.0,,-5,0.0,0.1550627971449948,CAGGAGGCCCGACATCGCGTGGTGCAAGCGGGCTGTGAGGGCTGGGAATGACCCCGTACAGAACTAAGTGCAGG,delGGTGC,CAGGAGGCCCGACATCGCGTGGTGCAAGCGGGCTG-----TGAGGGCTGGGAATGACCCCGTACAGAACTAAGTGCAGG
181,del,0.0,,-6,0.0,0.0909950659028104,CAGGAGGCCCGACATCGCGTGGTGCAAGCGGGCCTGAGGGCTGGGAATGACCCCGTACAGAACTAAGTGCAGG,delTGGGTG,CAGGAGGCCCGACATCGCGTGGTGCAAGCGGGC------CTGAGGGCTGGGAATGACCCCGTACAGAACTAAGTGCAGG
182,del,1.0,,-6,0.0,0.0454975329514052,CAGGAGGCCCGACATCGCGTGGTGCAAGCGGGCTTGAGGGCTGGGAATGACCCCGTACAGAACTAAGTGCAGG,delGGGTGC,CAGGAGGCCCGACATCGCGTGGTGCAAGCGGGCT------TGAGGGCTGGGAATGACCCCGTACAGAACTAAGTGCAGG
183,del,4.0,,-6,0.0,0.0454975329514052,CAGGAGGCCCGACATCGCGTGGTGCAAGCGGGCTGGGGGGCTGGGAATGACCCCGTACAGAACTAAGTGCAGG,delTGCTGA,CAGGAGGCCCGACATCGCGTGGTGCAAGCGGGCTGGG------GGGCTGGGAATGACCCCGTACAGAACTAAGTGCAGG
184,del,0.0,,-8,0.0,0.0207337655122183,CAGGAGGCCCGACATCGCGTGGTGCAAGCGGCTGAGGGCTGGGAATGACCCCGTACAGAACTAAGTGCAGG,delGCTGGGTG,CAGGAGGCCCGACATCGCGTGGTGCAAGCGG--------CTGAGGGCTGGGAATGACCCCGTACAGAACTAAGTGCAGG
185,del,8.0,,-8,0.0,0.0207337655122183,CAGGAGGCCCGACATCGCGTGGTGCAAGCGGGCTGGGTGTGGGAATGACCCCGTACAGAACTAAGTGCAGG,delCTGAGGGC,CAGGAGGCCCGACATCGCGTGGTGCAAGCGGGCTGGGTG--------TGGGAATGACCCCGTACAGAACTAAGTGCAGG
186,del,1.0,,-8,0.0,0.0051834413780545,CAGGAGGCCCGACATCGCGTGGTGCAAGCGGGTGAGGGCTGGGAATGACCCCGTACAGAACTAAGTGCAGG,delCTGGGTGC,CAGGAGGCCCGACATCGCGTGGTGCAAGCGGG--------TGAGGGCTGGGAATGACCCCGTACAGAACTAAGTGCAGG
187,del,2.0,,-8,0.0,0.0051834413780545,CAGGAGGCCCGACATCGCGTGGTGCAAGCGGGCGAGGGCTGGGAATGACCCCGTACAGAACTAAGTGCAGG,delTGGGTGCT,CAGGAGGCCCGACATCGCGTGGTGCAAGCGGGC--------GAGGGCTGGGAATGACCCCGTACAGAACTAAGTGCAGG
188,del,3.0,,-8,0.0,0.0051834413780545,CAGGAGGCCCGACATCGCGTGGTGCAAGCGGGCTAGGGCTGGGAATGACCCCGTACAGAACTAAGTGCAGG,delGGGTGCTG,CAGGAGGCCCGACATCGCGTGGTGCAAGCGGGCT--------AGGGCTGGGAATGACCCCGTACAGAACTAAGTGCAGG
189,del,7.0,,-8,0.0,0.0051834413780545,CAGGAGGCCCGACATCGCGTGGTGCAAGCGGGCTGGGTCTGGGAATGACCCCGTACAGAACTAAGTGCAGG,delGCTGAGGG,CAGGAGGCCCGACATCGCGTGGTGCAAGCGGGCTGGGT--------CTGGGAATGACCCCGTACAGAACTAAGTGCAGG
190,del,0.0,,-9,0.0,0.0134444900168815,CAGGAGGCCCGACATCGCGTGGTGCAAGCGCTGAGGGCTGGGAATGACCCCGTACAGAACTAAGTGCAGG,delGGCTGGGTG,CAGGAGGCCCGACATCGCGTGGTGCAAGCG---------CTGAGGGCTGGGAATGACCCCGTACAGAACTAAGTGCAGG
191,del,9.0,,-9,0.0,0.0134444900168815,CAGGAGGCCCGACATCGCGTGGTGCAAGCGGGCTGGGTGGGGAATGACCCCGTACAGAACTAAGTGCAGG,delCTGAGGGCT,CAGGAGGCCCGACATCGCGTGGTGCAAGCGGGCTGGGTG---------GGGAATGACCCCGTACAGAACTAAGTGCAGG
192,del,1.0,,-9,0.0,0.0033611225042203,CAGGAGGCCCGACATCGCGTGGTGCAAGCGGTGAGGGCTGGGAATGACCCCGTACAGAACTAAGTGCAGG,delGCTGGGTGC,CAGGAGGCCCGACATCGCGTGGTGCAAGCGG---------TGAGGGCTGGGAATGACCCCGTACAGAACTAAGTGCAGG
193,del,2.0,,-9,0.0,0.0033611225042203,CAGGAGGCCCGACATCGCGTGGTGCAAGCGGGGAGGGCTGGGAATGACCCCGTACAGAACTAAGTGCAGG,delCTGGGTGCT,CAGGAGGCCCGACATCGCGTGGTGCAAGCGGG---------GAGGGCTGGGAATGACCCCGTACAGAACTAAGTGCAGG
194,del,3.0,,-9,0.0,0.0033611225042203,CAGGAGGCCCGACATCGCGTGGTGCAAGCGGGCAGGGCTGGGAATGACCCCGTACAGAACTAAGTGCAGG,delTGGGTGCTG,CAGGAGGCCCGACATCGCGTGGTGCAAGCGGGC---------AGGGCTGGGAATGACCCCGTACAGAACTAAGTGCAGG
195,del,8.0,,-9,0.0,0.0033611225042203,CAGGAGGCCCGACATCGCGTGGTGCAAGCGGGCTGGGTTGGGAATGACCCCGTACAGAACTAAGTGCAGG,delGCTGAGGGC,CAGGAGGCCCGACATCGCGTGGTGCAAGCGGGCTGGGT---------TGGGAATGACCCCGTACAGAACTAAGTGCAGG
196,del,0.0,,-10,0.0,0.0144749210756189,CAGGAGGCCCGACATCGCGTGGTGCAAGCCTGAGGGCTGGGAATGACCCCGTACAGAACTAAGTGCAGG,delGGGCTGGGTG,CAGGAGGCCCGACATCGCGTGGTGCAAGC----------CTGAGGGCTGGGAATGACCCCGTACAGAACTAAGTGCAGG
197,del,1.0,,-10,0.0,0.0072374605378094,CAGGAGGCCCGACATCGCGTGGTGCAAGCGTGAGGGCTGGGAATGACCCCGTACAGAACTAAGTGCAGG,delGGCTGGGTGC,CAGGAGGCCCGACATCGCGTGGTGCAAGCG----------TGAGGGCTGGGAATGACCCCGTACAGAACTAAGTGCAGG
198,del,4.0,,-10,0.0,0.0072374605378094,CAGGAGGCCCGACATCGCGTGGTGCAAGCGGGCGGGCTGGGAATGACCCCGTACAGAACTAAGTGCAGG,delTGGGTGCTGA,CAGGAGGCCCGACATCGCGTGGTGCAAGCGGGC----------GGGCTGGGAATGACCCCGTACAGAACTAAGTGCAGG
199,del,4.0,,-11,0.0,0.0054490836736092,CAGGAGGCCCGACATCGCGTGGTGCAAGCGGGGGGCTGGGAATGACCCCGTACAGAACTAAGTGCAGG,delCTGGGTGCTGA,CAGGAGGCCCGACATCGCGTGGTGCAAGCGGG-----------GGGCTGGGAATGACCCCGTACAGAACTAAGTGCAGG
200,del,5.0,,-11,0.0,0.0054490836736092,CAGGAGGCCCGACATCGCGTGGTGCAAGCGGGCGGCTGGGAATGACCCCGTACAGAACTAAGTGCAGG,delTGGGTGCTGAG,CAGGAGGCCCGACATCGCGTGGTGCAAGCGGGC-----------GGCTGGGAATGACCCCGTACAGAACTAAGTGCAGG
201,del,8.0,,-11,0.0,0.0054490836736092,CAGGAGGCCCGACATCGCGTGGTGCAAGCGGGCTGGTGGGAATGACCCCGTACAGAACTAAGTGCAGG,delGTGCTGAGGGC,CAGGAGGCCCGACATCGCGTGGTGCAAGCGGGCTGG-----------TGGGAATGACCCCGTACAGAACTAAGTGCAGG
202,del,9.0,,-11,0.0,0.0054490836736092,CAGGAGGCCCGACATCGCGTGGTGCAAGCGGGCTGGGGGGAATGACCCCGTACAGAACTAAGTGCAGG,delTGCTGAGGGCT,CAGGAGGCCCGACATCGCGTGGTGCAAGCGGGCTGGG-----------GGGAATGACCCCGTACAGAACTAAGTGCAGG
203,del,0.0,,-12,0.0,0.0083616013536588,CAGGAGGCCCGACATCGCGTGGTGCAACTGAGGGCTGGGAATGACCCCGTACAGAACTAAGTGCAGG,delGCGGGCTGGGTG,CAGGAGGCCCGACATCGCGTGGTGCAA------------CTGAGGGCTGGGAATGACCCCGTACAGAACTAAGTGCAGG
204,del,1.0,,-12,0.0,0.0020904003384147,CAGGAGGCCCGACATCGCGTGGTGCAAGTGAGGGCTGGGAATGACCCCGTACAGAACTAAGTGCAGG,delCGGGCTGGGTGC,CAGGAGGCCCGACATCGCGTGGTGCAAG------------TGAGGGCTGGGAATGACCCCGTACAGAACTAAGTGCAGG
205,del,6.0,,-12,0.0,0.0020904003384147,CAGGAGGCCCGACATCGCGTGGTGCAAGCGGGCGCTGGGAATGACCCCGTACAGAACTAAGTGCAGG,delTGGGTGCTGAGG,CAGGAGGCCCGACATCGCGTGGTGCAAGCGGGC------------GCTGGGAATGACCCCGTACAGAACTAAGTGCAGG
206,del,7.0,,-12,0.0,0.0020904003384147,CAGGAGGCCCGACATCGCGTGGTGCAAGCGGGCTCTGGGAATGACCCCGTACAGAACTAAGTGCAGG,delGGGTGCTGAGGG,CAGGAGGCCCGACATCGCGTGGTGCAAGCGGGCT------------CTGGGAATGACCCCGTACAGAACTAAGTGCAGG
207,del,8.0,,-12,0.0,0.0020904003384147,CAGGAGGCCCGACATCGCGTGGTGCAAGCGGGCTGTGGGAATGACCCCGTACAGAACTAAGTGCAGG,delGGTGCTGAGGGC,CAGGAGGCCCGACATCGCGTGGTGCAAGCGGGCTG------------TGGGAATGACCCCGTACAGAACTAAGTGCAGG
208,del,0.0,,-13,0.0,0.0043099412209711,CAGGAGGCCCGACATCGCGTGGTGCACTGAGGGCTGGGAATGACCCCGTACAGAACTAAGTGCAGG,delAGCGGGCTGGGTG,CAGGAGGCCCGACATCGCGTGGTGCA-------------CTGAGGGCTGGGAATGACCCCGTACAGAACTAAGTGCAGG
209,del,13.0,,-13,0.0,0.0043099412209711,CAGGAGGCCCGACATCGCGTGGTGCAAGCGGGCTGGGTGATGACCCCGTACAGAACTAAGTGCAGG,delCTGAGGGCTGGGA,CAGGAGGCCCGACATCGCGTGGTGCAAGCGGGCTGGGTG-------------ATGACCCCGTACAGAACTAAGTGCAGG
210,del,1.0,,-13,0.0,0.0007183235368285,CAGGAGGCCCGACATCGCGTGGTGCAATGAGGGCTGGGAATGACCCCGTACAGAACTAAGTGCAGG,delGCGGGCTGGGTGC,CAGGAGGCCCGACATCGCGTGGTGCAA-------------TGAGGGCTGGGAATGACCCCGTACAGAACTAAGTGCAGG
211,del,2.0,,-13,0.0,0.0007183235368285,CAGGAGGCCCGACATCGCGTGGTGCAAGGAGGGCTGGGAATGACCCCGTACAGAACTAAGTGCAGG,delCGGGCTGGGTGCT,CAGGAGGCCCGACATCGCGTGGTGCAAG-------------GAGGGCTGGGAATGACCCCGTACAGAACTAAGTGCAGG
212,del,3.0,,-13,0.0,0.0007183235368285,CAGGAGGCCCGACATCGCGTGGTGCAAGCAGGGCTGGGAATGACCCCGTACAGAACTAAGTGCAGG,delGGGCTGGGTGCTG,CAGGAGGCCCGACATCGCGTGGTGCAAGC-------------AGGGCTGGGAATGACCCCGTACAGAACTAAGTGCAGG
213,del,7.0,,-13,0.0,0.0007183235368285,CAGGAGGCCCGACATCGCGTGGTGCAAGCGGGCCTGGGAATGACCCCGTACAGAACTAAGTGCAGG,delTGGGTGCTGAGGG,CAGGAGGCCCGACATCGCGTGGTGCAAGCGGGC-------------CTGGGAATGACCCCGTACAGAACTAAGTGCAGG
214,del,8.0,,-13,0.0,0.0007183235368285,CAGGAGGCCCGACATCGCGTGGTGCAAGCGGGCTTGGGAATGACCCCGTACAGAACTAAGTGCAGG,delGGGTGCTGAGGGC,CAGGAGGCCCGACATCGCGTGGTGCAAGCGGGCT-------------TGGGAATGACCCCGTACAGAACTAAGTGCAGG
215,del,12.0,,-13,0.0,0.0007183235368285,CAGGAGGCCCGACATCGCGTGGTGCAAGCGGGCTGGGTAATGACCCCGTACAGAACTAAGTGCAGG,delGCTGAGGGCTGGG,CAGGAGGCCCGACATCGCGTGGTGCAAGCGGGCTGGGT-------------AATGACCCCGTACAGAACTAAGTGCAGG
216,del,0.0,,-14,0.0,0.0033436969995218,CAGGAGGCCCGACATCGCGTGGTGCCTGAGGGCTGGGAATGACCCCGTACAGAACTAAGTGCAGG,delAAGCGGGCTGGGTG,CAGGAGGCCCGACATCGCGTGGTGC--------------CTGAGGGCTGGGAATGACCCCGTACAGAACTAAGTGCAGG
217,del,14.0,,-14,0.0,0.0033436969995218,CAGGAGGCCCGACATCGCGTGGTGCAAGCGGGCTGGGTGTGACCCCGTACAGAACTAAGTGCAGG,delCTGAGGGCTGGGAA,CAGGAGGCCCGACATCGCGTGGTGCAAGCGGGCTGGGTG--------------TGACCCCGTACAGAACTAAGTGCAGG
218,del,1.0,,-14,0.0,0.0016718484997609,CAGGAGGCCCGACATCGCGTGGTGCATGAGGGCTGGGAATGACCCCGTACAGAACTAAGTGCAGG,delAGCGGGCTGGGTGC,CAGGAGGCCCGACATCGCGTGGTGCA--------------TGAGGGCTGGGAATGACCCCGTACAGAACTAAGTGCAGG
219,del,13.0,,-14,0.0,0.0016718484997609,CAGGAGGCCCGACATCGCGTGGTGCAAGCGGGCTGGGTATGACCCCGTACAGAACTAAGTGCAGG,delGCTGAGGGCTGGGA,CAGGAGGCCCGACATCGCGTGGTGCAAGCGGGCTGGGT--------------ATGACCCCGTACAGAACTAAGTGCAGG
220,del,15.0,,-15,0.0,0.003897590509072,CAGGAGGCCCGACATCGCGTGGTGCAAGCGGGCTGGGTGGACCCCGTACAGAACTAAGTGCAGG,delCTGAGGGCTGGGAAT,CAGGAGGCCCGACATCGCGTGGTGCAAGCGGGCTGGGTG---------------GACCCCGTACAGAACTAAGTGCAGG
221,del,2.0,,-15,0.0,0.0005567986441531,CAGGAGGCCCGACATCGCGTGGTGCAGAGGGCTGGGAATGACCCCGTACAGAACTAAGTGCAGG,delAGCGGGCTGGGTGCT,CAGGAGGCCCGACATCGCGTGGTGCA---------------GAGGGCTGGGAATGACCCCGTACAGAACTAAGTGCAGG
222,del,3.0,,-15,0.0,0.0005567986441531,CAGGAGGCCCGACATCGCGTGGTGCAAAGGGCTGGGAATGACCCCGTACAGAACTAAGTGCAGG,delGCGGGCTGGGTGCTG,CAGGAGGCCCGACATCGCGTGGTGCAA---------------AGGGCTGGGAATGACCCCGTACAGAACTAAGTGCAGG
223,del,4.0,,-15,0.0,0.0005567986441531,CAGGAGGCCCGACATCGCGTGGTGCAAGGGGCTGGGAATGACCCCGTACAGAACTAAGTGCAGG,delCGGGCTGGGTGCTGA,CAGGAGGCCCGACATCGCGTGGTGCAAG---------------GGGCTGGGAATGACCCCGTACAGAACTAAGTGCAGG
224,del,8.0,,-15,0.0,0.0005567986441531,CAGGAGGCCCGACATCGCGTGGTGCAAGCGGGTGGGAATGACCCCGTACAGAACTAAGTGCAGG,delCTGGGTGCTGAGGGC,CAGGAGGCCCGACATCGCGTGGTGCAAGCGGG---------------TGGGAATGACCCCGTACAGAACTAAGTGCAGG
225,del,9.0,,-15,0.0,0.0005567986441531,CAGGAGGCCCGACATCGCGTGGTGCAAGCGGGCGGGAATGACCCCGTACAGAACTAAGTGCAGG,delTGGGTGCTGAGGGCT,CAGGAGGCCCGACATCGCGTGGTGCAAGCGGGC---------------GGGAATGACCCCGTACAGAACTAAGTGCAGG
226,del,13.0,,-15,0.0,0.0005567986441531,CAGGAGGCCCGACATCGCGTGGTGCAAGCGGGCTGGGATGACCCCGTACAGAACTAAGTGCAGG,delTGCTGAGGGCTGGGA,CAGGAGGCCCGACATCGCGTGGTGCAAGCGGGCTGGG---------------ATGACCCCGTACAGAACTAAGTGCAGG
227,del,14.0,,-15,0.0,0.0005567986441531,CAGGAGGCCCGACATCGCGTGGTGCAAGCGGGCTGGGTTGACCCCGTACAGAACTAAGTGCAGG,delGCTGAGGGCTGGGAA,CAGGAGGCCCGACATCGCGTGGTGCAAGCGGGCTGGGT---------------TGACCCCGTACAGAACTAAGTGCAGG
228,del,0.0,,-16,0.0,0.0030314899702321,CAGGAGGCCCGACATCGCGTGGTCTGAGGGCTGGGAATGACCCCGTACAGAACTAAGTGCAGG,delGCAAGCGGGCTGGGTG,CAGGAGGCCCGACATCGCGTGGT----------------CTGAGGGCTGGGAATGACCCCGTACAGAACTAAGTGCAGG
229,del,1.0,,-16,0.0,0.000505248328372,CAGGAGGCCCGACATCGCGTGGTGTGAGGGCTGGGAATGACCCCGTACAGAACTAAGTGCAGG,delCAAGCGGGCTGGGTGC,CAGGAGGCCCGACATCGCGTGGTG----------------TGAGGGCTGGGAATGACCCCGTACAGAACTAAGTGCAGG
230,del,2.0,,-16,0.0,0.000505248328372,CAGGAGGCCCGACATCGCGTGGTGCGAGGGCTGGGAATGACCCCGTACAGAACTAAGTGCAGG,delAAGCGGGCTGGGTGCT,CAGGAGGCCCGACATCGCGTGGTGC----------------GAGGGCTGGGAATGACCCCGTACAGAACTAAGTGCAGG
231,del,8.0,,-16,0.0,0.000505248328372,CAGGAGGCCCGACATCGCGTGGTGCAAGCGGTGGGAATGACCCCGTACAGAACTAAGTGCAGG,delGCTGGGTGCTGAGGGC,CAGGAGGCCCGACATCGCGTGGTGCAAGCGG----------------TGGGAATGACCCCGTACAGAACTAAGTGCAGG
232,del,9.0,,-16,0.0,0.000505248328372,CAGGAGGCCCGACATCGCGTGGTGCAAGCGGGGGGAATGACCCCGTACAGAACTAAGTGCAGG,delCTGGGTGCTGAGGGCT,CAGGAGGCCCGACATCGCGTGGTGCAAGCGGG----------------GGGAATGACCCCGTACAGAACTAAGTGCAGG
233,del,10.0,,-16,0.0,0.000505248328372,CAGGAGGCCCGACATCGCGTGGTGCAAGCGGGCGGAATGACCCCGTACAGAACTAAGTGCAGG,delTGGGTGCTGAGGGCTG,CAGGAGGCCCGACATCGCGTGGTGCAAGCGGGC----------------GGAATGACCCCGTACAGAACTAAGTGCAGG
234,del,13.0,,-16,0.0,0.000505248328372,CAGGAGGCCCGACATCGCGTGGTGCAAGCGGGCTGGATGACCCCGTACAGAACTAAGTGCAGG,delGTGCTGAGGGCTGGGA,CAGGAGGCCCGACATCGCGTGGTGCAAGCGGGCTGG----------------ATGACCCCGTACAGAACTAAGTGCAGG
235,del,0.0,,-17,0.0,0.0015726798560007,CAGGAGGCCCGACATCGCGTGGCTGAGGGCTGGGAATGACCCCGTACAGAACTAAGTGCAGG,delTGCAAGCGGGCTGGGTG,CAGGAGGCCCGACATCGCGTGG-----------------CTGAGGGCTGGGAATGACCCCGTACAGAACTAAGTGCAGG
236,del,17.0,,-17,0.0,0.0015726798560007,CAGGAGGCCCGACATCGCGTGGTGCAAGCGGGCTGGGTGCCCCGTACAGAACTAAGTGCAGG,delCTGAGGGCTGGGAATGA,CAGGAGGCCCGACATCGCGTGGTGCAAGCGGGCTGGGTGC-----------------CCCGTACAGAACTAAGTGCAGG
237,del,1.0,,-17,0.0,0.0001572679856,CAGGAGGCCCGACATCGCGTGGTTGAGGGCTGGGAATGACCCCGTACAGAACTAAGTGCAGG,delGCAAGCGGGCTGGGTGC,CAGGAGGCCCGACATCGCGTGGT-----------------TGAGGGCTGGGAATGACCCCGTACAGAACTAAGTGCAGG
238,del,2.0,,-17,0.0,0.0001572679856,CAGGAGGCCCGACATCGCGTGGTGGAGGGCTGGGAATGACCCCGTACAGAACTAAGTGCAGG,delCAAGCGGGCTGGGTGCT,CAGGAGGCCCGACATCGCGTGGTG-----------------GAGGGCTGGGAATGACCCCGTACAGAACTAAGTGCAGG
239,del,7.0,,-17,0.0,0.0001572679856,CAGGAGGCCCGACATCGCGTGGTGCAAGCCTGGGAATGACCCCGTACAGAACTAAGTGCAGG,delGGGCTGGGTGCTGAGGG,CAGGAGGCCCGACATCGCGTGGTGCAAGC-----------------CTGGGAATGACCCCGTACAGAACTAAGTGCAGG
240,del,8.0,,-17,0.0,0.0001572679856,CAGGAGGCCCGACATCGCGTGGTGCAAGCGTGGGAATGACCCCGTACAGAACTAAGTGCAGG,delGGCTGGGTGCTGAGGGC,CAGGAGGCCCGACATCGCGTGGTGCAAGCG-----------------TGGGAATGACCCCGTACAGAACTAAGTGCAGG
241,del,11.0,,-17,0.0,0.0001572679856,CAGGAGGCCCGACATCGCGTGGTGCAAGCGGGCGAATGACCCCGTACAGAACTAAGTGCAGG,delTGGGTGCTGAGGGCTGG,CAGGAGGCCCGACATCGCGTGGTGCAAGCGGGC-----------------GAATGACCCCGTACAGAACTAAGTGCAGG
242,del,12.0,,-17,0.0,0.0001572679856,CAGGAGGCCCGACATCGCGTGGTGCAAGCGGGCTAATGACCCCGTACAGAACTAAGTGCAGG,delGGGTGCTGAGGGCTGGG,CAGGAGGCCCGACATCGCGTGGTGCAAGCGGGCT-----------------AATGACCCCGTACAGAACTAAGTGCAGG
243,del,13.0,,-17,0.0,0.0001572679856,CAGGAGGCCCGACATCGCGTGGTGCAAGCGGGCTGATGACCCCGTACAGAACTAAGTGCAGG,delGGTGCTGAGGGCTGGGA,CAGGAGGCCCGACATCGCGTGGTGCAAGCGGGCTG-----------------ATGACCCCGTACAGAACTAAGTGCAGG
244,del,14.0,,-17,0.0,0.0001572679856,CAGGAGGCCCGACATCGCGTGGTGCAAGCGGGCTGGTGACCCCGTACAGAACTAAGTGCAGG,delGTGCTGAGGGCTGGGAA,CAGGAGGCCCGACATCGCGTGGTGCAAGCGGGCTGG-----------------TGACCCCGTACAGAACTAAGTGCAGG
245,del,15.0,,-17,0.0,0.0001572679856,CAGGAGGCCCGACATCGCGTGGTGCAAGCGGGCTGGGGACCCCGTACAGAACTAAGTGCAGG,delTGCTGAGGGCTGGGAAT,CAGGAGGCCCGACATCGCGTGGTGCAAGCGGGCTGGG-----------------GACCCCGTACAGAACTAAGTGCAGG
246,del,16.0,,-17,0.0,0.0001572679856,CAGGAGGCCCGACATCGCGTGGTGCAAGCGGGCTGGGTACCCCGTACAGAACTAAGTGCAGG,delGCTGAGGGCTGGGAATG,CAGGAGGCCCGACATCGCGTGGTGCAAGCGGGCTGGGT-----------------ACCCCGTACAGAACTAAGTGCAGG
247,del,0.0,,-18,0.0,0.0012241754005961,CAGGAGGCCCGACATCGCGTGCTGAGGGCTGGGAATGACCCCGTACAGAACTAAGTGCAGG,delGTGCAAGCGGGCTGGGTG,CAGGAGGCCCGACATCGCGTG------------------CTGAGGGCTGGGAATGACCCCGTACAGAACTAAGTGCAGG
248,del,18.0,,-18,0.0,0.0012241754005961,CAGGAGGCCCGACATCGCGTGGTGCAAGCGGGCTGGGTGCCCGTACAGAACTAAGTGCAGG,delCTGAGGGCTGGGAATGAC,CAGGAGGCCCGACATCGCGTGGTGCAAGCGGGCTGGGTGC------------------CCGTACAGAACTAAGTGCAGG
249,del,4.0,,-18,0.0,0.0002040292334326,CAGGAGGCCCGACATCGCGTGGTGCGGGCTGGGAATGACCCCGTACAGAACTAAGTGCAGG,delAAGCGGGCTGGGTGCTGA,CAGGAGGCCCGACATCGCGTGGTGC------------------GGGCTGGGAATGACCCCGTACAGAACTAAGTGCAGG
250,del,5.0,,-18,0.0,0.0002040292334326,CAGGAGGCCCGACATCGCGTGGTGCAGGCTGGGAATGACCCCGTACAGAACTAAGTGCAGG,delAGCGGGCTGGGTGCTGAG,CAGGAGGCCCGACATCGCGTGGTGCA------------------GGCTGGGAATGACCCCGTACAGAACTAAGTGCAGG
251,del,12.0,,-18,0.0,0.0002040292334326,CAGGAGGCCCGACATCGCGTGGTGCAAGCGGGCAATGACCCCGTACAGAACTAAGTGCAGG,delTGGGTGCTGAGGGCTGGG,CAGGAGGCCCGACATCGCGTGGTGCAAGCGGGC------------------AATGACCCCGTACAGAACTAAGTGCAGG
252,del,13.0,,-18,0.0,0.0002040292334326,CAGGAGGCCCGACATCGCGTGGTGCAAGCGGGCTATGACCCCGTACAGAACTAAGTGCAGG,delGGGTGCTGAGGGCTGGGA,CAGGAGGCCCGACATCGCGTGGTGCAAGCGGGCT------------------ATGACCCCGTACAGAACTAAGTGCAGG
253,del,14.0,,-18,0.0,0.0002040292334326,CAGGAGGCCCGACATCGCGTGGTGCAAGCGGGCTGTGACCCCGTACAGAACTAAGTGCAGG,delGGTGCTGAGGGCTGGGAA,CAGGAGGCCCGACATCGCGTGGTGCAAGCGGGCTG------------------TGACCCCGTACAGAACTAAGTGCAGG
254,del,17.0,,-18,0.0,0.0002040292334326,CAGGAGGCCCGACATCGCGTGGTGCAAGCGGGCTGGGTCCCCGTACAGAACTAAGTGCAGG,delGCTGAGGGCTGGGAATGA,CAGGAGGCCCGACATCGCGTGGTGCAAGCGGGCTGGGT------------------CCCCGTACAGAACTAAGTGCAGG
255,del,0.0,,-19,0.0,0.0009530719876014,CAGGAGGCCCGACATCGCGTCTGAGGGCTGGGAATGACCCCGTACAGAACTAAGTGCAGG,delGGTGCAAGCGGGCTGGGTG,CAGGAGGCCCGACATCGCGT-------------------CTGAGGGCTGGGAATGACCCCGTACAGAACTAAGTGCAGG
256,del,19.0,,-19,0.0,0.0009530719876014,CAGGAGGCCCGACATCGCGTGGTGCAAGCGGGCTGGGTGCCGTACAGAACTAAGTGCAGG,delCTGAGGGCTGGGAATGACC,CAGGAGGCCCGACATCGCGTGGTGCAAGCGGGCTGGGTGC-------------------CGTACAGAACTAAGTGCAGG
257,del,1.0,,-19,0.0,7.942266563345562e-05,CAGGAGGCCCGACATCGCGTGTGAGGGCTGGGAATGACCCCGTACAGAACTAAGTGCAGG,delGTGCAAGCGGGCTGGGTGC,CAGGAGGCCCGACATCGCGTG-------------------TGAGGGCTGGGAATGACCCCGTACAGAACTAAGTGCAGG
258,del,2.0,,-19,0.0,7.942266563345562e-05,CAGGAGGCCCGACATCGCGTGGGAGGGCTGGGAATGACCCCGTACAGAACTAAGTGCAGG,delTGCAAGCGGGCTGGGTGCT,CAGGAGGCCCGACATCGCGTGG-------------------GAGGGCTGGGAATGACCCCGTACAGAACTAAGTGCAGG
259,del,3.0,,-19,0.0,7.942266563345562e-05,CAGGAGGCCCGACATCGCGTGGTAGGGCTGGGAATGACCCCGTACAGAACTAAGTGCAGG,delGCAAGCGGGCTGGGTGCTG,CAGGAGGCCCGACATCGCGTGGT-------------------AGGGCTGGGAATGACCCCGTACAGAACTAAGTGCAGG
260,del,4.0,,-19,0.0,7.942266563345562e-05,CAGGAGGCCCGACATCGCGTGGTGGGGCTGGGAATGACCCCGTACAGAACTAAGTGCAGG,delCAAGCGGGCTGGGTGCTGA,CAGGAGGCCCGACATCGCGTGGTG-------------------GGGCTGGGAATGACCCCGTACAGAACTAAGTGCAGG
261,del,5.0,,-19,0.0,7.942266563345562e-05,CAGGAGGCCCGACATCGCGTGGTGCGGCTGGGAATGACCCCGTACAGAACTAAGTGCAGG,delAAGCGGGCTGGGTGCTGAG,CAGGAGGCCCGACATCGCGTGGTGC-------------------GGCTGGGAATGACCCCGTACAGAACTAAGTGCAGG
262,del,6.0,,-19,0.0,7.942266563345562e-05,CAGGAGGCCCGACATCGCGTGGTGCAGCTGGGAATGACCCCGTACAGAACTAAGTGCAGG,delAGCGGGCTGGGTGCTGAGG,CAGGAGGCCCGACATCGCGTGGTGCA-------------------GCTGGGAATGACCCCGTACAGAACTAAGTGCAGG
263,del,7.0,,-19,0.0,7.942266563345562e-05,CAGGAGGCCCGACATCGCGTGGTGCAACTGGGAATGACCCCGTACAGAACTAAGTGCAGG,delGCGGGCTGGGTGCTGAGGG,CAGGAGGCCCGACATCGCGTGGTGCAA-------------------CTGGGAATGACCCCGTACAGAACTAAGTGCAGG
264,del,8.0,,-19,0.0,7.942266563345562e-05,CAGGAGGCCCGACATCGCGTGGTGCAAGTGGGAATGACCCCGTACAGAACTAAGTGCAGG,delCGGGCTGGGTGCTGAGGGC,CAGGAGGCCCGACATCGCGTGGTGCAAG-------------------TGGGAATGACCCCGTACAGAACTAAGTGCAGG
265,del,13.0,,-19,0.0,7.942266563345562e-05,CAGGAGGCCCGACATCGCGTGGTGCAAGCGGGCATGACCCCGTACAGAACTAAGTGCAGG,delTGGGTGCTGAGGGCTGGGA,CAGGAGGCCCGACATCGCGTGGTGCAAGCGGGC-------------------ATGACCCCGTACAGAACTAAGTGCAGG
266,del,14.0,,-19,0.0,7.942266563345562e-05,CAGGAGGCCCGACATCGCGTGGTGCAAGCGGGCTTGACCCCGTACAGAACTAAGTGCAGG,delGGGTGCTGAGGGCTGGGAA,CAGGAGGCCCGACATCGCGTGGTGCAAGCGGGCT-------------------TGACCCCGTACAGAACTAAGTGCAGG
267,del,17.0,,-19,0.0,7.942266563345562e-05,CAGGAGGCCCGACATCGCGTGGTGCAAGCGGGCTGGGCCCCGTACAGAACTAAGTGCAGG,delTGCTGAGGGCTGGGAATGA,CAGGAGGCCCGACATCGCGTGGTGCAAGCGGGCTGGG-------------------CCCCGTACAGAACTAAGTGCAGG
268,del,18.0,,-19,0.0,7.942266563345562e-05,CAGGAGGCCCGACATCGCGTGGTGCAAGCGGGCTGGGTCCCGTACAGAACTAAGTGCAGG,delGCTGAGGGCTGGGAATGAC,CAGGAGGCCCGACATCGCGTGGTGCAAGCGGGCTGGGT-------------------CCCGTACAGAACTAAGTGCAGG
269,del,0.0,,-20,0.0,0.0007420916503786,CAGGAGGCCCGACATCGCGCTGAGGGCTGGGAATGACCCCGTACAGAACTAAGTGCAGG,delTGGTGCAAGCGGGCTGGGTG,CAGGAGGCCCGACATCGCG--------------------CTGAGGGCTGGGAATGACCCCGTACAGAACTAAGTGCAGG
270,del,20.0,,-20,0.0,0.0007420916503786,CAGGAGGCCCGACATCGCGTGGTGCAAGCGGGCTGGGTGCGTACAGAACTAAGTGCAGG,delCTGAGGGCTGGGAATGACCC,CAGGAGGCCCGACATCGCGTGGTGCAAGCGGGCTGGGTGC--------------------GTACAGAACTAAGTGCAGG
271,del,1.0,,-20,0.0,8.245462781985388e-05,CAGGAGGCCCGACATCGCGTTGAGGGCTGGGAATGACCCCGTACAGAACTAAGTGCAGG,delGGTGCAAGCGGGCTGGGTGC,CAGGAGGCCCGACATCGCGT--------------------TGAGGGCTGGGAATGACCCCGTACAGAACTAAGTGCAGG
272,del,6.0,,-20,0.0,8.245462781985388e-05,CAGGAGGCCCGACATCGCGTGGTGCGCTGGGAATGACCCCGTACAGAACTAAGTGCAGG,delAAGCGGGCTGGGTGCTGAGG,CAGGAGGCCCGACATCGCGTGGTGC--------------------GCTGGGAATGACCCCGTACAGAACTAAGTGCAGG
273,del,7.0,,-20,0.0,8.245462781985388e-05,CAGGAGGCCCGACATCGCGTGGTGCACTGGGAATGACCCCGTACAGAACTAAGTGCAGG,delAGCGGGCTGGGTGCTGAGGG,CAGGAGGCCCGACATCGCGTGGTGCA--------------------CTGGGAATGACCCCGTACAGAACTAAGTGCAGG
274,del,8.0,,-20,0.0,8.245462781985388e-05,CAGGAGGCCCGACATCGCGTGGTGCAATGGGAATGACCCCGTACAGAACTAAGTGCAGG,delGCGGGCTGGGTGCTGAGGGC,CAGGAGGCCCGACATCGCGTGGTGCAA--------------------TGGGAATGACCCCGTACAGAACTAAGTGCAGG
275,del,9.0,,-20,0.0,8.245462781985388e-05,CAGGAGGCCCGACATCGCGTGGTGCAAGGGGAATGACCCCGTACAGAACTAAGTGCAGG,delCGGGCTGGGTGCTGAGGGCT,CAGGAGGCCCGACATCGCGTGGTGCAAG--------------------GGGAATGACCCCGTACAGAACTAAGTGCAGG
276,del,13.0,,-20,0.0,8.245462781985388e-05,CAGGAGGCCCGACATCGCGTGGTGCAAGCGGGATGACCCCGTACAGAACTAAGTGCAGG,delCTGGGTGCTGAGGGCTGGGA,CAGGAGGCCCGACATCGCGTGGTGCAAGCGGG--------------------ATGACCCCGTACAGAACTAAGTGCAGG
277,del,17.0,,-20,0.0,8.245462781985388e-05,CAGGAGGCCCGACATCGCGTGGTGCAAGCGGGCTGGCCCCGTACAGAACTAAGTGCAGG,delGTGCTGAGGGCTGGGAATGA,CAGGAGGCCCGACATCGCGTGGTGCAAGCGGGCTGG--------------------CCCCGTACAGAACTAAGTGCAGG
278,del,18.0,,-20,0.0,8.245462781985388e-05,CAGGAGGCCCGACATCGCGTGGTGCAAGCGGGCTGGGCCCGTACAGAACTAAGTGCAGG,delTGCTGAGGGCTGGGAATGAC,CAGGAGGCCCGACATCGCGTGGTGCAAGCGGGCTGGG--------------------CCCGTACAGAACTAAGTGCAGG
279,del,19.0,,-20,0.0,8.245462781985388e-05,CAGGAGGCCCGACATCGCGTGGTGCAAGCGGGCTGGGTCCGTACAGAACTAAGTGCAGG,delGCTGAGGGCTGGGAATGACC,CAGGAGGCCCGACATCGCGTGGTGCAAGCGGGCTGGGT--------------------CCGTACAGAACTAAGTGCAGG
280,del,0.0,,-21,0.0,0.0005778584430535,CAGGAGGCCCGACATCGCCTGAGGGCTGGGAATGACCCCGTACAGAACTAAGTGCAGG,delGTGGTGCAAGCGGGCTGGGTG,CAGGAGGCCCGACATCGC---------------------CTGAGGGCTGGGAATGACCCCGTACAGAACTAAGTGCAGG
281,del,21.0,,-21,0.0,0.0005778584430535,CAGGAGGCCCGACATCGCGTGGTGCAAGCGGGCTGGGTGGTACAGAACTAAGTGCAGG,delCTGAGGGCTGGGAATGACCCC,CAGGAGGCCCGACATCGCGTGGTGCAAGCGGGCTGGGTG---------------------GTACAGAACTAAGTGCAGG
282,del,4.0,,-21,0.0,5.2532585732145184e-05,CAGGAGGCCCGACATCGCGTGGGGGCTGGGAATGACCCCGTACAGAACTAAGTGCAGG,delTGCAAGCGGGCTGGGTGCTGA,CAGGAGGCCCGACATCGCGTGG---------------------GGGCTGGGAATGACCCCGTACAGAACTAAGTGCAGG
283,del,7.0,,-21,0.0,5.2532585732145184e-05,CAGGAGGCCCGACATCGCGTGGTGCCTGGGAATGACCCCGTACAGAACTAAGTGCAGG,delAAGCGGGCTGGGTGCTGAGGG,CAGGAGGCCCGACATCGCGTGGTGC---------------------CTGGGAATGACCCCGTACAGAACTAAGTGCAGG
284,del,8.0,,-21,0.0,5.2532585732145184e-05,CAGGAGGCCCGACATCGCGTGGTGCATGGGAATGACCCCGTACAGAACTAAGTGCAGG,delAGCGGGCTGGGTGCTGAGGGC,CAGGAGGCCCGACATCGCGTGGTGCA---------------------TGGGAATGACCCCGTACAGAACTAAGTGCAGG
285,del,13.0,,-21,0.0,5.2532585732145184e-05,CAGGAGGCCCGACATCGCGTGGTGCAAGCGGATGACCCCGTACAGAACTAAGTGCAGG,delGCTGGGTGCTGAGGGCTGGGA,CAGGAGGCCCGACATCGCGTGGTGCAAGCGG---------------------ATGACCCCGTACAGAACTAAGTGCAGG
286,del,14.0,,-21,0.0,5.2532585732145184e-05,CAGGAGGCCCGACATCGCGTGGTGCAAGCGGGTGACCCCGTACAGAACTAAGTGCAGG,delCTGGGTGCTGAGGGCTGGGAA,CAGGAGGCCCGACATCGCGTGGTGCAAGCGGG---------------------TGACCCCGTACAGAACTAAGTGCAGG
287,del,15.0,,-21,0.0,5.2532585732145184e-05,CAGGAGGCCCGACATCGCGTGGTGCAAGCGGGCGACCCCGTACAGAACTAAGTGCAGG,delTGGGTGCTGAGGGCTGGGAAT,CAGGAGGCCCGACATCGCGTGGTGCAAGCGGGC---------------------GACCCCGTACAGAACTAAGTGCAGG
288,del,16.0,,-21,0.0,5.2532585732145184e-05,CAGGAGGCCCGACATCGCGTGGTGCAAGCGGGCTACCCCGTACAGAACTAAGTGCAGG,delGGGTGCTGAGGGCTGGGAATG,CAGGAGGCCCGACATCGCGTGGTGCAAGCGGGCT---------------------ACCCCGTACAGAACTAAGTGCAGG
289,del,17.0,,-21,0.0,5.2532585732145184e-05,CAGGAGGCCCGACATCGCGTGGTGCAAGCGGGCTGCCCCGTACAGAACTAAGTGCAGG,delGGTGCTGAGGGCTGGGAATGA,CAGGAGGCCCGACATCGCGTGGTGCAAGCGGGCTG---------------------CCCCGTACAGAACTAAGTGCAGG
290,del,18.0,,-21,0.0,5.2532585732145184e-05,CAGGAGGCCCGACATCGCGTGGTGCAAGCGGGCTGGCCCGTACAGAACTAAGTGCAGG,delGTGCTGAGGGCTGGGAATGAC,CAGGAGGCCCGACATCGCGTGGTGCAAGCGGGCTGG---------------------CCCGTACAGAACTAAGTGCAGG
291,del,19.0,,-21,0.0,5.2532585732145184e-05,CAGGAGGCCCGACATCGCGTGGTGCAAGCGGGCTGGGCCGTACAGAACTAAGTGCAGG,delTGCTGAGGGCTGGGAATGACC,CAGGAGGCCCGACATCGCGTGGTGCAAGCGGGCTGGG---------------------CCGTACAGAACTAAGTGCAGG
292,del,20.0,,-21,0.0,5.2532585732145184e-05,CAGGAGGCCCGACATCGCGTGGTGCAAGCGGGCTGGGTCGTACAGAACTAAGTGCAGG,delGCTGAGGGCTGGGAATGACCC,CAGGAGGCCCGACATCGCGTGGTGCAAGCGGGCTGGGT---------------------CGTACAGAACTAAGTGCAGG
293,del,2.0,,-22,0.0,0.0001124983971865,CAGGAGGCCCGACATCGCGGAGGGCTGGGAATGACCCCGTACAGAACTAAGTGCAGG,delTGGTGCAAGCGGGCTGGGTGCT,CAGGAGGCCCGACATCGCG----------------------GAGGGCTGGGAATGACCCCGTACAGAACTAAGTGCAGG
294,del,3.0,,-22,0.0,0.0001124983971865,CAGGAGGCCCGACATCGCGTAGGGCTGGGAATGACCCCGTACAGAACTAAGTGCAGG,delGGTGCAAGCGGGCTGGGTGCTG,CAGGAGGCCCGACATCGCGT----------------------AGGGCTGGGAATGACCCCGTACAGAACTAAGTGCAGG
295,del,9.0,,-22,0.0,0.0001124983971865,CAGGAGGCCCGACATCGCGTGGTGCAGGGAATGACCCCGTACAGAACTAAGTGCAGG,delAGCGGGCTGGGTGCTGAGGGCT,CAGGAGGCCCGACATCGCGTGGTGCA----------------------GGGAATGACCCCGTACAGAACTAAGTGCAGG
296,del,12.0,,-22,0.0,0.0001124983971865,CAGGAGGCCCGACATCGCGTGGTGCAAGCAATGACCCCGTACAGAACTAAGTGCAGG,delGGGCTGGGTGCTGAGGGCTGGG,CAGGAGGCCCGACATCGCGTGGTGCAAGC----------------------AATGACCCCGTACAGAACTAAGTGCAGG
297,del,13.0,,-22,0.0,0.0001124983971865,CAGGAGGCCCGACATCGCGTGGTGCAAGCGATGACCCCGTACAGAACTAAGTGCAGG,delGGCTGGGTGCTGAGGGCTGGGA,CAGGAGGCCCGACATCGCGTGGTGCAAGCG----------------------ATGACCCCGTACAGAACTAAGTGCAGG
298,del,14.0,,-22,0.0,0.0001124983971865,CAGGAGGCCCGACATCGCGTGGTGCAAGCGGTGACCCCGTACAGAACTAAGTGCAGG,delGCTGGGTGCTGAGGGCTGGGAA,CAGGAGGCCCGACATCGCGTGGTGCAAGCGG----------------------TGACCCCGTACAGAACTAAGTGCAGG
299,del,15.0,,-22,0.0,0.0001124983971865,CAGGAGGCCCGACATCGCGTGGTGCAAGCGGGGACCCCGTACAGAACTAAGTGCAGG,delCTGGGTGCTGAGGGCTGGGAAT,CAGGAGGCCCGACATCGCGTGGTGCAAGCGGG----------------------GACCCCGTACAGAACTAAGTGCAGG
300,del,16.0,,-22,0.0,0.0001124983971865,CAGGAGGCCCGACATCGCGTGGTGCAAGCGGGCACCCCGTACAGAACTAAGTGCAGG,delTGGGTGCTGAGGGCTGGGAATG,CAGGAGGCCCGACATCGCGTGGTGCAAGCGGGC----------------------ACCCCGTACAGAACTAAGTGCAGG
301,del,17.0,,-22,0.0,0.0001124983971865,CAGGAGGCCCGACATCGCGTGGTGCAAGCGGGCTCCCCGTACAGAACTAAGTGCAGG,delGGGTGCTGAGGGCTGGGAATGA,CAGGAGGCCCGACATCGCGTGGTGCAAGCGGGCT----------------------CCCCGTACAGAACTAAGTGCAGG
302,del,18.0,,-22,0.0,0.0001124983971865,CAGGAGGCCCGACATCGCGTGGTGCAAGCGGGCTGCCCGTACAGAACTAAGTGCAGG,delGGTGCTGAGGGCTGGGAATGAC,CAGGAGGCCCGACATCGCGTGGTGCAAGCGGGCTG----------------------CCCGTACAGAACTAAGTGCAGG
303,del,19.0,,-22,0.0,0.0001124983971865,CAGGAGGCCCGACATCGCGTGGTGCAAGCGGGCTGGCCGTACAGAACTAAGTGCAGG,delGTGCTGAGGGCTGGGAATGACC,CAGGAGGCCCGACATCGCGTGGTGCAAGCGGGCTGG----------------------CCGTACAGAACTAAGTGCAGG
304,del,20.0,,-22,0.0,0.0001124983971865,CAGGAGGCCCGACATCGCGTGGTGCAAGCGGGCTGGGCGTACAGAACTAAGTGCAGG,delTGCTGAGGGCTGGGAATGACCC,CAGGAGGCCCGACATCGCGTGGTGCAAGCGGGCTGGG----------------------CGTACAGAACTAAGTGCAGG
305,del,0.0,,-23,0.0,0.0003504329972677,CAGGAGGCCCGACATCCTGAGGGCTGGGAATGACCCCGTACAGAACTAAGTGCAGG,delGCGTGGTGCAAGCGGGCTGGGTG,CAGGAGGCCCGACATC-----------------------CTGAGGGCTGGGAATGACCCCGTACAGAACTAAGTGCAGG
306,del,23.0,,-23,0.0,0.0003504329972677,CAGGAGGCCCGACATCGCGTGGTGCAAGCGGGCTGGGTGACAGAACTAAGTGCAGG,delCTGAGGGCTGGGAATGACCCCGT,CAGGAGGCCCGACATCGCGTGGTGCAAGCGGGCTGGGTG-----------------------ACAGAACTAAGTGCAGG
307,del,1.0,,-23,0.0,2.695638440521463e-05,CAGGAGGCCCGACATCGTGAGGGCTGGGAATGACCCCGTACAGAACTAAGTGCAGG,delCGTGGTGCAAGCGGGCTGGGTGC,CAGGAGGCCCGACATCG-----------------------TGAGGGCTGGGAATGACCCCGTACAGAACTAAGTGCAGG
308,del,7.0,,-23,0.0,2.695638440521463e-05,CAGGAGGCCCGACATCGCGTGGTCTGGGAATGACCCCGTACAGAACTAAGTGCAGG,delGCAAGCGGGCTGGGTGCTGAGGG,CAGGAGGCCCGACATCGCGTGGT-----------------------CTGGGAATGACCCCGTACAGAACTAAGTGCAGG
309,del,8.0,,-23,0.0,2.695638440521463e-05,CAGGAGGCCCGACATCGCGTGGTGTGGGAATGACCCCGTACAGAACTAAGTGCAGG,delCAAGCGGGCTGGGTGCTGAGGGC,CAGGAGGCCCGACATCGCGTGGTG-----------------------TGGGAATGACCCCGTACAGAACTAAGTGCAGG
310,del,9.0,,-23,0.0,2.695638440521463e-05,CAGGAGGCCCGACATCGCGTGGTGCGGGAATGACCCCGTACAGAACTAAGTGCAGG,delAAGCGGGCTGGGTGCTGAGGGCT,CAGGAGGCCCGACATCGCGTGGTGC-----------------------GGGAATGACCCCGTACAGAACTAAGTGCAGG
311,del,10.0,,-23,0.0,2.695638440521463e-05,CAGGAGGCCCGACATCGCGTGGTGCAGGAATGACCCCGTACAGAACTAAGTGCAGG,delAGCGGGCTGGGTGCTGAGGGCTG,CAGGAGGCCCGACATCGCGTGGTGCA-----------------------GGAATGACCCCGTACAGAACTAAGTGCAGG
312,del,13.0,,-23,0.0,2.695638440521463e-05,CAGGAGGCCCGACATCGCGTGGTGCAAGCATGACCCCGTACAGAACTAAGTGCAGG,delGGGCTGGGTGCTGAGGGCTGGGA,CAGGAGGCCCGACATCGCGTGGTGCAAGC-----------------------ATGACCCCGTACAGAACTAAGTGCAGG
313,del,14.0,,-23,0.0,2.695638440521463e-05,CAGGAGGCCCGACATCGCGTGGTGCAAGCGTGACCCCGTACAGAACTAAGTGCAGG,delGGCTGGGTGCTGAGGGCTGGGAA,CAGGAGGCCCGACATCGCGTGGTGCAAGCG-----------------------TGACCCCGTACAGAACTAAGTGCAGG
314,del,17.0,,-23,0.0,2.695638440521463e-05,CAGGAGGCCCGACATCGCGTGGTGCAAGCGGGCCCCCGTACAGAACTAAGTGCAGG,delTGGGTGCTGAGGGCTGGGAATGA,CAGGAGGCCCGACATCGCGTGGTGCAAGCGGGC-----------------------CCCCGTACAGAACTAAGTGCAGG
315,del,18.0,,-23,0.0,2.695638440521463e-05,CAGGAGGCCCGACATCGCGTGGTGCAAGCGGGCTCCCGTACAGAACTAAGTGCAGG,delGGGTGCTGAGGGCTGGGAATGAC,CAGGAGGCCCGACATCGCGTGGTGCAAGCGGGCT-----------------------CCCGTACAGAACTAAGTGCAGG
316,del,19.0,,-23,0.0,2.695638440521463e-05,CAGGAGGCCCGACATCGCGTGGTGCAAGCGGGCTGCCGTACAGAACTAAGTGCAGG,delGGTGCTGAGGGCTGGGAATGACC,CAGGAGGCCCGACATCGCGTGGTGCAAGCGGGCTG-----------------------CCGTACAGAACTAAGTGCAGG
317,del,20.0,,-23,0.0,2.695638440521463e-05,CAGGAGGCCCGACATCGCGTGGTGCAAGCGGGCTGGCGTACAGAACTAAGTGCAGG,delGTGCTGAGGGCTGGGAATGACCC,CAGGAGGCCCGACATCGCGTGGTGCAAGCGGGCTGG-----------------------CGTACAGAACTAAGTGCAGG
318,del,21.0,,-23,0.0,2.695638440521463e-05,CAGGAGGCCCGACATCGCGTGGTGCAAGCGGGCTGGGGTACAGAACTAAGTGCAGG,delTGCTGAGGGCTGGGAATGACCCC,CAGGAGGCCCGACATCGCGTGGTGCAAGCGGGCTGGG-----------------------GTACAGAACTAAGTGCAGG
319,del,22.0,,-23,0.0,2.695638440521463e-05,CAGGAGGCCCGACATCGCGTGGTGCAAGCGGGCTGGGTTACAGAACTAAGTGCAGG,delGCTGAGGGCTGGGAATGACCCCG,CAGGAGGCCCGACATCGCGTGGTGCAAGCGGGCTGGGT-----------------------TACAGAACTAAGTGCAGG
320,del,24.0,,-24,0.0,0.0004093587486097,CAGGAGGCCCGACATCGCGTGGTGCAAGCGGGCTGGGTGCAGAACTAAGTGCAGG,delCTGAGGGCTGGGAATGACCCCGTA,CAGGAGGCCCGACATCGCGTGGTGCAAGCGGGCTGGGTGC------------------------AGAACTAAGTGCAGG
321,del,2.0,,-24,0.0,3.4113229050810996e-05,CAGGAGGCCCGACATCGGAGGGCTGGGAATGACCCCGTACAGAACTAAGTGCAGG,delCGTGGTGCAAGCGGGCTGGGTGCT,CAGGAGGCCCGACATCG------------------------GAGGGCTGGGAATGACCCCGTACAGAACTAAGTGCAGG
322,del,3.0,,-24,0.0,3.4113229050810996e-05,CAGGAGGCCCGACATCGCAGGGCTGGGAATGACCCCGTACAGAACTAAGTGCAGG,delGTGGTGCAAGCGGGCTGGGTGCTG,CAGGAGGCCCGACATCGC------------------------AGGGCTGGGAATGACCCCGTACAGAACTAAGTGCAGG
323,del,4.0,,-24,0.0,3.4113229050810996e-05,CAGGAGGCCCGACATCGCGGGGCTGGGAATGACCCCGTACAGAACTAAGTGCAGG,delTGGTGCAAGCGGGCTGGGTGCTGA,CAGGAGGCCCGACATCGCG------------------------GGGCTGGGAATGACCCCGTACAGAACTAAGTGCAGG
324,del,8.0,,-24,0.0,3.4113229050810996e-05,CAGGAGGCCCGACATCGCGTGGTTGGGAATGACCCCGTACAGAACTAAGTGCAGG,delGCAAGCGGGCTGGGTGCTGAGGGC,CAGGAGGCCCGACATCGCGTGGT------------------------TGGGAATGACCCCGTACAGAACTAAGTGCAGG
325,del,9.0,,-24,0.0,3.4113229050810996e-05,CAGGAGGCCCGACATCGCGTGGTGGGGAATGACCCCGTACAGAACTAAGTGCAGG,delCAAGCGGGCTGGGTGCTGAGGGCT,CAGGAGGCCCGACATCGCGTGGTG------------------------GGGAATGACCCCGTACAGAACTAAGTGCAGG
326,del,10.0,,-24,0.0,3.4113229050810996e-05,CAGGAGGCCCGACATCGCGTGGTGCGGAATGACCCCGTACAGAACTAAGTGCAGG,delAAGCGGGCTGGGTGCTGAGGGCTG,CAGGAGGCCCGACATCGCGTGGTGC------------------------GGAATGACCCCGTACAGAACTAAGTGCAGG
327,del,11.0,,-24,0.0,3.4113229050810996e-05,CAGGAGGCCCGACATCGCGTGGTGCAGAATGACCCCGTACAGAACTAAGTGCAGG,delAGCGGGCTGGGTGCTGAGGGCTGG,CAGGAGGCCCGACATCGCGTGGTGCA------------------------GAATGACCCCGTACAGAACTAAGTGCAGG
328,del,12.0,,-24,0.0,3.4113229050810996e-05,CAGGAGGCCCGACATCGCGTGGTGCAAAATGACCCCGTACAGAACTAAGTGCAGG,delGCGGGCTGGGTGCTGAGGGCTGGG,CAGGAGGCCCGACATCGCGTGGTGCAA------------------------AATGACCCCGTACAGAACTAAGTGCAGG
329,del,13.0,,-24,0.0,3.4113229050810996e-05,CAGGAGGCCCGACATCGCGTGGTGCAAGATGACCCCGTACAGAACTAAGTGCAGG,delCGGGCTGGGTGCTGAGGGCTGGGA,CAGGAGGCCCGACATCGCGTGGTGCAAG------------------------ATGACCCCGTACAGAACTAAGTGCAGG
330,del,14.0,,-24,0.0,3.4113229050810996e-05,CAGGAGGCCCGACATCGCGTGGTGCAAGCTGACCCCGTACAGAACTAAGTGCAGG,delGGGCTGGGTGCTGAGGGCTGGGAA,CAGGAGGCCCGACATCGCGTGGTGCAAGC------------------------TGACCCCGTACAGAACTAAGTGCAGG
331,del,19.0,,-24,0.0,3.4113229050810996e-05,CAGGAGGCCCGACATCGCGTGGTGCAAGCGGGCTCCGTACAGAACTAAGTGCAGG,delGGGTGCTGAGGGCTGGGAATGACC,CAGGAGGCCCGACATCGCGTGGTGCAAGCGGGCT------------------------CCGTACAGAACTAAGTGCAGG
332,del,20.0,,-24,0.0,3.4113229050810996e-05,CAGGAGGCCCGACATCGCGTGGTGCAAGCGGGCTGCGTACAGAACTAAGTGCAGG,delGGTGCTGAGGGCTGGGAATGACCC,CAGGAGGCCCGACATCGCGTGGTGCAAGCGGGCTG------------------------CGTACAGAACTAAGTGCAGG
333,del,0.0,,-25,0.0,0.0002125331819582,CAGGAGGCCCGACACTGAGGGCTGGGAATGACCCCGTACAGAACTAAGTGCAGG,delTCGCGTGGTGCAAGCGGGCTGGGTG,CAGGAGGCCCGACA-------------------------CTGAGGGCTGGGAATGACCCCGTACAGAACTAAGTGCAGG
334,del,25.0,,-25,0.0,0.0002125331819582,CAGGAGGCCCGACATCGCGTGGTGCAAGCGGGCTGGGTGAGAACTAAGTGCAGG,delCTGAGGGCTGGGAATGACCCCGTAC,CAGGAGGCCCGACATCGCGTGGTGCAAGCGGGCTGGGTG-------------------------AGAACTAAGTGCAGG
335,del,1.0,,-25,0.0,3.036188313688826e-05,CAGGAGGCCCGACATTGAGGGCTGGGAATGACCCCGTACAGAACTAAGTGCAGG,delCGCGTGGTGCAAGCGGGCTGGGTGC,CAGGAGGCCCGACAT-------------------------TGAGGGCTGGGAATGACCCCGTACAGAACTAAGTGCAGG
336,del,11.0,,-25,0.0,3.036188313688826e-05,CAGGAGGCCCGACATCGCGTGGTGCGAATGACCCCGTACAGAACTAAGTGCAGG,delAAGCGGGCTGGGTGCTGAGGGCTGG,CAGGAGGCCCGACATCGCGTGGTGC-------------------------GAATGACCCCGTACAGAACTAAGTGCAGG
337,del,14.0,,-25,0.0,3.036188313688826e-05,CAGGAGGCCCGACATCGCGTGGTGCAAGTGACCCCGTACAGAACTAAGTGCAGG,delCGGGCTGGGTGCTGAGGGCTGGGAA,CAGGAGGCCCGACATCGCGTGGTGCAAG-------------------------TGACCCCGTACAGAACTAAGTGCAGG
338,del,17.0,,-25,0.0,3.036188313688826e-05,CAGGAGGCCCGACATCGCGTGGTGCAAGCGGCCCCGTACAGAACTAAGTGCAGG,delGCTGGGTGCTGAGGGCTGGGAATGA,CAGGAGGCCCGACATCGCGTGGTGCAAGCGG-------------------------CCCCGTACAGAACTAAGTGCAGG
339,del,20.0,,-25,0.0,3.036188313688826e-05,CAGGAGGCCCGACATCGCGTGGTGCAAGCGGGCTCGTACAGAACTAAGTGCAGG,delGGGTGCTGAGGGCTGGGAATGACCC,CAGGAGGCCCGACATCGCGTGGTGCAAGCGGGCT-------------------------CGTACAGAACTAAGTGCAGG
340,del,23.0,,-25,0.0,3.036188313688826e-05,CAGGAGGCCCGACATCGCGTGGTGCAAGCGGGCTGGGACAGAACTAAGTGCAGG,delTGCTGAGGGCTGGGAATGACCCCGT,CAGGAGGCCCGACATCGCGTGGTGCAAGCGGGCTGGG-------------------------ACAGAACTAAGTGCAGG
341,del,24.0,,-25,0.0,3.036188313688826e-05,CAGGAGGCCCGACATCGCGTGGTGCAAGCGGGCTGGGTCAGAACTAAGTGCAGG,delGCTGAGGGCTGGGAATGACCCCGTA,CAGGAGGCCCGACATCGCGTGGTGCAAGCGGGCTGGGT-------------------------CAGAACTAAGTGCAGG
342,del,0.0,,-26,0.0,0.0001655178180482,CAGGAGGCCCGACCTGAGGGCTGGGAATGACCCCGTACAGAACTAAGTGCAGG,delATCGCGTGGTGCAAGCGGGCTGGGTG,CAGGAGGCCCGAC--------------------------CTGAGGGCTGGGAATGACCCCGTACAGAACTAAGTGCAGG
343,del,26.0,,-26,0.0,0.0001655178180482,CAGGAGGCCCGACATCGCGTGGTGCAAGCGGGCTGGGTGGAACTAAGTGCAGG,delCTGAGGGCTGGGAATGACCCCGTACA,CAGGAGGCCCGACATCGCGTGGTGCAAGCGGGCTGGGTG--------------------------GAACTAAGTGCAGG
344,del,3.0,,-26,0.0,1.3793151504021171e-05,CAGGAGGCCCGACATCAGGGCTGGGAATGACCCCGTACAGAACTAAGTGCAGG,delGCGTGGTGCAAGCGGGCTGGGTGCTG,CAGGAGGCCCGACATC--------------------------AGGGCTGGGAATGACCCCGTACAGAACTAAGTGCAGG
345,del,4.0,,-26,0.0,1.3793151504021171e-05,CAGGAGGCCCGACATCGGGGCTGGGAATGACCCCGTACAGAACTAAGTGCAGG,delCGTGGTGCAAGCGGGCTGGGTGCTGA,CAGGAGGCCCGACATCG--------------------------GGGCTGGGAATGACCCCGTACAGAACTAAGTGCAGG
346,del,7.0,,-26,0.0,1.3793151504021171e-05,CAGGAGGCCCGACATCGCGTCTGGGAATGACCCCGTACAGAACTAAGTGCAGG,delGGTGCAAGCGGGCTGGGTGCTGAGGG,CAGGAGGCCCGACATCGCGT--------------------------CTGGGAATGACCCCGTACAGAACTAAGTGCAGG
347,del,8.0,,-26,0.0,1.3793151504021171e-05,CAGGAGGCCCGACATCGCGTGTGGGAATGACCCCGTACAGAACTAAGTGCAGG,delGTGCAAGCGGGCTGGGTGCTGAGGGC,CAGGAGGCCCGACATCGCGTG--------------------------TGGGAATGACCCCGTACAGAACTAAGTGCAGG
348,del,9.0,,-26,0.0,1.3793151504021171e-05,CAGGAGGCCCGACATCGCGTGGGGGAATGACCCCGTACAGAACTAAGTGCAGG,delTGCAAGCGGGCTGGGTGCTGAGGGCT,CAGGAGGCCCGACATCGCGTGG--------------------------GGGAATGACCCCGTACAGAACTAAGTGCAGG
349,del,15.0,,-26,0.0,1.3793151504021171e-05,CAGGAGGCCCGACATCGCGTGGTGCAAGGACCCCGTACAGAACTAAGTGCAGG,delCGGGCTGGGTGCTGAGGGCTGGGAAT,CAGGAGGCCCGACATCGCGTGGTGCAAG--------------------------GACCCCGTACAGAACTAAGTGCAGG
350,del,16.0,,-26,0.0,1.3793151504021171e-05,CAGGAGGCCCGACATCGCGTGGTGCAAGCACCCCGTACAGAACTAAGTGCAGG,delGGGCTGGGTGCTGAGGGCTGGGAATG,CAGGAGGCCCGACATCGCGTGGTGCAAGC--------------------------ACCCCGTACAGAACTAAGTGCAGG
351,del,17.0,,-26,0.0,1.3793151504021171e-05,CAGGAGGCCCGACATCGCGTGGTGCAAGCGCCCCGTACAGAACTAAGTGCAGG,delGGCTGGGTGCTGAGGGCTGGGAATGA,CAGGAGGCCCGACATCGCGTGGTGCAAGCG--------------------------CCCCGTACAGAACTAAGTGCAGG
352,del,18.0,,-26,0.0,1.3793151504021171e-05,CAGGAGGCCCGACATCGCGTGGTGCAAGCGGCCCGTACAGAACTAAGTGCAGG,delGCTGGGTGCTGAGGGCTGGGAATGAC,CAGGAGGCCCGACATCGCGTGGTGCAAGCGG--------------------------CCCGTACAGAACTAAGTGCAGG
353,del,23.0,,-26,0.0,1.3793151504021171e-05,CAGGAGGCCCGACATCGCGTGGTGCAAGCGGGCTGGACAGAACTAAGTGCAGG,delGTGCTGAGGGCTGGGAATGACCCCGT,CAGGAGGCCCGACATCGCGTGGTGCAAGCGGGCTGG--------------------------ACAGAACTAAGTGCAGG
354,del,24.0,,-26,0.0,1.3793151504021171e-05,CAGGAGGCCCGACATCGCGTGGTGCAAGCGGGCTGGGCAGAACTAAGTGCAGG,delTGCTGAGGGCTGGGAATGACCCCGTA,CAGGAGGCCCGACATCGCGTGGTGCAAGCGGGCTGGG--------------------------CAGAACTAAGTGCAGG
355,del,25.0,,-26,0.0,1.3793151504021171e-05,CAGGAGGCCCGACATCGCGTGGTGCAAGCGGGCTGGGTAGAACTAAGTGCAGG,delGCTGAGGGCTGGGAATGACCCCGTAC,CAGGAGGCCCGACATCGCGTGGTGCAAGCGGGCTGGGT--------------------------AGAACTAAGTGCAGG
356,del,2.0,,-27,0.0,3.8671120098616615e-05,CAGGAGGCCCGACAGAGGGCTGGGAATGACCCCGTACAGAACTAAGTGCAGG,delTCGCGTGGTGCAAGCGGGCTGGGTGCT,CAGGAGGCCCGACA---------------------------GAGGGCTGGGAATGACCCCGTACAGAACTAAGTGCAGG
357,del,3.0,,-27,0.0,3.8671120098616615e-05,CAGGAGGCCCGACATAGGGCTGGGAATGACCCCGTACAGAACTAAGTGCAGG,delCGCGTGGTGCAAGCGGGCTGGGTGCTG,CAGGAGGCCCGACAT---------------------------AGGGCTGGGAATGACCCCGTACAGAACTAAGTGCAGG
358,del,8.0,,-27,0.0,3.8671120098616615e-05,CAGGAGGCCCGACATCGCGTTGGGAATGACCCCGTACAGAACTAAGTGCAGG,delGGTGCAAGCGGGCTGGGTGCTGAGGGC,CAGGAGGCCCGACATCGCGT---------------------------TGGGAATGACCCCGTACAGAACTAAGTGCAGG
359,del,17.0,,-27,0.0,3.8671120098616615e-05,CAGGAGGCCCGACATCGCGTGGTGCAAGCCCCCGTACAGAACTAAGTGCAGG,delGGGCTGGGTGCTGAGGGCTGGGAATGA,CAGGAGGCCCGACATCGCGTGGTGCAAGC---------------------------CCCCGTACAGAACTAAGTGCAGG
360,del,18.0,,-27,0.0,3.8671120098616615e-05,CAGGAGGCCCGACATCGCGTGGTGCAAGCGCCCGTACAGAACTAAGTGCAGG,delGGCTGGGTGCTGAGGGCTGGGAATGAC,CAGGAGGCCCGACATCGCGTGGTGCAAGCG---------------------------CCCGTACAGAACTAAGTGCAGG
361,del,19.0,,-27,0.0,3.8671120098616615e-05,CAGGAGGCCCGACATCGCGTGGTGCAAGCGGCCGTACAGAACTAAGTGCAGG,delGCTGGGTGCTGAGGGCTGGGAATGACC,CAGGAGGCCCGACATCGCGTGGTGCAAGCGG---------------------------CCGTACAGAACTAAGTGCAGG
362,del,22.0,,-27,0.0,3.8671120098616615e-05,CAGGAGGCCCGACATCGCGTGGTGCAAGCGGGCTTACAGAACTAAGTGCAGG,delGGGTGCTGAGGGCTGGGAATGACCCCG,CAGGAGGCCCGACATCGCGTGGTGCAAGCGGGCT---------------------------TACAGAACTAAGTGCAGG
363,del,23.0,,-27,0.0,3.8671120098616615e-05,CAGGAGGCCCGACATCGCGTGGTGCAAGCGGGCTGACAGAACTAAGTGCAGG,delGGTGCTGAGGGCTGGGAATGACCCCGT,CAGGAGGCCCGACATCGCGTGGTGCAAGCGGGCTG---------------------------ACAGAACTAAGTGCAGG
364,del,24.0,,-27,0.0,3.8671120098616615e-05,CAGGAGGCCCGACATCGCGTGGTGCAAGCGGGCTGGCAGAACTAAGTGCAGG,delGTGCTGAGGGCTGGGAATGACCCCGTA,CAGGAGGCCCGACATCGCGTGGTGCAAGCGGGCTGG---------------------------CAGAACTAAGTGCAGG
365,del,25.0,,-27,0.0,3.8671120098616615e-05,CAGGAGGCCCGACATCGCGTGGTGCAAGCGGGCTGGGAGAACTAAGTGCAGG,delTGCTGAGGGCTGGGAATGACCCCGTAC,CAGGAGGCCCGACATCGCGTGGTGCAAGCGGGCTGGG---------------------------AGAACTAAGTGCAGG
366,del,0.0,,-28,0.0,0.0001003894508453,CAGGAGGCCCGCTGAGGGCTGGGAATGACCCCGTACAGAACTAAGTGCAGG,delACATCGCGTGGTGCAAGCGGGCTGGGTG,CAGGAGGCCCG----------------------------CTGAGGGCTGGGAATGACCCCGTACAGAACTAAGTGCAGG
367,del,28.0,,-28,0.0,0.0001003894508453,CAGGAGGCCCGACATCGCGTGGTGCAAGCGGGCTGGGTGACTAAGTGCAGG,delCTGAGGGCTGGGAATGACCCCGTACAGA,CAGGAGGCCCGACATCGCGTGGTGCAAGCGGGCTGGGTG----------------------------ACTAAGTGCAGG
368,del,1.0,,-28,0.0,5.905261814433529e-06,CAGGAGGCCCGATGAGGGCTGGGAATGACCCCGTACAGAACTAAGTGCAGG,delCATCGCGTGGTGCAAGCGGGCTGGGTGC,CAGGAGGCCCGA----------------------------TGAGGGCTGGGAATGACCCCGTACAGAACTAAGTGCAGG
369,del,2.0,,-28,0.0,5.905261814433529e-06,CAGGAGGCCCGACGAGGGCTGGGAATGACCCCGTACAGAACTAAGTGCAGG,delATCGCGTGGTGCAAGCGGGCTGGGTGCT,CAGGAGGCCCGAC----------------------------GAGGGCTGGGAATGACCCCGTACAGAACTAAGTGCAGG
370,del,3.0,,-28,0.0,5.905261814433529e-06,CAGGAGGCCCGACAAGGGCTGGGAATGACCCCGTACAGAACTAAGTGCAGG,delTCGCGTGGTGCAAGCGGGCTGGGTGCTG,CAGGAGGCCCGACA----------------------------AGGGCTGGGAATGACCCCGTACAGAACTAAGTGCAGG
371,del,4.0,,-28,0.0,5.905261814433529e-06,CAGGAGGCCCGACATGGGCTGGGAATGACCCCGTACAGAACTAAGTGCAGG,delCGCGTGGTGCAAGCGGGCTGGGTGCTGA,CAGGAGGCCCGACAT----------------------------GGGCTGGGAATGACCCCGTACAGAACTAAGTGCAGG
372,del,7.0,,-28,0.0,5.905261814433529e-06,CAGGAGGCCCGACATCGCCTGGGAATGACCCCGTACAGAACTAAGTGCAGG,delGTGGTGCAAGCGGGCTGGGTGCTGAGGG,CAGGAGGCCCGACATCGC----------------------------CTGGGAATGACCCCGTACAGAACTAAGTGCAGG
373,del,12.0,,-28,0.0,5.905261814433529e-06,CAGGAGGCCCGACATCGCGTGGTAATGACCCCGTACAGAACTAAGTGCAGG,delGCAAGCGGGCTGGGTGCTGAGGGCTGGG,CAGGAGGCCCGACATCGCGTGGT----------------------------AATGACCCCGTACAGAACTAAGTGCAGG
374,del,13.0,,-28,0.0,5.905261814433529e-06,CAGGAGGCCCGACATCGCGTGGTGATGACCCCGTACAGAACTAAGTGCAGG,delCAAGCGGGCTGGGTGCTGAGGGCTGGGA,CAGGAGGCCCGACATCGCGTGGTG----------------------------ATGACCCCGTACAGAACTAAGTGCAGG
375,del,14.0,,-28,0.0,5.905261814433529e-06,CAGGAGGCCCGACATCGCGTGGTGCTGACCCCGTACAGAACTAAGTGCAGG,delAAGCGGGCTGGGTGCTGAGGGCTGGGAA,CAGGAGGCCCGACATCGCGTGGTGC----------------------------TGACCCCGTACAGAACTAAGTGCAGG
376,del,15.0,,-28,0.0,5.905261814433529e-06,CAGGAGGCCCGACATCGCGTGGTGCAGACCCCGTACAGAACTAAGTGCAGG,delAGCGGGCTGGGTGCTGAGGGCTGGGAAT,CAGGAGGCCCGACATCGCGTGGTGCA----------------------------GACCCCGTACAGAACTAAGTGCAGG
377,del,16.0,,-28,0.0,5.905261814433529e-06,CAGGAGGCCCGACATCGCGTGGTGCAAACCCCGTACAGAACTAAGTGCAGG,delGCGGGCTGGGTGCTGAGGGCTGGGAATG,CAGGAGGCCCGACATCGCGTGGTGCAA----------------------------ACCCCGTACAGAACTAAGTGCAGG
378,del,19.0,,-28,0.0,5.905261814433529e-06,CAGGAGGCCCGACATCGCGTGGTGCAAGCGCCGTACAGAACTAAGTGCAGG,delGGCTGGGTGCTGAGGGCTGGGAATGACC,CAGGAGGCCCGACATCGCGTGGTGCAAGCG----------------------------CCGTACAGAACTAAGTGCAGG
379,del,20.0,,-28,0.0,5.905261814433529e-06,CAGGAGGCCCGACATCGCGTGGTGCAAGCGGCGTACAGAACTAAGTGCAGG,delGCTGGGTGCTGAGGGCTGGGAATGACCC,CAGGAGGCCCGACATCGCGTGGTGCAAGCGG----------------------------CGTACAGAACTAAGTGCAGG
380,del,21.0,,-28,0.0,5.905261814433529e-06,CAGGAGGCCCGACATCGCGTGGTGCAAGCGGGGTACAGAACTAAGTGCAGG,delCTGGGTGCTGAGGGCTGGGAATGACCCC,CAGGAGGCCCGACATCGCGTGGTGCAAGCGGG----------------------------GTACAGAACTAAGTGCAGG
381,del,24.0,,-28,0.0,5.905261814433529e-06,CAGGAGGCCCGACATCGCGTGGTGCAAGCGGGCTGCAGAACTAAGTGCAGG,delGGTGCTGAGGGCTGGGAATGACCCCGTA,CAGGAGGCCCGACATCGCGTGGTGCAAGCGGGCTG----------------------------CAGAACTAAGTGCAGG
382,del,25.0,,-28,0.0,5.905261814433529e-06,CAGGAGGCCCGACATCGCGTGGTGCAAGCGGGCTGGAGAACTAAGTGCAGG,delGTGCTGAGGGCTGGGAATGACCCCGTAC,CAGGAGGCCCGACATCGCGTGGTGCAAGCGGGCTGG----------------------------AGAACTAAGTGCAGG
383,del,26.0,,-28,0.0,5.905261814433529e-06,CAGGAGGCCCGACATCGCGTGGTGCAAGCGGGCTGGGGAACTAAGTGCAGG,delTGCTGAGGGCTGGGAATGACCCCGTACA,CAGGAGGCCCGACATCGCGTGGTGCAAGCGGGCTGGG----------------------------GAACTAAGTGCAGG
384,del,27.0,,-28,0.0,5.905261814433529e-06,CAGGAGGCCCGACATCGCGTGGTGCAAGCGGGCTGGGTAACTAAGTGCAGG,delGCTGAGGGCTGGGAATGACCCCGTACAG,CAGGAGGCCCGACATCGCGTGGTGCAAGCGGGCTGGGT----------------------------AACTAAGTGCAGG
385,del,0.0,,-29,0.0,7.818292176341194e-05,CAGGAGGCCCCTGAGGGCTGGGAATGACCCCGTACAGAACTAAGTGCAGG,delGACATCGCGTGGTGCAAGCGGGCTGGGTG,CAGGAGGCCC-----------------------------CTGAGGGCTGGGAATGACCCCGTACAGAACTAAGTGCAGG
386,del,29.0,,-29,0.0,7.818292176341194e-05,CAGGAGGCCCGACATCGCGTGGTGCAAGCGGGCTGGGTGCTAAGTGCAGG,delCTGAGGGCTGGGAATGACCCCGTACAGAA,CAGGAGGCCCGACATCGCGTGGTGCAAGCGGGCTGGGTGCT-----------------------------AAGTGCAGG
387,del,1.0,,-29,0.0,6.515243480284329e-06,CAGGAGGCCCGTGAGGGCTGGGAATGACCCCGTACAGAACTAAGTGCAGG,delACATCGCGTGGTGCAAGCGGGCTGGGTGC,CAGGAGGCCCG-----------------------------TGAGGGCTGGGAATGACCCCGTACAGAACTAAGTGCAGG
388,del,2.0,,-29,0.0,6.515243480284329e-06,CAGGAGGCCCGAGAGGGCTGGGAATGACCCCGTACAGAACTAAGTGCAGG,delCATCGCGTGGTGCAAGCGGGCTGGGTGCT,CAGGAGGCCCGA-----------------------------GAGGGCTGGGAATGACCCCGTACAGAACTAAGTGCAGG
389,del,5.0,,-29,0.0,6.515243480284329e-06,CAGGAGGCCCGACATGGCTGGGAATGACCCCGTACAGAACTAAGTGCAGG,delCGCGTGGTGCAAGCGGGCTGGGTGCTGAG,CAGGAGGCCCGACAT-----------------------------GGCTGGGAATGACCCCGTACAGAACTAAGTGCAGG
390,del,9.0,,-29,0.0,6.515243480284329e-06,CAGGAGGCCCGACATCGCGGGGAATGACCCCGTACAGAACTAAGTGCAGG,delTGGTGCAAGCGGGCTGGGTGCTGAGGGCT,CAGGAGGCCCGACATCGCG-----------------------------GGGAATGACCCCGTACAGAACTAAGTGCAGG
391,del,13.0,,-29,0.0,6.515243480284329e-06,CAGGAGGCCCGACATCGCGTGGTATGACCCCGTACAGAACTAAGTGCAGG,delGCAAGCGGGCTGGGTGCTGAGGGCTGGGA,CAGGAGGCCCGACATCGCGTGGT-----------------------------ATGACCCCGTACAGAACTAAGTGCAGG
392,del,14.0,,-29,0.0,6.515243480284329e-06,CAGGAGGCCCGACATCGCGTGGTGTGACCCCGTACAGAACTAAGTGCAGG,delCAAGCGGGCTGGGTGCTGAGGGCTGGGAA,CAGGAGGCCCGACATCGCGTGGTG-----------------------------TGACCCCGTACAGAACTAAGTGCAGG
393,del,15.0,,-29,0.0,6.515243480284329e-06,CAGGAGGCCCGACATCGCGTGGTGCGACCCCGTACAGAACTAAGTGCAGG,delAAGCGGGCTGGGTGCTGAGGGCTGGGAAT,CAGGAGGCCCGACATCGCGTGGTGC-----------------------------GACCCCGTACAGAACTAAGTGCAGG
394,del,20.0,,-29,0.0,6.515243480284329e-06,CAGGAGGCCCGACATCGCGTGGTGCAAGCGCGTACAGAACTAAGTGCAGG,delGGCTGGGTGCTGAGGGCTGGGAATGACCC,CAGGAGGCCCGACATCGCGTGGTGCAAGCG-----------------------------CGTACAGAACTAAGTGCAGG
395,del,23.0,,-29,0.0,6.515243480284329e-06,CAGGAGGCCCGACATCGCGTGGTGCAAGCGGGCACAGAACTAAGTGCAGG,delTGGGTGCTGAGGGCTGGGAATGACCCCGT,CAGGAGGCCCGACATCGCGTGGTGCAAGCGGGC-----------------------------ACAGAACTAAGTGCAGG
396,del,24.0,,-29,0.0,6.515243480284329e-06,CAGGAGGCCCGACATCGCGTGGTGCAAGCGGGCTCAGAACTAAGTGCAGG,delGGGTGCTGAGGGCTGGGAATGACCCCGTA,CAGGAGGCCCGACATCGCGTGGTGCAAGCGGGCT-----------------------------CAGAACTAAGTGCAGG
397,del,25.0,,-29,0.0,6.515243480284329e-06,CAGGAGGCCCGACATCGCGTGGTGCAAGCGGGCTGAGAACTAAGTGCAGG,delGGTGCTGAGGGCTGGGAATGACCCCGTAC,CAGGAGGCCCGACATCGCGTGGTGCAAGCGGGCTG-----------------------------AGAACTAAGTGCAGG
398,del,28.0,,-29,0.0,6.515243480284329e-06,CAGGAGGCCCGACATCGCGTGGTGCAAGCGGGCTGGGTACTAAGTGCAGG,delGCTGAGGGCTGGGAATGACCCCGTACAGA,CAGGAGGCCCGACATCGCGTGGTGCAAGCGGGCTGGGT-----------------------------ACTAAGTGCAGG
399,del,30.0,,-30,0.0,9.133301735707905e-05,CAGGAGGCCCGACATCGCGTGGTGCAAGCGGGCTGGGTGTAAGTGCAGG,delCTGAGGGCTGGGAATGACCCCGTACAGAAC,CAGGAGGCCCGACATCGCGTGGTGCAAGCGGGCTGGGTG------------------------------TAAGTGCAGG
400,del,2.0,,-30,0.0,5.7083135848174395e-06,CAGGAGGCCCGGAGGGCTGGGAATGACCCCGTACAGAACTAAGTGCAGG,delACATCGCGTGGTGCAAGCGGGCTGGGTGCT,CAGGAGGCCCG------------------------------GAGGGCTGGGAATGACCCCGTACAGAACTAAGTGCAGG
401,del,3.0,,-30,0.0,5.7083135848174395e-06,CAGGAGGCCCGAAGGGCTGGGAATGACCCCGTACAGAACTAAGTGCAGG,delCATCGCGTGGTGCAAGCGGGCTGGGTGCTG,CAGGAGGCCCGA------------------------------AGGGCTGGGAATGACCCCGTACAGAACTAAGTGCAGG
402,del,4.0,,-30,0.0,5.7083135848174395e-06,CAGGAGGCCCGACGGGCTGGGAATGACCCCGTACAGAACTAAGTGCAGG,delATCGCGTGGTGCAAGCGGGCTGGGTGCTGA,CAGGAGGCCCGAC------------------------------GGGCTGGGAATGACCCCGTACAGAACTAAGTGCAGG
403,del,5.0,,-30,0.0,5.7083135848174395e-06,CAGGAGGCCCGACAGGCTGGGAATGACCCCGTACAGAACTAAGTGCAGG,delTCGCGTGGTGCAAGCGGGCTGGGTGCTGAG,CAGGAGGCCCGACA------------------------------GGCTGGGAATGACCCCGTACAGAACTAAGTGCAGG
404,del,6.0,,-30,0.0,5.7083135848174395e-06,CAGGAGGCCCGACATGCTGGGAATGACCCCGTACAGAACTAAGTGCAGG,delCGCGTGGTGCAAGCGGGCTGGGTGCTGAGG,CAGGAGGCCCGACAT------------------------------GCTGGGAATGACCCCGTACAGAACTAAGTGCAGG
405,del,7.0,,-30,0.0,5.7083135848174395e-06,CAGGAGGCCCGACATCCTGGGAATGACCCCGTACAGAACTAAGTGCAGG,delGCGTGGTGCAAGCGGGCTGGGTGCTGAGGG,CAGGAGGCCCGACATC------------------------------CTGGGAATGACCCCGTACAGAACTAAGTGCAGG
406,del,8.0,,-30,0.0,5.7083135848174395e-06,CAGGAGGCCCGACATCGTGGGAATGACCCCGTACAGAACTAAGTGCAGG,delCGTGGTGCAAGCGGGCTGGGTGCTGAGGGC,CAGGAGGCCCGACATCG------------------------------TGGGAATGACCCCGTACAGAACTAAGTGCAGG
407,del,13.0,,-30,0.0,5.7083135848174395e-06,CAGGAGGCCCGACATCGCGTGGATGACCCCGTACAGAACTAAGTGCAGG,delTGCAAGCGGGCTGGGTGCTGAGGGCTGGGA,CAGGAGGCCCGACATCGCGTGG------------------------------ATGACCCCGTACAGAACTAAGTGCAGG
408,del,14.0,,-30,0.0,5.7083135848174395e-06,CAGGAGGCCCGACATCGCGTGGTTGACCCCGTACAGAACTAAGTGCAGG,delGCAAGCGGGCTGGGTGCTGAGGGCTGGGAA,CAGGAGGCCCGACATCGCGTGGT------------------------------TGACCCCGTACAGAACTAAGTGCAGG
409,del,15.0,,-30,0.0,5.7083135848174395e-06,CAGGAGGCCCGACATCGCGTGGTGGACCCCGTACAGAACTAAGTGCAGG,delCAAGCGGGCTGGGTGCTGAGGGCTGGGAAT,CAGGAGGCCCGACATCGCGTGGTG------------------------------GACCCCGTACAGAACTAAGTGCAGG
410,del,18.0,,-30,0.0,5.7083135848174395e-06,CAGGAGGCCCGACATCGCGTGGTGCAACCCGTACAGAACTAAGTGCAGG,delGCGGGCTGGGTGCTGAGGGCTGGGAATGAC,CAGGAGGCCCGACATCGCGTGGTGCAA------------------------------CCCGTACAGAACTAAGTGCAGG
411,del,23.0,,-30,0.0,5.7083135848174395e-06,CAGGAGGCCCGACATCGCGTGGTGCAAGCGGGACAGAACTAAGTGCAGG,delCTGGGTGCTGAGGGCTGGGAATGACCCCGT,CAGGAGGCCCGACATCGCGTGGTGCAAGCGGG------------------------------ACAGAACTAAGTGCAGG
412,del,24.0,,-30,0.0,5.7083135848174395e-06,CAGGAGGCCCGACATCGCGTGGTGCAAGCGGGCCAGAACTAAGTGCAGG,delTGGGTGCTGAGGGCTGGGAATGACCCCGTA,CAGGAGGCCCGACATCGCGTGGTGCAAGCGGGC------------------------------CAGAACTAAGTGCAGG
413,del,25.0,,-30,0.0,5.7083135848174395e-06,CAGGAGGCCCGACATCGCGTGGTGCAAGCGGGCTAGAACTAAGTGCAGG,delGGGTGCTGAGGGCTGGGAATGACCCCGTAC,CAGGAGGCCCGACATCGCGTGGTGCAAGCGGGCT------------------------------AGAACTAAGTGCAGG
414,del,28.0,,-30,0.0,5.7083135848174395e-06,CAGGAGGCCCGACATCGCGTGGTGCAAGCGGGCTGGGACTAAGTGCAGG,delTGCTGAGGGCTGGGAATGACCCCGTACAGA,CAGGAGGCCCGACATCGCGTGGTGCAAGCGGGCTGGG------------------------------ACTAAGTGCAGG
415,del,29.0,,-30,0.0,5.7083135848174395e-06,CAGGAGGCCCGACATCGCGTGGTGCAAGCGGGCTGGGTCTAAGTGCAGG,delGCTGAGGGCTGGGAATGACCCCGTACAGAA,CAGGAGGCCCGACATCGCGTGGTGCAAGCGGGCTGGGT------------------------------CTAAGTGCAGG
