,Unnamed: 0,Category,Genotype position,Inserted Bases,Length,Microhomology length,Predicted frequency,Genotype,Name,align,idx,seq,Identifier,ratio
0,384.0,del,1.0,,-29.0,0.0,1.264042188426168e-05,CCCACACTCGCCCCGGCCTCGGGGAGCCCCGGTACATGGAAGTCGGCTAC,delTGAGGTATTTCGTCACCGCCGTGTCCCGG,CCCACACTCGC-----------------------------CCCGGCCTCGGGGAGCCCCGGTACATGGAAGTCGGCTAC,,,,1.2680400118718933e-05
1,104.0,del,2.0,,-30.0,2.0,0.009278129785607,CCCACACTCGCCCGGCCTCGGGGAGCCCCGGTACATGGAAGTCGGCTAC,delTGAGGTATTTCGTCACCGCCGTGTCCCGGC,CCCACACTCGC------------------------------CCGGCCTCGGGGAGCCCCGGTACATGGAAGTCGGCTAC,31.0,CCCACACTCGCCCGGCCTCGGGGAGCCCCGGTACATGGAAGTCGGCTAC,D30_L-31C2R2,0.00930747399985001
2,372.0,del,0.0,,-28.0,0.0,0.0001947686245732,CCCACACTCGCGCCCGGCCTCGGGGAGCCCCGGTACATGGAAGTCGGCTAC,delTGAGGTATTTCGTCACCGCCGTGTCCCG,CCCACACTCGC----------------------------GCCCGGCCTCGGGGAGCCCCGGTACATGGAAGTCGGCTAC,150.0,CCCACACTCGCGCCCGGCCTCGGGGAGCCCCGGTACATGGAAGTCGGCTAC,D28_L-29R0,0.00019538462503658637
3,373.0,del,1.0,,-28.0,0.0,1.9476862457325217e-05,CCCACACTCGCTCCCGGCCTCGGGGAGCCCCGGTACATGGAAGTCGGCTAC,delGAGGTATTTCGTCACCGCCGTGTCCCGG,CCCACACTCGCT----------------------------CCCGGCCTCGGGGAGCCCCGGTACATGGAAGTCGGCTAC,,,,1.953846250366387e-05
4,385.0,del,2.0,,-29.0,0.0,1.264042188426168e-05,CCCACACTCGCTCCGGCCTCGGGGAGCCCCGGTACATGGAAGTCGGCTAC,delGAGGTATTTCGTCACCGCCGTGTCCCGGC,CCCACACTCGCT-----------------------------CCGGCCTCGGGGAGCCCCGGTACATGGAAGTCGGCTAC,,,,1.2680400118718933e-05
5,397.0,del,3.0,,-30.0,0.0,5.906598757460872e-06,CCCACACTCGCTCGGCCTCGGGGAGCCCCGGTACATGGAAGTCGGCTAC,delGAGGTATTTCGTCACCGCCGTGTCCCGGCC,CCCACACTCGCT------------------------------CGGCCTCGGGGAGCCCCGGTACATGGAAGTCGGCTAC,,,,5.925279731255324e-06
6,341.0,del,1.0,,-26.0,0.0,1.2593182318970084e-05,CCCACACTCGCTGACCCGGCCTCGGGGAGCCCCGGTACATGGAAGTCGGCTAC,delGGTATTTCGTCACCGCCGTGTCCCGG,CCCACACTCGCTGA--------------------------CCCGGCCTCGGGGAGCCCCGGTACATGGAAGTCGGCTAC,,,,1.2633011147463348e-05
7,359.0,del,2.0,,-27.0,0.0,1.923769625064167e-05,CCCACACTCGCTGACCGGCCTCGGGGAGCCCCGGTACATGGAAGTCGGCTAC,delGGTATTTCGTCACCGCCGTGTCCCGGC,CCCACACTCGCTGA---------------------------CCGGCCTCGGGGAGCCCCGGTACATGGAAGTCGGCTAC,,,,1.9298539878976828e-05
8,375.0,del,3.0,,-28.0,0.0,1.9476862457325217e-05,CCCACACTCGCTGACGGCCTCGGGGAGCCCCGGTACATGGAAGTCGGCTAC,delGGTATTTCGTCACCGCCGTGTCCCGGCC,CCCACACTCGCTGA----------------------------CGGCCTCGGGGAGCCCCGGTACATGGAAGTCGGCTAC,,,,1.953846250366387e-05
9,78.0,del,1.0,,-25.0,1.0,0.0043239212897903,CCCACACTCGCTGAGCCCGGCCTCGGGGAGCCCCGGTACATGGAAGTCGGCTAC,delGTATTTCGTCACCGCCGTGTCCCGG,CCCACACTCGCTGAG-------------------------CCCGGCCTCGGGGAGCCCCGGTACATGGAAGTCGGCTAC,60.0,CCCACACTCGCTGAGCCCGGCCTCGGGGAGCCCCGGTACATGGAAGTCGGCTAC,D25_L-26C1R1,0.004337596682959984
10,342.0,del,2.0,,-26.0,0.0,1.2593182318970084e-05,CCCACACTCGCTGAGCCGGCCTCGGGGAGCCCCGGTACATGGAAGTCGGCTAC,delGTATTTCGTCACCGCCGTGTCCCGGC,CCCACACTCGCTGAG--------------------------CCGGCCTCGGGGAGCCCCGGTACATGGAAGTCGGCTAC,,,,1.2633011147463348e-05
11,105.0,del,6.0,,-30.0,1.0,0.0012388241907708,CCCACACTCGCTGAGCCTCGGGGAGCCCCGGTACATGGAAGTCGGCTAC,delGTATTTCGTCACCGCCGTGTCCCGGCCCGG,CCCACACTCGCTGAG------------------------------CCTCGGGGAGCCCCGGTACATGGAAGTCGGCTAC,107.0,CCCACACTCGCTGAGCCTCGGGGAGCCCCGGTACATGGAAGTCGGCTAC,D30_L-26C1R6,0.0012427422565128633
12,360.0,del,3.0,,-27.0,0.0,1.923769625064167e-05,CCCACACTCGCTGAGCGGCCTCGGGGAGCCCCGGTACATGGAAGTCGGCTAC,delGTATTTCGTCACCGCCGTGTCCCGGCC,CCCACACTCGCTGAG---------------------------CGGCCTCGGGGAGCCCCGGTACATGGAAGTCGGCTAC,,,,1.9298539878976828e-05
13,74.0,del,1.0,,-24.0,1.0,0.0055520248358481,CCCACACTCGCTGAGGCCCGGCCTCGGGGAGCCCCGGTACATGGAAGTCGGCTAC,delTATTTCGTCACCGCCGTGTCCCGG,CCCACACTCGCTGAGG------------------------CCCGGCCTCGGGGAGCCCCGGTACATGGAAGTCGGCTAC,42.0,CCCACACTCGCTGAGGCCCGGCCTCGGGGAGCCCCGGTACATGGAAGTCGGCTAC,D24_L-26C2R1,0.005569584388261172
14,320.0,del,2.0,,-25.0,0.0,2.170221502757364e-05,CCCACACTCGCTGAGGCCGGCCTCGGGGAGCCCCGGTACATGGAAGTCGGCTAC,delTATTTCGTCACCGCCGTGTCCCGGC,CCCACACTCGCTGAGG-------------------------CCGGCCTCGGGGAGCCCCGGTACATGGAAGTCGGCTAC,,,,2.1770853262005858e-05
15,97.0,del,6.0,,-29.0,2.0,0.011913354464047,CCCACACTCGCTGAGGCCTCGGGGAGCCCCGGTACATGGAAGTCGGCTAC,delTATTTCGTCACCGCCGTGTCCCGGCCCGG,CCCACACTCGCTGAGG-----------------------------CCTCGGGGAGCCCCGGTACATGGAAGTCGGCTAC,29.0,CCCACACTCGCTGAGGCCTCGGGGAGCCCCGGTACATGGAAGTCGGCTAC,D29_L-26C2R6,0.011951033180967758
16,343.0,del,3.0,,-26.0,0.0,1.2593182318970084e-05,CCCACACTCGCTGAGGCGGCCTCGGGGAGCCCCGGTACATGGAAGTCGGCTAC,delTATTTCGTCACCGCCGTGTCCCGGCC,CCCACACTCGCTGAGG--------------------------CGGCCTCGGGGAGCCCCGGTACATGGAAGTCGGCTAC,,,,1.2633011147463348e-05
17,399.0,del,7.0,,-30.0,0.0,5.906598757460872e-06,CCCACACTCGCTGAGGCTCGGGGAGCCCCGGTACATGGAAGTCGGCTAC,delTATTTCGTCACCGCCGTGTCCCGGCCCGGC,CCCACACTCGCTGAGG------------------------------CTCGGGGAGCCCCGGTACATGGAAGTCGGCTAC,,,,5.925279731255324e-06
18,285.0,del,0.0,,-23.0,0.0,0.0004532571387941,CCCACACTCGCTGAGGGCCCGGCCTCGGGGAGCCCCGGTACATGGAAGTCGGCTAC,delTATTTCGTCACCGCCGTGTCCCG,CCCACACTCGCTGAGG-----------------------GCCCGGCCTCGGGGAGCCCCGGTACATGGAAGTCGGCTAC,151.0,CCCACACTCGCTGAGGGCCCGGCCTCGGGGAGCCCCGGTACATGGAAGTCGGCTAC,D23_L-25C1R0,0.00045469066849192577
19,89.0,del,5.0,,-28.0,1.0,0.0020424757939817,CCCACACTCGCTGAGGGCCTCGGGGAGCCCCGGTACATGGAAGTCGGCTAC,delTATTTCGTCACCGCCGTGTCCCGGCCCG,CCCACACTCGCTGAGG----------------------------GCCTCGGGGAGCCCCGGTACATGGAAGTCGGCTAC,146.0,CCCACACTCGCTGAGGGCCTCGGGGAGCCCCGGTACATGGAAGTCGGCTAC,D28_L-25C1R5,0.0020489355923106415
20,361.0,del,4.0,,-27.0,0.0,1.923769625064167e-05,CCCACACTCGCTGAGGGGCCTCGGGGAGCCCCGGTACATGGAAGTCGGCTAC,delTATTTCGTCACCGCCGTGTCCCGGCCC,CCCACACTCGCTGAGG---------------------------GGCCTCGGGGAGCCCCGGTACATGGAAGTCGGCTAC,,,,1.9298539878976828e-05
21,276.0,del,1.0,,-22.0,0.0,9.700513750183068e-05,CCCACACTCGCTGAGGTACCCGGCCTCGGGGAGCCCCGGTACATGGAAGTCGGCTAC,delTTTCGTCACCGCCGTGTCCCGG,CCCACACTCGCTGAGGTA----------------------CCCGGCCTCGGGGAGCCCCGGTACATGGAAGTCGGCTAC,,,,9.731193850626827e-05
22,288.0,del,2.0,,-23.0,0.0,2.8328571174633205e-05,CCCACACTCGCTGAGGTACCGGCCTCGGGGAGCCCCGGTACATGGAAGTCGGCTAC,delTTTCGTCACCGCCGTGTCCCGGC,CCCACACTCGCTGAGGTA-----------------------CCGGCCTCGGGGAGCCCCGGTACATGGAAGTCGGCTAC,,,,2.841816678074732e-05
23,363.0,del,6.0,,-27.0,0.0,1.923769625064167e-05,CCCACACTCGCTGAGGTACCTCGGGGAGCCCCGGTACATGGAAGTCGGCTAC,delTTTCGTCACCGCCGTGTCCCGGCCCGG,CCCACACTCGCTGAGGTA---------------------------CCTCGGGGAGCCCCGGTACATGGAAGTCGGCTAC,,,,1.9298539878976828e-05
24,305.0,del,3.0,,-24.0,0.0,3.529819329835266e-05,CCCACACTCGCTGAGGTACGGCCTCGGGGAGCCCCGGTACATGGAAGTCGGCTAC,delTTTCGTCACCGCCGTGTCCCGGCC,CCCACACTCGCTGAGGTA------------------------CGGCCTCGGGGAGCCCCGGTACATGGAAGTCGGCTAC,,,,3.540983193355961e-05
25,401.0,del,9.0,,-30.0,0.0,5.906598757460872e-06,CCCACACTCGCTGAGGTACGGGGAGCCCCGGTACATGGAAGTCGGCTAC,delTTTCGTCACCGCCGTGTCCCGGCCCGGCCT,CCCACACTCGCTGAGGTA------------------------------CGGGGAGCCCCGGTACATGGAAGTCGGCTAC,,,,5.925279731255324e-06
26,377.0,del,7.0,,-28.0,0.0,1.9476862457325217e-05,CCCACACTCGCTGAGGTACTCGGGGAGCCCCGGTACATGGAAGTCGGCTAC,delTTTCGTCACCGCCGTGTCCCGGCCCGGC,CCCACACTCGCTGAGGTA----------------------------CTCGGGGAGCCCCGGTACATGGAAGTCGGCTAC,174.0,CCCACACTCGCTGAGGTACTCGGGGAGCCCCGGTACATGGAAGTCGGCTAC,D28_L-22R7,1.953846250366387e-05
27,270.0,del,0.0,,-21.0,0.0,0.0011211207273655,CCCACACTCGCTGAGGTAGCCCGGCCTCGGGGAGCCCCGGTACATGGAAGTCGGCTAC,delTTTCGTCACCGCCGTGTCCCG,CCCACACTCGCTGAGGTA---------------------GCCCGGCCTCGGGGAGCCCCGGTACATGGAAGTCGGCTAC,115.0,CCCACACTCGCTGAGGTAGCCCGGCCTCGGGGAGCCCCGGTACATGGAAGTCGGCTAC,D21_L-22R0,0.0011246665288983833
28,345.0,del,5.0,,-26.0,0.0,1.2593182318970084e-05,CCCACACTCGCTGAGGTAGCCTCGGGGAGCCCCGGTACATGGAAGTCGGCTAC,delTTTCGTCACCGCCGTGTCCCGGCCCG,CCCACACTCGCTGAGGTA--------------------------GCCTCGGGGAGCCCCGGTACATGGAAGTCGGCTAC,,,,1.2633011147463348e-05
29,322.0,del,4.0,,-25.0,0.0,2.170221502757364e-05,CCCACACTCGCTGAGGTAGGCCTCGGGGAGCCCCGGTACATGGAAGTCGGCTAC,delTTTCGTCACCGCCGTGTCCCGGCCC,CCCACACTCGCTGAGGTA-------------------------GGCCTCGGGGAGCCCCGGTACATGGAAGTCGGCTAC,,,,2.1770853262005858e-05
30,271.0,del,1.0,,-21.0,0.0,0.0002802801818413,CCCACACTCGCTGAGGTATCCCGGCCTCGGGGAGCCCCGGTACATGGAAGTCGGCTAC,delTTCGTCACCGCCGTGTCCCGG,CCCACACTCGCTGAGGTAT---------------------CCCGGCCTCGGGGAGCCCCGGTACATGGAAGTCGGCTAC,,,,0.0002811666322245206
31,277.0,del,2.0,,-22.0,0.0,9.700513750183068e-05,CCCACACTCGCTGAGGTATCCGGCCTCGGGGAGCCCCGGTACATGGAAGTCGGCTAC,delTTCGTCACCGCCGTGTCCCGGC,CCCACACTCGCTGAGGTAT----------------------CCGGCCTCGGGGAGCCCCGGTACATGGAAGTCGGCTAC,,,,9.731193850626827e-05
32,346.0,del,6.0,,-26.0,0.0,1.2593182318970084e-05,CCCACACTCGCTGAGGTATCCTCGGGGAGCCCCGGTACATGGAAGTCGGCTAC,delTTCGTCACCGCCGTGTCCCGGCCCGG,CCCACACTCGCTGAGGTAT--------------------------CCTCGGGGAGCCCCGGTACATGGAAGTCGGCTAC,,,,1.2633011147463348e-05
33,289.0,del,3.0,,-23.0,0.0,2.8328571174633205e-05,CCCACACTCGCTGAGGTATCGGCCTCGGGGAGCCCCGGTACATGGAAGTCGGCTAC,delTTCGTCACCGCCGTGTCCCGGCC,CCCACACTCGCTGAGGTAT-----------------------CGGCCTCGGGGAGCCCCGGTACATGGAAGTCGGCTAC,,,,2.841816678074732e-05
34,98.0,del,9.0,,-29.0,1.0,0.0014885724376328,CCCACACTCGCTGAGGTATCGGGGAGCCCCGGTACATGGAAGTCGGCTAC,delTTCGTCACCGCCGTGTCCCGGCCCGGCCT,CCCACACTCGCTGAGGTAT-----------------------------CGGGGAGCCCCGGTACATGGAAGTCGGCTAC,121.0,CCCACACTCGCTGAGGTATCGGGGAGCCCCGGTACATGGAAGTCGGCTAC,D29_L-22C1R9,0.0014932803895083928
35,364.0,del,7.0,,-27.0,0.0,1.923769625064167e-05,CCCACACTCGCTGAGGTATCTCGGGGAGCCCCGGTACATGGAAGTCGGCTAC,delTTCGTCACCGCCGTGTCCCGGCCCGGC,CCCACACTCGCTGAGGTAT---------------------------CTCGGGGAGCCCCGGTACATGGAAGTCGGCTAC,,,,1.9298539878976828e-05
36,259.0,del,0.0,,-20.0,0.0,0.0009598363761293,CCCACACTCGCTGAGGTATGCCCGGCCTCGGGGAGCCCCGGTACATGGAAGTCGGCTAC,delTTCGTCACCGCCGTGTCCCG,CCCACACTCGCTGAGGTAT--------------------GCCCGGCCTCGGGGAGCCCCGGTACATGGAAGTCGGCTAC,80.0,CCCACACTCGCTGAGGTATGCCCGGCCTCGGGGAGCCCCGGTACATGGAAGTCGGCTAC,D20_L-21R0,0.000962872078895936
37,323.0,del,5.0,,-25.0,0.0,2.170221502757364e-05,CCCACACTCGCTGAGGTATGCCTCGGGGAGCCCCGGTACATGGAAGTCGGCTAC,delTTCGTCACCGCCGTGTCCCGGCCCG,CCCACACTCGCTGAGGTAT-------------------------GCCTCGGGGAGCCCCGGTACATGGAAGTCGGCTAC,,,,2.1770853262005858e-05
38,306.0,del,4.0,,-24.0,0.0,3.529819329835266e-05,CCCACACTCGCTGAGGTATGGCCTCGGGGAGCCCCGGTACATGGAAGTCGGCTAC,delTTCGTCACCGCCGTGTCCCGGCCC,CCCACACTCGCTGAGGTAT------------------------GGCCTCGGGGAGCCCCGGTACATGGAAGTCGGCTAC,,,,3.540983193355961e-05
39,402.0,del,10.0,,-30.0,0.0,5.906598757460872e-06,CCCACACTCGCTGAGGTATGGGGAGCCCCGGTACATGGAAGTCGGCTAC,delTTCGTCACCGCCGTGTCCCGGCCCGGCCTC,CCCACACTCGCTGAGGTAT------------------------------GGGGAGCCCCGGTACATGGAAGTCGGCTAC,,,,5.925279731255324e-06
40,261.0,del,1.0,,-20.0,0.0,0.0001066484862365,CCCACACTCGCTGAGGTATTCCCGGCCTCGGGGAGCCCCGGTACATGGAAGTCGGCTAC,delTCGTCACCGCCGTGTCCCGG,CCCACACTCGCTGAGGTATT--------------------CCCGGCCTCGGGGAGCCCCGGTACATGGAAGTCGGCTAC,,,,0.00010698578654390372
41,272.0,del,2.0,,-21.0,0.0,0.0002802801818413,CCCACACTCGCTGAGGTATTCCGGCCTCGGGGAGCCCCGGTACATGGAAGTCGGCTAC,delTCGTCACCGCCGTGTCCCGGC,CCCACACTCGCTGAGGTATT---------------------CCGGCCTCGGGGAGCCCCGGTACATGGAAGTCGGCTAC,,,,0.0002811666322245206
42,324.0,del,6.0,,-25.0,0.0,2.170221502757364e-05,CCCACACTCGCTGAGGTATTCCTCGGGGAGCCCCGGTACATGGAAGTCGGCTAC,delTCGTCACCGCCGTGTCCCGGCCCGG,CCCACACTCGCTGAGGTATT-------------------------CCTCGGGGAGCCCCGGTACATGGAAGTCGGCTAC,,,,2.1770853262005858e-05
43,278.0,del,3.0,,-22.0,0.0,9.700513750183068e-05,CCCACACTCGCTGAGGTATTCGGCCTCGGGGAGCCCCGGTACATGGAAGTCGGCTAC,delTCGTCACCGCCGTGTCCCGGCC,CCCACACTCGCTGAGGTATT----------------------CGGCCTCGGGGAGCCCCGGTACATGGAAGTCGGCTAC,,,,9.731193850626827e-05
44,90.0,del,9.0,,-28.0,1.0,0.0019113648445014,CCCACACTCGCTGAGGTATTCGGGGAGCCCCGGTACATGGAAGTCGGCTAC,delTCGTCACCGCCGTGTCCCGGCCCGGCCT,CCCACACTCGCTGAGGTATT----------------------------CGGGGAGCCCCGGTACATGGAAGTCGGCTAC,135.0,CCCACACTCGCTGAGGTATTCGGGGAGCCCCGGTACATGGAAGTCGGCTAC,D28_L-21C1R9,0.001917409974370204
45,347.0,del,7.0,,-26.0,0.0,1.2593182318970084e-05,CCCACACTCGCTGAGGTATTCTCGGGGAGCCCCGGTACATGGAAGTCGGCTAC,delTCGTCACCGCCGTGTCCCGGCCCGGC,CCCACACTCGCTGAGGTATT--------------------------CTCGGGGAGCCCCGGTACATGGAAGTCGGCTAC,,,,1.2633011147463348e-05
46,253.0,del,0.0,,-19.0,0.0,0.0012327226189689,CCCACACTCGCTGAGGTATTGCCCGGCCTCGGGGAGCCCCGGTACATGGAAGTCGGCTAC,delTCGTCACCGCCGTGTCCCG,CCCACACTCGCTGAGGTATT-------------------GCCCGGCCTCGGGGAGCCCCGGTACATGGAAGTCGGCTAC,95.0,CCCACACTCGCTGAGGTATTGCCCGGCCTCGGGGAGCCCCGGTACATGGAAGTCGGCTAC,D19_L-20R0,0.001236621387090181
47,307.0,del,5.0,,-24.0,0.0,3.529819329835266e-05,CCCACACTCGCTGAGGTATTGCCTCGGGGAGCCCCGGTACATGGAAGTCGGCTAC,delTCGTCACCGCCGTGTCCCGGCCCG,CCCACACTCGCTGAGGTATT------------------------GCCTCGGGGAGCCCCGGTACATGGAAGTCGGCTAC,,,,3.540983193355961e-05
48,290.0,del,4.0,,-23.0,0.0,2.8328571174633205e-05,CCCACACTCGCTGAGGTATTGGCCTCGGGGAGCCCCGGTACATGGAAGTCGGCTAC,delTCGTCACCGCCGTGTCCCGGCCC,CCCACACTCGCTGAGGTATT-----------------------GGCCTCGGGGAGCCCCGGTACATGGAAGTCGGCTAC,,,,2.841816678074732e-05
49,403.0,del,11.0,,-30.0,0.0,5.906598757460872e-06,CCCACACTCGCTGAGGTATTGGGAGCCCCGGTACATGGAAGTCGGCTAC,delTCGTCACCGCCGTGTCCCGGCCCGGCCTCG,CCCACACTCGCTGAGGTATT------------------------------GGGAGCCCCGGTACATGGAAGTCGGCTAC,,,,5.925279731255324e-06
50,388.0,del,10.0,,-29.0,0.0,1.264042188426168e-05,CCCACACTCGCTGAGGTATTGGGGAGCCCCGGTACATGGAAGTCGGCTAC,delTCGTCACCGCCGTGTCCCGGCCCGGCCTC,CCCACACTCGCTGAGGTATT-----------------------------GGGGAGCCCCGGTACATGGAAGTCGGCTAC,,,,1.2680400118718933e-05
51,247.0,del,1.0,,-18.0,0.0,0.000263895544361,CCCACACTCGCTGAGGTATTTCCCCGGCCTCGGGGAGCCCCGGTACATGGAAGTCGGCTAC,delGTCACCGCCGTGTCCCGG,CCCACACTCGCTGAGGTATTTC------------------CCCGGCCTCGGGGAGCCCCGGTACATGGAAGTCGGCTAC,,,,0.00026473017456885917
52,49.0,del,2.0,,-19.0,1.0,0.0193784707854556,CCCACACTCGCTGAGGTATTTCCCGGCCTCGGGGAGCCCCGGTACATGGAAGTCGGCTAC,delGTCACCGCCGTGTCCCGGC,CCCACACTCGCTGAGGTATTTC-------------------CCGGCCTCGGGGAGCCCCGGTACATGGAAGTCGGCTAC,138.0,CCCACACTCGCTGAGGTATTTCCCGGCCTCGGGGAGCCCCGGTACATGGAAGTCGGCTAC,D19_L-19C1R2,0.01943975964555675
53,292.0,del,6.0,,-23.0,0.0,2.8328571174633205e-05,CCCACACTCGCTGAGGTATTTCCCTCGGGGAGCCCCGGTACATGGAAGTCGGCTAC,delGTCACCGCCGTGTCCCGGCCCGG,CCCACACTCGCTGAGGTATTTC-----------------------CCTCGGGGAGCCCCGGTACATGGAAGTCGGCTAC,,,,2.841816678074732e-05
54,55.0,del,3.0,,-20.0,1.0,0.0150919682224392,CCCACACTCGCTGAGGTATTTCCGGCCTCGGGGAGCCCCGGTACATGGAAGTCGGCTAC,delGTCACCGCCGTGTCCCGGCC,CCCACACTCGCTGAGGTATTTC--------------------CGGCCTCGGGGAGCCCCGGTACATGGAAGTCGGCTAC,158.0,CCCACACTCGCTGAGGTATTTCCGGCCTCGGGGAGCCCCGGTACATGGAAGTCGGCTAC,D20_L-19C1R3,0.015139700034679529
55,349.0,del,9.0,,-26.0,0.0,1.2593182318970084e-05,CCCACACTCGCTGAGGTATTTCCGGGGAGCCCCGGTACATGGAAGTCGGCTAC,delGTCACCGCCGTGTCCCGGCCCGGCCT,CCCACACTCGCTGAGGTATTTC--------------------------CGGGGAGCCCCGGTACATGGAAGTCGGCTAC,,,,1.2633011147463348e-05
56,75.0,del,7.0,,-24.0,1.0,0.0055520248358481,CCCACACTCGCTGAGGTATTTCCTCGGGGAGCCCCGGTACATGGAAGTCGGCTAC,delGTCACCGCCGTGTCCCGGCCCGGC,CCCACACTCGCTGAGGTATTTC------------------------CTCGGGGAGCCCCGGTACATGGAAGTCGGCTAC,97.0,CCCACACTCGCTGAGGTATTTCCTCGGGGAGCCCCGGTACATGGAAGTCGGCTAC,D24_L-19C1R7,0.005569584388261172
57,106.0,del,14.0,,-30.0,1.0,0.0012388241907708,CCCACACTCGCTGAGGTATTTCGAGCCCCGGTACATGGAAGTCGGCTAC,delTCACCGCCGTGTCCCGGCCCGGCCTCGGGG,CCCACACTCGCTGAGGTATTTCG------------------------------AGCCCCGGTACATGGAAGTCGGCTAC,79.0,CCCACACTCGCTGAGGTATTTCGAGCCCCGGTACATGGAAGTCGGCTAC,D30_L-18C1R14,0.0012427422565128633
58,40.0,del,1.0,,-17.0,1.0,0.0319496969776217,CCCACACTCGCTGAGGTATTTCGCCCGGCCTCGGGGAGCCCCGGTACATGGAAGTCGGCTAC,delTCACCGCCGTGTCCCGG,CCCACACTCGCTGAGGTATTTCG-----------------CCCGGCCTCGGGGAGCCCCGGTACATGGAAGTCGGCTAC,44.0,CCCACACTCGCTGAGGTATTTCGCCCGGCCTCGGGGAGCCCCGGTACATGGAAGTCGGCTAC,D17_L-18C1R1,0.03205074522492742
59,248.0,del,2.0,,-18.0,0.0,0.000263895544361,CCCACACTCGCTGAGGTATTTCGCCGGCCTCGGGGAGCCCCGGTACATGGAAGTCGGCTAC,delTCACCGCCGTGTCCCGGC,CCCACACTCGCTGAGGTATTTCG------------------CCGGCCTCGGGGAGCCCCGGTACATGGAAGTCGGCTAC,,,,0.00026473017456885917
60,65.0,del,6.0,,-22.0,1.0,0.0091537414423181,CCCACACTCGCTGAGGTATTTCGCCTCGGGGAGCCCCGGTACATGGAAGTCGGCTAC,delTCACCGCCGTGTCCCGGCCCGG,CCCACACTCGCTGAGGTATTTCG----------------------CCTCGGGGAGCCCCGGTACATGGAAGTCGGCTAC,104.0,CCCACACTCGCTGAGGTATTTCGCCTCGGGGAGCCCCGGTACATGGAAGTCGGCTAC,D22_L-18C1R6,0.009182692249885507
61,255.0,del,3.0,,-19.0,0.0,0.0003081806547422,CCCACACTCGCTGAGGTATTTCGCGGCCTCGGGGAGCCCCGGTACATGGAAGTCGGCTAC,delTCACCGCCGTGTCCCGGCC,CCCACACTCGCTGAGGTATTTCG-------------------CGGCCTCGGGGAGCCCCGGTACATGGAAGTCGGCTAC,,,,0.0003091553467725201
62,325.0,del,9.0,,-25.0,0.0,2.170221502757364e-05,CCCACACTCGCTGAGGTATTTCGCGGGGAGCCCCGGTACATGGAAGTCGGCTAC,delTCACCGCCGTGTCCCGGCCCGGCCT,CCCACACTCGCTGAGGTATTTCG-------------------------CGGGGAGCCCCGGTACATGGAAGTCGGCTAC,,,,2.1770853262005858e-05
63,293.0,del,7.0,,-23.0,0.0,2.8328571174633205e-05,CCCACACTCGCTGAGGTATTTCGCTCGGGGAGCCCCGGTACATGGAAGTCGGCTAC,delTCACCGCCGTGTCCCGGCCCGGC,CCCACACTCGCTGAGGTATTTCG-----------------------CTCGGGGAGCCCCGGTACATGGAAGTCGGCTAC,,,,2.841816678074732e-05
64,99.0,del,13.0,,-29.0,1.0,0.0015906817477573,CCCACACTCGCTGAGGTATTTCGGAGCCCCGGTACATGGAAGTCGGCTAC,delTCACCGCCGTGTCCCGGCCCGGCCTCGGG,CCCACACTCGCTGAGGTATTTCG-----------------------------GAGCCCCGGTACATGGAAGTCGGCTAC,86.0,CCCACACTCGCTGAGGTATTTCGGAGCCCCGGTACATGGAAGTCGGCTAC,D29_L-18C1R13,0.0015957126437543627
65,230.0,del,0.0,,-16.0,0.0,0.0039209905485599,CCCACACTCGCTGAGGTATTTCGGCCCGGCCTCGGGGAGCCCCGGTACATGGAAGTCGGCTAC,delTCACCGCCGTGTCCCG,CCCACACTCGCTGAGGTATTTCG----------------GCCCGGCCTCGGGGAGCCCCGGTACATGGAAGTCGGCTAC,94.0,CCCACACTCGCTGAGGTATTTCGGCCCGGCCTCGGGGAGCCCCGGTACATGGAAGTCGGCTAC,D16_L-19C2R0,0.00393339158081106
66,59.0,del,5.0,,-21.0,2.0,0.0880284444612894,CCCACACTCGCTGAGGTATTTCGGCCTCGGGGAGCCCCGGTACATGGAAGTCGGCTAC,delTCACCGCCGTGTCCCGGCCCG,CCCACACTCGCTGAGGTATTTCG---------------------GCCTCGGGGAGCCCCGGTACATGGAAGTCGGCTAC,43.0,CCCACACTCGCTGAGGTATTTCGGCCTCGGGGAGCCCCGGTACATGGAAGTCGGCTAC,D21_L-19C2R5,0.08830685461435263
67,91.0,del,12.0,,-28.0,1.0,0.0020424757939817,CCCACACTCGCTGAGGTATTTCGGGAGCCCCGGTACATGGAAGTCGGCTAC,delTCACCGCCGTGTCCCGGCCCGGCCTCGG,CCCACACTCGCTGAGGTATTTCG----------------------------GGAGCCCCGGTACATGGAAGTCGGCTAC,81.0,CCCACACTCGCTGAGGTATTTCGGGAGCCCCGGTACATGGAAGTCGGCTAC,D28_L-18C1R12,0.0020489355923106415
68,262.0,del,4.0,,-20.0,0.0,0.0001066484862365,CCCACACTCGCTGAGGTATTTCGGGCCTCGGGGAGCCCCGGTACATGGAAGTCGGCTAC,delTCACCGCCGTGTCCCGGCCC,CCCACACTCGCTGAGGTATTTCG--------------------GGCCTCGGGGAGCCCCGGTACATGGAAGTCGGCTAC,,,,0.00010698578654390372
69,85.0,del,11.0,,-27.0,3.0,0.0513550622994064,CCCACACTCGCTGAGGTATTTCGGGGAGCCCCGGTACATGGAAGTCGGCTAC,delTCACCGCCGTGTCCCGGCCCGGCCTCG,CCCACACTCGCTGAGGTATTTCG---------------------------GGGAGCCCCGGTACATGGAAGTCGGCTAC,25.0,CCCACACTCGCTGAGGTATTTCGGGGAGCCCCGGTACATGGAAGTCGGCTAC,D27_L-20C3R11,0.051517484466955164
70,350.0,del,10.0,,-26.0,0.0,1.2593182318970084e-05,CCCACACTCGCTGAGGTATTTCGGGGGAGCCCCGGTACATGGAAGTCGGCTAC,delTCACCGCCGTGTCCCGGCCCGGCCTC,CCCACACTCGCTGAGGTATTTCG--------------------------GGGGAGCCCCGGTACATGGAAGTCGGCTAC,,,,1.2633011147463348e-05
71,390.0,del,14.0,,-29.0,0.0,1.264042188426168e-05,CCCACACTCGCTGAGGTATTTCGTAGCCCCGGTACATGGAAGTCGGCTAC,delCACCGCCGTGTCCCGGCCCGGCCTCGGGG,CCCACACTCGCTGAGGTATTTCGT-----------------------------AGCCCCGGTACATGGAAGTCGGCTAC,,,,1.2680400118718933e-05
72,367.0,del,14.0,,-27.0,0.0,1.923769625064167e-05,CCCACACTCGCTGAGGTATTTCGTCAAGCCCCGGTACATGGAAGTCGGCTAC,delCCGCCGTGTCCCGGCCCGGCCTCGGGG,CCCACACTCGCTGAGGTATTTCGTCA---------------------------AGCCCCGGTACATGGAAGTCGGCTAC,,,,1.9298539878976828e-05
73,354.0,del,14.0,,-26.0,0.0,1.2593182318970084e-05,CCCACACTCGCTGAGGTATTTCGTCACAGCCCCGGTACATGGAAGTCGGCTAC,delCGCCGTGTCCCGGCCCGGCCTCGGGG,CCCACACTCGCTGAGGTATTTCGTCAC--------------------------AGCCCCGGTACATGGAAGTCGGCTAC,172.0,CCCACACTCGCTGAGGTATTTCGTCACAGCCCCGGTACATGGAAGTCGGCTAC,D26_L-13R14,1.2633011147463348e-05
74,330.0,del,14.0,,-25.0,0.0,2.170221502757364e-05,CCCACACTCGCTGAGGTATTTCGTCACCAGCCCCGGTACATGGAAGTCGGCTAC,delGCCGTGTCCCGGCCCGGCCTCGGGG,CCCACACTCGCTGAGGTATTTCGTCACC-------------------------AGCCCCGGTACATGGAAGTCGGCTAC,,,,2.1770853262005858e-05
75,369.0,del,16.0,,-27.0,0.0,1.923769625064167e-05,CCCACACTCGCTGAGGTATTTCGTCACCCCCCGGTACATGGAAGTCGGCTAC,delGCCGTGTCCCGGCCCGGCCTCGGGGAG,CCCACACTCGCTGAGGTATTTCGTCACC---------------------------CCCCGGTACATGGAAGTCGGCTAC,,,,1.9298539878976828e-05
76,205.0,del,1.0,,-12.0,0.0,0.0027037661513367,CCCACACTCGCTGAGGTATTTCGTCACCCCCGGCCTCGGGGAGCCCCGGTACATGGAAGTCGGCTAC,delGCCGTGTCCCGG,CCCACACTCGCTGAGGTATTTCGTCACC------------CCCGGCCTCGGGGAGCCCCGGTACATGGAAGTCGGCTAC,169.0,CCCACACTCGCTGAGGTATTTCGTCACCCCCGGCCTCGGGGAGCCCCGGTACATGGAAGTCGGCTAC,D12_L-12R1,0.0027123174321487995
77,93.0,del,17.0,,-28.0,1.0,0.0020424757939817,CCCACACTCGCTGAGGTATTTCGTCACCCCCGGTACATGGAAGTCGGCTAC,delGCCGTGTCCCGGCCCGGCCTCGGGGAGC,CCCACACTCGCTGAGGTATTTCGTCACC----------------------------CCCGGTACATGGAAGTCGGCTAC,175.0,CCCACACTCGCTGAGGTATTTCGTCACCCCCGGTACATGGAAGTCGGCTAC,D28_L-13C1R17,0.0020489355923106415
78,25.0,del,2.0,,-13.0,1.0,0.0868482807190421,CCCACACTCGCTGAGGTATTTCGTCACCCCGGCCTCGGGGAGCCCCGGTACATGGAAGTCGGCTAC,delGCCGTGTCCCGGC,CCCACACTCGCTGAGGTATTTCGTCACC-------------CCGGCCTCGGGGAGCCCCGGTACATGGAAGTCGGCTAC,137.0,CCCACACTCGCTGAGGTATTTCGTCACCCCGGCCTCGGGGAGCCCCGGTACATGGAAGTCGGCTAC,D13_L-13C1R2,0.0871229583334909
79,100.0,del,18.0,,-29.0,2.0,0.011913354464047,CCCACACTCGCTGAGGTATTTCGTCACCCCGGTACATGGAAGTCGGCTAC,delGCCGTGTCCCGGCCCGGCCTCGGGGAGCC,CCCACACTCGCTGAGGTATTTCGTCACC-----------------------------CCGGTACATGGAAGTCGGCTAC,118.0,CCCACACTCGCTGAGGTATTTCGTCACCCCGGTACATGGAAGTCGGCTAC,D29_L-14C2R18,0.011951033180967758
80,238.0,del,6.0,,-17.0,0.0,0.0003390226649734,CCCACACTCGCTGAGGTATTTCGTCACCCCTCGGGGAGCCCCGGTACATGGAAGTCGGCTAC,delGCCGTGTCCCGGCCCGG,CCCACACTCGCTGAGGTATTTCGTCACC-----------------CCTCGGGGAGCCCCGGTACATGGAAGTCGGCTAC,,,,0.00034009490193754005
81,30.0,del,3.0,,-14.0,2.0,0.5065687220615583,CCCACACTCGCTGAGGTATTTCGTCACCCGGCCTCGGGGAGCCCCGGTACATGGAAGTCGGCTAC,delGCCGTGTCCCGGCC,CCCACACTCGCTGAGGTATTTCGTCACC--------------CGGCCTCGGGGAGCCCCGGTACATGGAAGTCGGCTAC,45.0,CCCACACTCGCTGAGGTATTTCGTCACCCGGCCTCGGGGAGCCCCGGTACATGGAAGTCGGCTAC,D14_L-14C2R3,0.5081708618734031
82,265.0,del,9.0,,-20.0,0.0,0.0001066484862365,CCCACACTCGCTGAGGTATTTCGTCACCCGGGGAGCCCCGGTACATGGAAGTCGGCTAC,delGCCGTGTCCCGGCCCGGCCT,CCCACACTCGCTGAGGTATTTCGTCACC--------------------CGGGGAGCCCCGGTACATGGAAGTCGGCTAC,,,,0.00010698578654390372
83,107.0,del,19.0,,-30.0,2.0,0.009278129785607,CCCACACTCGCTGAGGTATTTCGTCACCCGGTACATGGAAGTCGGCTAC,delGCCGTGTCCCGGCCCGGCCTCGGGGAGCCC,CCCACACTCGCTGAGGTATTTCGTCACC------------------------------CGGTACATGGAAGTCGGCTAC,117.0,CCCACACTCGCTGAGGTATTTCGTCACCCGGTACATGGAAGTCGGCTAC,D30_L-14C2R19,0.00930747399985001
84,45.0,del,7.0,,-18.0,1.0,0.0248824490250659,CCCACACTCGCTGAGGTATTTCGTCACCCTCGGGGAGCCCCGGTACATGGAAGTCGGCTAC,delGCCGTGTCCCGGCCCGGC,CCCACACTCGCTGAGGTATTTCGTCACC------------------CTCGGGGAGCCCCGGTACATGGAAGTCGGCTAC,125.0,CCCACACTCGCTGAGGTATTTCGTCACCCTCGGGGAGCCCCGGTACATGGAAGTCGGCTAC,D18_L-13C1R7,0.024961145479195593
85,77.0,del,14.0,,-24.0,1.0,0.0055520248358481,CCCACACTCGCTGAGGTATTTCGTCACCGAGCCCCGGTACATGGAAGTCGGCTAC,delCCGTGTCCCGGCCCGGCCTCGGGG,CCCACACTCGCTGAGGTATTTCGTCACCG------------------------AGCCCCGGTACATGGAAGTCGGCTAC,114.0,CCCACACTCGCTGAGGTATTTCGTCACCGAGCCCCGGTACATGGAAGTCGGCTAC,D24_L-12C1R14,0.005569584388261172
86,298.0,del,14.0,,-23.0,0.0,2.8328571174633205e-05,CCCACACTCGCTGAGGTATTTCGTCACCGCAGCCCCGGTACATGGAAGTCGGCTAC,delCGTGTCCCGGCCCGGCCTCGGGG,CCCACACTCGCTGAGGTATTTCGTCACCGC-----------------------AGCCCCGGTACATGGAAGTCGGCTAC,177.0,CCCACACTCGCTGAGGTATTTCGTCACCGCAGCCCCGGTACATGGAAGTCGGCTAC,D23_L-10R14,2.841816678074732e-05
87,281.0,del,14.0,,-22.0,0.0,9.700513750183068e-05,CCCACACTCGCTGAGGTATTTCGTCACCGCCAGCCCCGGTACATGGAAGTCGGCTAC,delGTGTCCCGGCCCGGCCTCGGGG,CCCACACTCGCTGAGGTATTTCGTCACCGCC----------------------AGCCCCGGTACATGGAAGTCGGCTAC,,,,9.731193850626827e-05
88,311.0,del,16.0,,-24.0,0.0,3.529819329835266e-05,CCCACACTCGCTGAGGTATTTCGTCACCGCCCCCCGGTACATGGAAGTCGGCTAC,delGTGTCCCGGCCCGGCCTCGGGGAG,CCCACACTCGCTGAGGTATTTCGTCACCGCC------------------------CCCCGGTACATGGAAGTCGGCTAC,,,,3.540983193355961e-05
89,194.0,del,1.0,,-9.0,0.0,0.0034778751573678,CCCACACTCGCTGAGGTATTTCGTCACCGCCCCCGGCCTCGGGGAGCCCCGGTACATGGAAGTCGGCTAC,delGTGTCCCGG,CCCACACTCGCTGAGGTATTTCGTCACCGCC---------CCCGGCCTCGGGGAGCCCCGGTACATGGAAGTCGGCTAC,,,,0.0034888747355248727
90,80.0,del,17.0,,-25.0,1.0,0.0043239212897903,CCCACACTCGCTGAGGTATTTCGTCACCGCCCCCGGTACATGGAAGTCGGCTAC,delGTGTCCCGGCCCGGCCTCGGGGAGC,CCCACACTCGCTGAGGTATTTCGTCACCGCC-------------------------CCCGGTACATGGAAGTCGGCTAC,,,,0.004337596682959984
91,15.0,del,2.0,,-10.0,1.0,0.1838578117249944,CCCACACTCGCTGAGGTATTTCGTCACCGCCCCGGCCTCGGGGAGCCCCGGTACATGGAAGTCGGCTAC,delGTGTCCCGGC,CCCACACTCGCTGAGGTATTTCGTCACCGCC----------CCGGCCTCGGGGAGCCCCGGTACATGGAAGTCGGCTAC,41.0,CCCACACTCGCTGAGGTATTTCGTCACCGCCCCGGCCTCGGGGAGCCCCGGTACATGGAAGTCGGCTAC,D10_L-10C1R2,0.18443930423934563
92,81.0,del,18.0,,-26.0,3.0,0.097157583768617,CCCACACTCGCTGAGGTATTTCGTCACCGCCCCGGTACATGGAAGTCGGCTAC,delGTGTCCCGGCCCGGCCTCGGGGAGCC,CCCACACTCGCTGAGGTATTTCGTCACCGCC--------------------------CCGGTACATGGAAGTCGGCTAC,55.0,CCCACACTCGCTGAGGTATTTCGTCACCGCCCCGGTACATGGAAGTCGGCTAC,D26_L-12C3R18,0.09746486691935094
93,215.0,del,6.0,,-14.0,0.0,0.0007208009076457,CCCACACTCGCTGAGGTATTTCGTCACCGCCCCTCGGGGAGCCCCGGTACATGGAAGTCGGCTAC,delGTGTCCCGGCCCGG,CCCACACTCGCTGAGGTATTTCGTCACCGCC--------------CCTCGGGGAGCCCCGGTACATGGAAGTCGGCTAC,,,,0.0007230806058983936
94,18.0,del,3.0,,-11.0,3.0,4.131245586353335,CCCACACTCGCTGAGGTATTTCGTCACCGCCCGGCCTCGGGGAGCCCCGGTACATGGAAGTCGGCTAC,delGTGTCCCGGCC,CCCACACTCGCTGAGGTATTTCGTCACCGCC-----------CGGCCTCGGGGAGCCCCGGTACATGGAAGTCGGCTAC,3.0,CCCACACTCGCTGAGGTATTTCGTCACCGCCCGGCCTCGGGGAGCCCCGGTACATGGAAGTCGGCTAC,D11_L-12C3R3,4.14431159840293
95,239.0,del,9.0,,-17.0,0.0,0.0003390226649734,CCCACACTCGCTGAGGTATTTCGTCACCGCCCGGGGAGCCCCGGTACATGGAAGTCGGCTAC,delGTGTCCCGGCCCGGCCT,CCCACACTCGCTGAGGTATTTCGTCACCGCC-----------------CGGGGAGCCCCGGTACATGGAAGTCGGCTAC,,,,0.00034009490193754005
96,86.0,del,19.0,,-27.0,2.0,0.0196418009102646,CCCACACTCGCTGAGGTATTTCGTCACCGCCCGGTACATGGAAGTCGGCTAC,delGTGTCCCGGCCCGGCCTCGGGGAGCCC,CCCACACTCGCTGAGGTATTTCGTCACCGCC---------------------------CGGTACATGGAAGTCGGCTAC,84.0,CCCACACTCGCTGAGGTATTTCGTCACCGCCCGGTACATGGAAGTCGGCTAC,D27_L-11C2R19,0.019703922612304543
97,33.0,del,7.0,,-15.0,1.0,0.0526761449994286,CCCACACTCGCTGAGGTATTTCGTCACCGCCCTCGGGGAGCCCCGGTACATGGAAGTCGGCTAC,delGTGTCCCGGCCCGGC,CCCACACTCGCTGAGGTATTTCGTCACCGCC---------------CTCGGGGAGCCCCGGTACATGGAAGTCGGCTAC,85.0,CCCACACTCGCTGAGGTATTTCGTCACCGCCCTCGGGGAGCCCCGGTACATGGAAGTCGGCTAC,D15_L-10C1R7,0.05284274539412852
98,410.0,del,23.0,,-30.0,0.0,5.906598757460872e-06,CCCACACTCGCTGAGGTATTTCGTCACCGCCGACATGGAAGTCGGCTAC,delTGTCCCGGCCCGGCCTCGGGGAGCCCCGGT,CCCACACTCGCTGAGGTATTTCGTCACCGCCG------------------------------ACATGGAAGTCGGCTAC,,,,5.925279731255324e-06
99,62.0,del,14.0,,-21.0,1.0,0.0117536366697244,CCCACACTCGCTGAGGTATTTCGTCACCGCCGAGCCCCGGTACATGGAAGTCGGCTAC,delTGTCCCGGCCCGGCCTCGGGG,CCCACACTCGCTGAGGTATTTCGTCACCGCCG---------------------AGCCCCGGTACATGGAAGTCGGCTAC,78.0,CCCACACTCGCTGAGGTATTTCGTCACCGCCGAGCCCCGGTACATGGAAGTCGGCTAC,D21_L-9C1R14,0.011790810242474586
100,72.0,del,16.0,,-23.0,1.0,0.0071289410033105,CCCACACTCGCTGAGGTATTTCGTCACCGCCGCCCCGGTACATGGAAGTCGGCTAC,delTGTCCCGGCCCGGCCTCGGGGAG,CCCACACTCGCTGAGGTATTTCGTCACCGCCG-----------------------CCCCGGTACATGGAAGTCGGCTAC,165.0,CCCACACTCGCTGAGGTATTTCGTCACCGCCGCCCCGGTACATGGAAGTCGGCTAC,D23_L-9C1R16,0.007151487914914546
101,12.0,del,1.0,,-8.0,1.0,0.3031302849753778,CCCACACTCGCTGAGGTATTTCGTCACCGCCGCCCGGCCTCGGGGAGCCCCGGTACATGGAAGTCGGCTAC,delTGTCCCGG,CCCACACTCGCTGAGGTATTTCGTCACCGCCG--------CCCGGCCTCGGGGAGCCCCGGTACATGGAAGTCGGCTAC,22.0,CCCACACTCGCTGAGGTATTTCGTCACCGCCGCCCGGCCTCGGGGAGCCCCGGTACATGGAAGTCGGCTAC,D8_L-9C1R1,0.3040890040525416
102,312.0,del,17.0,,-24.0,0.0,3.529819329835266e-05,CCCACACTCGCTGAGGTATTTCGTCACCGCCGCCCGGTACATGGAAGTCGGCTAC,delTGTCCCGGCCCGGCCTCGGGGAGC,CCCACACTCGCTGAGGTATTTCGTCACCGCCG------------------------CCCGGTACATGGAAGTCGGCTAC,,,,3.540983193355961e-05
103,195.0,del,2.0,,-9.0,0.0,0.0034778751573678,CCCACACTCGCTGAGGTATTTCGTCACCGCCGCCGGCCTCGGGGAGCCCCGGTACATGGAAGTCGGCTAC,delTGTCCCGGC,CCCACACTCGCTGAGGTATTTCGTCACCGCCG---------CCGGCCTCGGGGAGCCCCGGTACATGGAAGTCGGCTAC,176.0,CCCACACTCGCTGAGGTATTTCGTCACCGCCGCCGGCCTCGGGGAGCCCCGGTACATGGAAGTCGGCTAC,D9_L-8R2,0.0034888747355248727
104,332.0,del,18.0,,-25.0,0.0,2.170221502757364e-05,CCCACACTCGCTGAGGTATTTCGTCACCGCCGCCGGTACATGGAAGTCGGCTAC,delTGTCCCGGCCCGGCCTCGGGGAGCC,CCCACACTCGCTGAGGTATTTCGTCACCGCCG-------------------------CCGGTACATGGAAGTCGGCTAC,,,,2.1770853262005858e-05
105,27.0,del,6.0,,-13.0,1.0,0.0868482807190421,CCCACACTCGCTGAGGTATTTCGTCACCGCCGCCTCGGGGAGCCCCGGTACATGGAAGTCGGCTAC,delTGTCCCGGCCCGG,CCCACACTCGCTGAGGTATTTCGTCACCGCCG-------------CCTCGGGGAGCCCCGGTACATGGAAGTCGGCTAC,101.0,CCCACACTCGCTGAGGTATTTCGTCACCGCCGCCTCGGGGAGCCCCGGTACATGGAAGTCGGCTAC,D13_L-9C1R6,0.0871229583334909
106,201.0,del,3.0,,-10.0,0.0,0.0062407187319295,CCCACACTCGCTGAGGTATTTCGTCACCGCCGCGGCCTCGGGGAGCCCCGGTACATGGAAGTCGGCTAC,delTGTCCCGGCC,CCCACACTCGCTGAGGTATTTCGTCACCGCCG----------CGGCCTCGGGGAGCCCCGGTACATGGAAGTCGGCTAC,162.0,CCCACACTCGCTGAGGTATTTCGTCACCGCCGCGGCCTCGGGGAGCCCCGGTACATGGAAGTCGGCTAC,D10_L-8R3,0.006260456436804485
107,231.0,del,9.0,,-16.0,0.0,0.0009802476371399,CCCACACTCGCTGAGGTATTTCGTCACCGCCGCGGGGAGCCCCGGTACATGGAAGTCGGCTAC,delTGTCCCGGCCCGGCCT,CCCACACTCGCTGAGGTATTTCGTCACCGCCG----------------CGGGGAGCCCCGGTACATGGAAGTCGGCTAC,,,,0.0009833478952026898
108,355.0,del,19.0,,-26.0,0.0,1.2593182318970084e-05,CCCACACTCGCTGAGGTATTTCGTCACCGCCGCGGTACATGGAAGTCGGCTAC,delTGTCCCGGCCCGGCCTCGGGGAGCCC,CCCACACTCGCTGAGGTATTTCGTCACCGCCG--------------------------CGGTACATGGAAGTCGGCTAC,,,,1.2633011147463348e-05
109,216.0,del,7.0,,-14.0,0.0,0.0007208009076457,CCCACACTCGCTGAGGTATTTCGTCACCGCCGCTCGGGGAGCCCCGGTACATGGAAGTCGGCTAC,delTGTCCCGGCCCGGC,CCCACACTCGCTGAGGTATTTCGTCACCGCCG--------------CTCGGGGAGCCCCGGTACATGGAAGTCGGCTAC,,,,0.0007230806058983936
110,57.0,del,13.0,,-20.0,1.0,0.0150919682224392,CCCACACTCGCTGAGGTATTTCGTCACCGCCGGAGCCCCGGTACATGGAAGTCGGCTAC,delTGTCCCGGCCCGGCCTCGGG,CCCACACTCGCTGAGGTATTTCGTCACCGCCG--------------------GAGCCCCGGTACATGGAAGTCGGCTAC,90.0,CCCACACTCGCTGAGGTATTTCGTCACCGCCGGAGCCCCGGTACATGGAAGTCGGCTAC,D20_L-9C1R13,0.015139700034679529
111,282.0,del,15.0,,-22.0,0.0,9.700513750183068e-05,CCCACACTCGCTGAGGTATTTCGTCACCGCCGGCCCCGGTACATGGAAGTCGGCTAC,delTGTCCCGGCCCGGCCTCGGGGA,CCCACACTCGCTGAGGTATTTCGTCACCGCCG----------------------GCCCCGGTACATGGAAGTCGGCTAC,,,,9.731193850626827e-05
112,181.0,del,0.0,,-7.0,0.0,0.0459384797477542,CCCACACTCGCTGAGGTATTTCGTCACCGCCGGCCCGGCCTCGGGGAGCCCCGGTACATGGAAGTCGGCTAC,delTGTCCCG,CCCACACTCGCTGAGGTATTTCGTCACCGCCG-------GCCCGGCCTCGGGGAGCCCCGGTACATGGAAGTCGGCTAC,51.0,CCCACACTCGCTGAGGTATTTCGTCACCGCCGGCCCGGCCTCGGGGAGCCCCGGTACATGGAAGTCGGCTAC,D7_L-11C3R0,0.04608377073018986
113,22.0,del,5.0,,-12.0,3.0,3.2174172977122626,CCCACACTCGCTGAGGTATTTCGTCACCGCCGGCCTCGGGGAGCCCCGGTACATGGAAGTCGGCTAC,delTGTCCCGGCCCG,CCCACACTCGCTGAGGTATTTCGTCACCGCCG------------GCCTCGGGGAGCCCCGGTACATGGAAGTCGGCTAC,7.0,CCCACACTCGCTGAGGTATTTCGTCACCGCCGGCCTCGGGGAGCCCCGGTACATGGAAGTCGGCTAC,D12_L-11C3R5,3.227593118128108
114,52.0,del,12.0,,-19.0,1.0,0.0193784707854556,CCCACACTCGCTGAGGTATTTCGTCACCGCCGGGAGCCCCGGTACATGGAAGTCGGCTAC,delTGTCCCGGCCCGGCCTCGG,CCCACACTCGCTGAGGTATTTCGTCACCGCCG-------------------GGAGCCCCGGTACATGGAAGTCGGCTAC,87.0,CCCACACTCGCTGAGGTATTTCGTCACCGCCGGGAGCCCCGGTACATGGAAGTCGGCTAC,D19_L-9C1R12,0.01943975964555675
115,203.0,del,4.0,,-11.0,0.0,0.0281918209096337,CCCACACTCGCTGAGGTATTTCGTCACCGCCGGGCCTCGGGGAGCCCCGGTACATGGAAGTCGGCTAC,delTGTCCCGGCCC,CCCACACTCGCTGAGGTATTTCGTCACCGCCG-----------GGCCTCGGGGAGCCCCGGTACATGGAAGTCGGCTAC,142.0,CCCACACTCGCTGAGGTATTTCGTCACCGCCGGGCCTCGGGGAGCCCCGGTACATGGAAGTCGGCTAC,D11_L-8R4,0.02828098401165845
116,46.0,del,11.0,,-18.0,2.0,0.1863562183869377,CCCACACTCGCTGAGGTATTTCGTCACCGCCGGGGAGCCCCGGTACATGGAAGTCGGCTAC,delTGTCCCGGCCCGGCCTCG,CCCACACTCGCTGAGGTATTTCGTCACCGCCG------------------GGGAGCCCCGGTACATGGAAGTCGGCTAC,33.0,CCCACACTCGCTGAGGTATTTCGTCACCGCCGGGGAGCCCCGGTACATGGAAGTCGGCTAC,D18_L-10C2R11,0.18694561268559765
117,240.0,del,10.0,,-17.0,0.0,0.0003390226649734,CCCACACTCGCTGAGGTATTTCGTCACCGCCGGGGGAGCCCCGGTACATGGAAGTCGGCTAC,delTGTCCCGGCCCGGCCTC,CCCACACTCGCTGAGGTATTTCGTCACCGCCG-----------------GGGGAGCCCCGGTACATGGAAGTCGGCTAC,,,,0.00034009490193754005
118,370.0,del,20.0,,-27.0,0.0,1.923769625064167e-05,CCCACACTCGCTGAGGTATTTCGTCACCGCCGGGTACATGGAAGTCGGCTAC,delTGTCCCGGCCCGGCCTCGGGGAGCCCC,CCCACACTCGCTGAGGTATTTCGTCACCGCCG---------------------------GGTACATGGAAGTCGGCTAC,,,,1.9298539878976828e-05
119,94.0,del,21.0,,-28.0,3.0,0.0589290533792647,CCCACACTCGCTGAGGTATTTCGTCACCGCCGGTACATGGAAGTCGGCTAC,delTGTCCCGGCCCGGCCTCGGGGAGCCCCG,CCCACACTCGCTGAGGTATTTCGTCACCGCCG----------------------------GTACATGGAAGTCGGCTAC,49.0,CCCACACTCGCTGAGGTATTTCGTCACCGCCGGTACATGGAAGTCGGCTAC,D28_L-11C3R21,0.05911543003139793
120,102.0,del,23.0,,-29.0,2.0,0.0087085022505305,CCCACACTCGCTGAGGTATTTCGTCACCGCCGTACATGGAAGTCGGCTAC,delGTCCCGGCCCGGCCTCGGGGAGCCCCGGT,CCCACACTCGCTGAGGTATTTCGTCACCGCCGT-----------------------------ACATGGAAGTCGGCTAC,76.0,CCCACACTCGCTGAGGTATTTCGTCACCGCCGTACATGGAAGTCGGCTAC,D29_L-9C2R23,0.008736044886997146
121,268.0,del,14.0,,-20.0,0.0,0.0001066484862365,CCCACACTCGCTGAGGTATTTCGTCACCGCCGTAGCCCCGGTACATGGAAGTCGGCTAC,delGTCCCGGCCCGGCCTCGGGG,CCCACACTCGCTGAGGTATTTCGTCACCGCCGT--------------------AGCCCCGGTACATGGAAGTCGGCTAC,178.0,CCCACACTCGCTGAGGTATTTCGTCACCGCCGTAGCCCCGGTACATGGAAGTCGGCTAC,D20_L-7R14,0.00010698578654390372
122,411.0,del,24.0,,-30.0,0.0,5.906598757460872e-06,CCCACACTCGCTGAGGTATTTCGTCACCGCCGTCATGGAAGTCGGCTAC,delGTCCCGGCCCGGCCTCGGGGAGCCCCGGTA,CCCACACTCGCTGAGGTATTTCGTCACCGCCGT------------------------------CATGGAAGTCGGCTAC,,,,5.925279731255324e-06
123,283.0,del,16.0,,-22.0,0.0,9.700513750183068e-05,CCCACACTCGCTGAGGTATTTCGTCACCGCCGTCCCCGGTACATGGAAGTCGGCTAC,delGTCCCGGCCCGGCCTCGGGGAG,CCCACACTCGCTGAGGTATTTCGTCACCGCCGT----------------------CCCCGGTACATGGAAGTCGGCTAC,,,,9.731193850626827e-05
124,183.0,del,1.0,,-7.0,0.0,0.0114846199369385,CCCACACTCGCTGAGGTATTTCGTCACCGCCGTCCCGGCCTCGGGGAGCCCCGGTACATGGAAGTCGGCTAC,delGTCCCGG,CCCACACTCGCTGAGGTATTTCGTCACCGCCGT-------CCCGGCCTCGGGGAGCCCCGGTACATGGAAGTCGGCTAC,126.0,CCCACACTCGCTGAGGTATTTCGTCACCGCCGTCCCGGCCTCGGGGAGCCCCGGTACATGGAAGTCGGCTAC,D7_L-7R1,0.011520942682547415
125,299.0,del,17.0,,-23.0,0.0,2.8328571174633205e-05,CCCACACTCGCTGAGGTATTTCGTCACCGCCGTCCCGGTACATGGAAGTCGGCTAC,delGTCCCGGCCCGGCCTCGGGGAGC,CCCACACTCGCTGAGGTATTTCGTCACCGCCGT-----------------------CCCGGTACATGGAAGTCGGCTAC,,,,2.841816678074732e-05
126,188.0,del,2.0,,-8.0,0.0,0.0100565521502335,CCCACACTCGCTGAGGTATTTCGTCACCGCCGTCCGGCCTCGGGGAGCCCCGGTACATGGAAGTCGGCTAC,delGTCCCGGC,CCCACACTCGCTGAGGTATTTCGTCACCGCCGT--------CCGGCCTCGGGGAGCCCCGGTACATGGAAGTCGGCTAC,179.0,CCCACACTCGCTGAGGTATTTCGTCACCGCCGTCCGGCCTCGGGGAGCCCCGGTACATGGAAGTCGGCTAC,D8_L-7R2,0.010088358303807712
127,313.0,del,18.0,,-24.0,0.0,3.529819329835266e-05,CCCACACTCGCTGAGGTATTTCGTCACCGCCGTCCGGTACATGGAAGTCGGCTAC,delGTCCCGGCCCGGCCTCGGGGAGCC,CCCACACTCGCTGAGGTATTTCGTCACCGCCGT------------------------CCGGTACATGGAAGTCGGCTAC,,,,3.540983193355961e-05
128,206.0,del,6.0,,-12.0,0.0,0.0027037661513367,CCCACACTCGCTGAGGTATTTCGTCACCGCCGTCCTCGGGGAGCCCCGGTACATGGAAGTCGGCTAC,delGTCCCGGCCCGG,CCCACACTCGCTGAGGTATTTCGTCACCGCCGT------------CCTCGGGGAGCCCCGGTACATGGAAGTCGGCTAC,145.0,CCCACACTCGCTGAGGTATTTCGTCACCGCCGTCCTCGGGGAGCCCCGGTACATGGAAGTCGGCTAC,D12_L-7R6,0.0027123174321487995
129,196.0,del,3.0,,-9.0,0.0,0.0034778751573678,CCCACACTCGCTGAGGTATTTCGTCACCGCCGTCGGCCTCGGGGAGCCCCGGTACATGGAAGTCGGCTAC,delGTCCCGGCC,CCCACACTCGCTGAGGTATTTCGTCACCGCCGT---------CGGCCTCGGGGAGCCCCGGTACATGGAAGTCGGCTAC,,,,0.0034888747355248727
130,34.0,del,9.0,,-15.0,1.0,0.0492947490454654,CCCACACTCGCTGAGGTATTTCGTCACCGCCGTCGGGGAGCCCCGGTACATGGAAGTCGGCTAC,delGTCCCGGCCCGGCCT,CCCACACTCGCTGAGGTATTTCGTCACCGCCGT---------------CGGGGAGCCCCGGTACATGGAAGTCGGCTAC,122.0,CCCACACTCGCTGAGGTATTTCGTCACCGCCGTCGGGGAGCCCCGGTACATGGAAGTCGGCTAC,D15_L-8C1R9,0.04945065499962543
131,333.0,del,19.0,,-25.0,0.0,2.170221502757364e-05,CCCACACTCGCTGAGGTATTTCGTCACCGCCGTCGGTACATGGAAGTCGGCTAC,delGTCCCGGCCCGGCCTCGGGGAGCCC,CCCACACTCGCTGAGGTATTTCGTCACCGCCGT-------------------------CGGTACATGGAAGTCGGCTAC,,,,2.1770853262005858e-05
132,210.0,del,7.0,,-13.0,0.0,0.0041809239742385,CCCACACTCGCTGAGGTATTTCGTCACCGCCGTCTCGGGGAGCCCCGGTACATGGAAGTCGGCTAC,delGTCCCGGCCCGGC,CCCACACTCGCTGAGGTATTTCGTCACCGCCGT-------------CTCGGGGAGCCCCGGTACATGGAAGTCGGCTAC,170.0,CCCACACTCGCTGAGGTATTTCGTCACCGCCGTCTCGGGGAGCCCCGGTACATGGAAGTCGGCTAC,D13_L-7R7,0.004194147105588109
133,381.0,del,23.0,,-28.0,0.0,1.9476862457325217e-05,CCCACACTCGCTGAGGTATTTCGTCACCGCCGTGACATGGAAGTCGGCTAC,delTCCCGGCCCGGCCTCGGGGAGCCCCGGT,CCCACACTCGCTGAGGTATTTCGTCACCGCCGTG----------------------------ACATGGAAGTCGGCTAC,,,,1.953846250366387e-05
134,53.0,del,14.0,,-19.0,1.0,0.0193784707854556,CCCACACTCGCTGAGGTATTTCGTCACCGCCGTGAGCCCCGGTACATGGAAGTCGGCTAC,delTCCCGGCCCGGCCTCGGGG,CCCACACTCGCTGAGGTATTTCGTCACCGCCGTG-------------------AGCCCCGGTACATGGAAGTCGGCTAC,71.0,CCCACACTCGCTGAGGTATTTCGTCACCGCCGTGAGCCCCGGTACATGGAAGTCGGCTAC,D19_L-7C1R14,0.01943975964555675
135,412.0,del,25.0,,-30.0,0.0,5.906598757460872e-06,CCCACACTCGCTGAGGTATTTCGTCACCGCCGTGATGGAAGTCGGCTAC,delTCCCGGCCCGGCCTCGGGGAGCCCCGGTAC,CCCACACTCGCTGAGGTATTTCGTCACCGCCGTG------------------------------ATGGAAGTCGGCTAC,,,,5.925279731255324e-06
136,392.0,del,24.0,,-29.0,0.0,1.264042188426168e-05,CCCACACTCGCTGAGGTATTTCGTCACCGCCGTGCATGGAAGTCGGCTAC,delTCCCGGCCCGGCCTCGGGGAGCCCCGGTA,CCCACACTCGCTGAGGTATTTCGTCACCGCCGTG-----------------------------CATGGAAGTCGGCTAC,,,,1.2680400118718933e-05
137,63.0,del,16.0,,-21.0,1.0,0.0117536366697244,CCCACACTCGCTGAGGTATTTCGTCACCGCCGTGCCCCGGTACATGGAAGTCGGCTAC,delTCCCGGCCCGGCCTCGGGGAG,CCCACACTCGCTGAGGTATTTCGTCACCGCCGTG---------------------CCCCGGTACATGGAAGTCGGCTAC,109.0,CCCACACTCGCTGAGGTATTTCGTCACCGCCGTGCCCCGGTACATGGAAGTCGGCTAC,D21_L-7C1R16,0.011790810242474586
138,8.0,del,1.0,,-6.0,1.0,0.4997773486322968,CCCACACTCGCTGAGGTATTTCGTCACCGCCGTGCCCGGCCTCGGGGAGCCCCGGTACATGGAAGTCGGCTAC,delTCCCGG,CCCACACTCGCTGAGGTATTTCGTCACCGCCGTG------CCCGGCCTCGGGGAGCCCCGGTACATGGAAGTCGGCTAC,9.0,CCCACACTCGCTGAGGTATTTCGTCACCGCCGTGCCCGGCCTCGGGGAGCCCCGGTACATGGAAGTCGGCTAC,D6_L-7C1R1,0.5013580091674427
139,284.0,del,17.0,,-22.0,0.0,9.700513750183068e-05,CCCACACTCGCTGAGGTATTTCGTCACCGCCGTGCCCGGTACATGGAAGTCGGCTAC,delTCCCGGCCCGGCCTCGGGGAGC,CCCACACTCGCTGAGGTATTTCGTCACCGCCGTG----------------------CCCGGTACATGGAAGTCGGCTAC,,,,9.731193850626827e-05
140,184.0,del,2.0,,-7.0,0.0,0.0114846199369385,CCCACACTCGCTGAGGTATTTCGTCACCGCCGTGCCGGCCTCGGGGAGCCCCGGTACATGGAAGTCGGCTAC,delTCCCGGC,CCCACACTCGCTGAGGTATTTCGTCACCGCCGTG-------CCGGCCTCGGGGAGCCCCGGTACATGGAAGTCGGCTAC,148.0,CCCACACTCGCTGAGGTATTTCGTCACCGCCGTGCCGGCCTCGGGGAGCCCCGGTACATGGAAGTCGGCTAC,D7_L-6R2,0.011520942682547415
141,300.0,del,18.0,,-23.0,0.0,2.8328571174633205e-05,CCCACACTCGCTGAGGTATTTCGTCACCGCCGTGCCGGTACATGGAAGTCGGCTAC,delTCCCGGCCCGGCCTCGGGGAGCC,CCCACACTCGCTGAGGTATTTCGTCACCGCCGTG-----------------------CCGGTACATGGAAGTCGGCTAC,,,,2.841816678074732e-05
142,19.0,del,6.0,,-11.0,1.0,0.1431886077452206,CCCACACTCGCTGAGGTATTTCGTCACCGCCGTGCCTCGGGGAGCCCCGGTACATGGAAGTCGGCTAC,delTCCCGGCCCGG,CCCACACTCGCTGAGGTATTTCGTCACCGCCGTG-----------CCTCGGGGAGCCCCGGTACATGGAAGTCGGCTAC,38.0,CCCACACTCGCTGAGGTATTTCGTCACCGCCGTGCCTCGGGGAGCCCCGGTACATGGAAGTCGGCTAC,D11_L-7C1R6,0.1436414745707475
143,189.0,del,3.0,,-8.0,0.0,0.0100565521502335,CCCACACTCGCTGAGGTATTTCGTCACCGCCGTGCGGCCTCGGGGAGCCCCGGTACATGGAAGTCGGCTAC,delTCCCGGCC,CCCACACTCGCTGAGGTATTTCGTCACCGCCGTG--------CGGCCTCGGGGAGCCCCGGTACATGGAAGTCGGCTAC,173.0,CCCACACTCGCTGAGGTATTTCGTCACCGCCGTGCGGCCTCGGGGAGCCCCGGTACATGGAAGTCGGCTAC,D8_L-6R3,0.010088358303807712
144,218.0,del,9.0,,-14.0,0.0,0.0007208009076457,CCCACACTCGCTGAGGTATTTCGTCACCGCCGTGCGGGGAGCCCCGGTACATGGAAGTCGGCTAC,delTCCCGGCCCGGCCT,CCCACACTCGCTGAGGTATTTCGTCACCGCCGTG--------------CGGGGAGCCCCGGTACATGGAAGTCGGCTAC,,,,0.0007230806058983936
145,314.0,del,19.0,,-24.0,0.0,3.529819329835266e-05,CCCACACTCGCTGAGGTATTTCGTCACCGCCGTGCGGTACATGGAAGTCGGCTAC,delTCCCGGCCCGGCCTCGGGGAGCCC,CCCACACTCGCTGAGGTATTTCGTCACCGCCGTG------------------------CGGTACATGGAAGTCGGCTAC,,,,3.540983193355961e-05
146,207.0,del,7.0,,-12.0,0.0,0.0027037661513367,CCCACACTCGCTGAGGTATTTCGTCACCGCCGTGCTCGGGGAGCCCCGGTACATGGAAGTCGGCTAC,delTCCCGGCCCGGC,CCCACACTCGCTGAGGTATTTCGTCACCGCCGTG------------CTCGGGGAGCCCCGGTACATGGAAGTCGGCTAC,113.0,CCCACACTCGCTGAGGTATTTCGTCACCGCCGTGCTCGGGGAGCCCCGGTACATGGAAGTCGGCTAC,D12_L-6R7,0.0027123174321487995
147,47.0,del,13.0,,-18.0,1.0,0.0248824490250659,CCCACACTCGCTGAGGTATTTCGTCACCGCCGTGGAGCCCCGGTACATGGAAGTCGGCTAC,delTCCCGGCCCGGCCTCGGG,CCCACACTCGCTGAGGTATTTCGTCACCGCCGTG------------------GAGCCCCGGTACATGGAAGTCGGCTAC,70.0,CCCACACTCGCTGAGGTATTTCGTCACCGCCGTGGAGCCCCGGTACATGGAAGTCGGCTAC,D18_L-7C1R13,0.024961145479195593
148,269.0,del,15.0,,-20.0,0.0,0.0001066484862365,CCCACACTCGCTGAGGTATTTCGTCACCGCCGTGGCCCCGGTACATGGAAGTCGGCTAC,delTCCCGGCCCGGCCTCGGGGA,CCCACACTCGCTGAGGTATTTCGTCACCGCCGTG--------------------GCCCCGGTACATGGAAGTCGGCTAC,,,,0.00010698578654390372
149,180.0,del,0.0,,-5.0,0.0,0.4011227271137757,CCCACACTCGCTGAGGTATTTCGTCACCGCCGTGGCCCGGCCTCGGGGAGCCCCGGTACATGGAAGTCGGCTAC,delTCCCG,CCCACACTCGCTGAGGTATTTCGTCACCGCCGTG-----GCCCGGCCTCGGGGAGCCCCGGTACATGGAAGTCGGCTAC,23.0,CCCACACTCGCTGAGGTATTTCGTCACCGCCGTGGCCCGGCCTCGGGGAGCCCCGGTACATGGAAGTCGGCTAC,D5_L-7C1R0,0.40239136977281975
150,16.0,del,5.0,,-10.0,1.0,0.1838578117249944,CCCACACTCGCTGAGGTATTTCGTCACCGCCGTGGCCTCGGGGAGCCCCGGTACATGGAAGTCGGCTAC,delTCCCGGCCCG,CCCACACTCGCTGAGGTATTTCGTCACCGCCGTG----------GCCTCGGGGAGCCCCGGTACATGGAAGTCGGCTAC,36.0,CCCACACTCGCTGAGGTATTTCGTCACCGCCGTGGCCTCGGGGAGCCCCGGTACATGGAAGTCGGCTAC,D10_L-7C1R5,0.18443930423934563
151,43.0,del,12.0,,-17.0,1.0,0.0319496969776217,CCCACACTCGCTGAGGTATTTCGTCACCGCCGTGGGAGCCCCGGTACATGGAAGTCGGCTAC,delTCCCGGCCCGGCCTCGG,CCCACACTCGCTGAGGTATTTCGTCACCGCCGTG-----------------GGAGCCCCGGTACATGGAAGTCGGCTAC,96.0,CCCACACTCGCTGAGGTATTTCGTCACCGCCGTGGGAGCCCCGGTACATGGAAGTCGGCTAC,D17_L-7C1R12,0.03205074522492742
152,197.0,del,4.0,,-9.0,0.0,0.0034778751573678,CCCACACTCGCTGAGGTATTTCGTCACCGCCGTGGGCCTCGGGGAGCCCCGGTACATGGAAGTCGGCTAC,delTCCCGGCCC,CCCACACTCGCTGAGGTATTTCGTCACCGCCGTG---------GGCCTCGGGGAGCCCCGGTACATGGAAGTCGGCTAC,159.0,CCCACACTCGCTGAGGTATTTCGTCACCGCCGTGGGCCTCGGGGAGCCCCGGTACATGGAAGTCGGCTAC,D9_L-6R4,0.0034888747355248727
153,38.0,del,11.0,,-16.0,1.0,0.0410242229747378,CCCACACTCGCTGAGGTATTTCGTCACCGCCGTGGGGAGCCCCGGTACATGGAAGTCGGCTAC,delTCCCGGCCCGGCCTCG,CCCACACTCGCTGAGGTATTTCGTCACCGCCGTG----------------GGGAGCCCCGGTACATGGAAGTCGGCTAC,102.0,CCCACACTCGCTGAGGTATTTCGTCACCGCCGTGGGGAGCCCCGGTACATGGAAGTCGGCTAC,D16_L-7C1R11,0.041153971492590105
154,225.0,del,10.0,,-15.0,0.0,0.0005601358370634,CCCACACTCGCTGAGGTATTTCGTCACCGCCGTGGGGGAGCCCCGGTACATGGAAGTCGGCTAC,delTCCCGGCCCGGCCTC,CCCACACTCGCTGAGGTATTTCGTCACCGCCGTG---------------GGGGAGCCCCGGTACATGGAAGTCGGCTAC,,,,0.0005619073951670034
155,334.0,del,20.0,,-25.0,0.0,2.170221502757364e-05,CCCACACTCGCTGAGGTATTTCGTCACCGCCGTGGGTACATGGAAGTCGGCTAC,delTCCCGGCCCGGCCTCGGGGAGCCCC,CCCACACTCGCTGAGGTATTTCGTCACCGCCGTG-------------------------GGTACATGGAAGTCGGCTAC,,,,2.1770853262005858e-05
156,82.0,del,21.0,,-26.0,1.0,0.0033674732864278,CCCACACTCGCTGAGGTATTTCGTCACCGCCGTGGTACATGGAAGTCGGCTAC,delTCCCGGCCCGGCCTCGGGGAGCCCCG,CCCACACTCGCTGAGGTATTTCGTCACCGCCGTG--------------------------GTACATGGAAGTCGGCTAC,168.0,CCCACACTCGCTGAGGTATTTCGTCACCGCCGTGGTACATGGAAGTCGGCTAC,D26_L-7C1R21,0.003378123693337159
157,87.0,del,23.0,,-27.0,2.0,0.0143578928963896,CCCACACTCGCTGAGGTATTTCGTCACCGCCGTGTACATGGAAGTCGGCTAC,delCCCGGCCCGGCCTCGGGGAGCCCCGGT,CCCACACTCGCTGAGGTATTTCGTCACCGCCGTGT---------------------------ACATGGAAGTCGGCTAC,77.0,CCCACACTCGCTGAGGTATTTCGTCACCGCCGTGTACATGGAAGTCGGCTAC,D27_L-7C2R23,0.01440330302698332
158,251.0,del,14.0,,-18.0,0.0,0.000263895544361,CCCACACTCGCTGAGGTATTTCGTCACCGCCGTGTAGCCCCGGTACATGGAAGTCGGCTAC,delCCCGGCCCGGCCTCGGGG,CCCACACTCGCTGAGGTATTTCGTCACCGCCGTGT------------------AGCCCCGGTACATGGAAGTCGGCTAC,,,,0.00026473017456885917
159,393.0,del,25.0,,-29.0,0.0,1.264042188426168e-05,CCCACACTCGCTGAGGTATTTCGTCACCGCCGTGTATGGAAGTCGGCTAC,delCCCGGCCCGGCCTCGGGGAGCCCCGGTAC,CCCACACTCGCTGAGGTATTTCGTCACCGCCGTGT-----------------------------ATGGAAGTCGGCTAC,,,,1.2680400118718933e-05
160,357.0,del,23.0,,-26.0,0.0,1.2593182318970084e-05,CCCACACTCGCTGAGGTATTTCGTCACCGCCGTGTCACATGGAAGTCGGCTAC,delCCGGCCCGGCCTCGGGGAGCCCCGGT,CCCACACTCGCTGAGGTATTTCGTCACCGCCGTGTC--------------------------ACATGGAAGTCGGCTAC,,,,1.2633011147463348e-05
161,242.0,del,14.0,,-17.0,0.0,0.0003390226649734,CCCACACTCGCTGAGGTATTTCGTCACCGCCGTGTCAGCCCCGGTACATGGAAGTCGGCTAC,delCCGGCCCGGCCTCGGGG,CCCACACTCGCTGAGGTATTTCGTCACCGCCGTGTC-----------------AGCCCCGGTACATGGAAGTCGGCTAC,,,,0.00034009490193754005
162,95.0,del,25.0,,-28.0,1.0,0.0020424757939817,CCCACACTCGCTGAGGTATTTCGTCACCGCCGTGTCATGGAAGTCGGCTAC,delCCGGCCCGGCCTCGGGGAGCCCCGGTAC,CCCACACTCGCTGAGGTATTTCGTCACCGCCGTGTC----------------------------ATGGAAGTCGGCTAC,152.0,CCCACACTCGCTGAGGTATTTCGTCACCGCCGTGTCATGGAAGTCGGCTAC,D28_L-5C1R25,0.0020489355923106415
163,337.0,del,23.0,,-25.0,0.0,2.170221502757364e-05,CCCACACTCGCTGAGGTATTTCGTCACCGCCGTGTCCACATGGAAGTCGGCTAC,delCGGCCCGGCCTCGGGGAGCCCCGGT,CCCACACTCGCTGAGGTATTTCGTCACCGCCGTGTCC-------------------------ACATGGAAGTCGGCTAC,,,,2.1770853262005858e-05
164,234.0,del,14.0,,-16.0,0.0,0.0009802476371399,CCCACACTCGCTGAGGTATTTCGTCACCGCCGTGTCCAGCCCCGGTACATGGAAGTCGGCTAC,delCGGCCCGGCCTCGGGG,CCCACACTCGCTGAGGTATTTCGTCACCGCCGTGTCC----------------AGCCCCGGTACATGGAAGTCGGCTAC,144.0,CCCACACTCGCTGAGGTATTTCGTCACCGCCGTGTCCAGCCCCGGTACATGGAAGTCGGCTAC,D16_L-3R14,0.0009833478952026898
165,88.0,del,25.0,,-27.0,1.0,0.002622590832442,CCCACACTCGCTGAGGTATTTCGTCACCGCCGTGTCCATGGAAGTCGGCTAC,delCGGCCCGGCCTCGGGGAGCCCCGGTAC,CCCACACTCGCTGAGGTATTTCGTCACCGCCGTGTCC---------------------------ATGGAAGTCGGCTAC,89.0,CCCACACTCGCTGAGGTATTTCGTCACCGCCGTGTCCATGGAAGTCGGCTAC,D27_L-4C1R25,0.002630885377683038
166,416.0,del,29.0,,-30.0,0.0,5.906598757460872e-06,CCCACACTCGCTGAGGTATTTCGTCACCGCCGTGTCCCAAGTCGGCTAC,delGGCCCGGCCTCGGGGAGCCCCGGTACATGG,CCCACACTCGCTGAGGTATTTCGTCACCGCCGTGTCCC------------------------------AAGTCGGCTAC,,,,5.925279731255324e-06
167,318.0,del,23.0,,-24.0,0.0,3.529819329835266e-05,CCCACACTCGCTGAGGTATTTCGTCACCGCCGTGTCCCACATGGAAGTCGGCTAC,delGGCCCGGCCTCGGGGAGCCCCGGT,CCCACACTCGCTGAGGTATTTCGTCACCGCCGTGTCCC------------------------ACATGGAAGTCGGCTAC,,,,3.540983193355961e-05
168,229.0,del,14.0,,-15.0,0.0,0.0005601358370634,CCCACACTCGCTGAGGTATTTCGTCACCGCCGTGTCCCAGCCCCGGTACATGGAAGTCGGCTAC,delGGCCCGGCCTCGGGG,CCCACACTCGCTGAGGTATTTCGTCACCGCCGTGTCCC---------------AGCCCCGGTACATGGAAGTCGGCTAC,154.0,CCCACACTCGCTGAGGTATTTCGTCACCGCCGTGTCCCAGCCCCGGTACATGGAAGTCGGCTAC,D15_L-2R14,0.0005619073951670034
169,83.0,del,25.0,,-26.0,1.0,0.0033674732864278,CCCACACTCGCTGAGGTATTTCGTCACCGCCGTGTCCCATGGAAGTCGGCTAC,delGGCCCGGCCTCGGGGAGCCCCGGTAC,CCCACACTCGCTGAGGTATTTCGTCACCGCCGTGTCCC--------------------------ATGGAAGTCGGCTAC,92.0,CCCACACTCGCTGAGGTATTTCGTCACCGCCGTGTCCCATGGAAGTCGGCTAC,D26_L-3C1R25,0.003378123693337159
170,338.0,del,24.0,,-25.0,0.0,2.170221502757364e-05,CCCACACTCGCTGAGGTATTTCGTCACCGCCGTGTCCCCATGGAAGTCGGCTAC,delGGCCCGGCCTCGGGGAGCCCCGGTA,CCCACACTCGCTGAGGTATTTCGTCACCGCCGTGTCCC-------------------------CATGGAAGTCGGCTAC,,,,2.1770853262005858e-05
171,244.0,del,16.0,,-17.0,0.0,0.0003390226649734,CCCACACTCGCTGAGGTATTTCGTCACCGCCGTGTCCCCCCCGGTACATGGAAGTCGGCTAC,delGGCCCGGCCTCGGGGAG,CCCACACTCGCTGAGGTATTTCGTCACCGCCGTGTCCC-----------------CCCCGGTACATGGAAGTCGGCTAC,,,,0.00034009490193754005
172,175.0,del,1.0,,-2.0,0.0,0.4413544854184537,CCCACACTCGCTGAGGTATTTCGTCACCGCCGTGTCCCCCCGGCCTCGGGGAGCCCCGGTACATGGAAGTCGGCTAC,delGG,CCCACACTCGCTGAGGTATTTCGTCACCGCCGTGTCCC--CCCGGCCTCGGGGAGCCCCGGTACATGGAAGTCGGCTAC,68.0,CCCACACTCGCTGAGGTATTTCGTCACCGCCGTGTCCCCCCGGCCTCGGGGAGCCCCGGTACATGGAAGTCGGCTAC,D2_L-2R1,0.44275037024400593
173,48.0,del,17.0,,-18.0,1.0,0.0248824490250659,CCCACACTCGCTGAGGTATTTCGTCACCGCCGTGTCCCCCCGGTACATGGAAGTCGGCTAC,delGGCCCGGCCTCGGGGAGC,CCCACACTCGCTGAGGTATTTCGTCACCGCCGTGTCCC------------------CCCGGTACATGGAAGTCGGCTAC,128.0,CCCACACTCGCTGAGGTATTTCGTCACCGCCGTGTCCCCCCGGTACATGGAAGTCGGCTAC,D18_L-3C1R17,0.024961145479195593
174,5.0,del,2.0,,-3.0,1.0,1.0580286553572107,CCCACACTCGCTGAGGTATTTCGTCACCGCCGTGTCCCCCGGCCTCGGGGAGCCCCGGTACATGGAAGTCGGCTAC,delGGC,CCCACACTCGCTGAGGTATTTCGTCACCGCCGTGTCCC---CCGGCCTCGGGGAGCCCCGGTACATGGAAGTCGGCTAC,24.0,CCCACACTCGCTGAGGTATTTCGTCACCGCCGTGTCCCCCGGCCTCGGGGAGCCCCGGTACATGGAAGTCGGCTAC,D3_L-3C1R2,1.0613749137363735
175,54.0,del,18.0,,-19.0,2.0,0.1451343688099728,CCCACACTCGCTGAGGTATTTCGTCACCGCCGTGTCCCCCGGTACATGGAAGTCGGCTAC,delGGCCCGGCCTCGGGGAGCC,CCCACACTCGCTGAGGTATTTCGTCACCGCCGTGTCCC-------------------CCGGTACATGGAAGTCGGCTAC,53.0,CCCACACTCGCTGAGGTATTTCGTCACCGCCGTGTCCCCCGGTACATGGAAGTCGGCTAC,D19_L-4C2R18,0.145593389551307
176,186.0,del,6.0,,-7.0,0.0,0.0114846199369385,CCCACACTCGCTGAGGTATTTCGTCACCGCCGTGTCCCCCTCGGGGAGCCCCGGTACATGGAAGTCGGCTAC,delGGCCCGG,CCCACACTCGCTGAGGTATTTCGTCACCGCCGTGTCCC-------CCTCGGGGAGCCCCGGTACATGGAAGTCGGCTAC,,,,0.011520942682547415
177,6.0,del,3.0,,-4.0,2.0,6.171270397196212,CCCACACTCGCTGAGGTATTTCGTCACCGCCGTGTCCCCGGCCTCGGGGAGCCCCGGTACATGGAAGTCGGCTAC,delGGCC,CCCACACTCGCTGAGGTATTTCGTCACCGCCGTGTCCC----CGGCCTCGGGGAGCCCCGGTACATGGAAGTCGGCTAC,5.0,CCCACACTCGCTGAGGTATTTCGTCACCGCCGTGTCCCCGGCCTCGGGGAGCCCCGGTACATGGAAGTCGGCTAC,D4_L-4C2R3,6.190788455778213
178,202.0,del,9.0,,-10.0,0.0,0.0062407187319295,CCCACACTCGCTGAGGTATTTCGTCACCGCCGTGTCCCCGGGGAGCCCCGGTACATGGAAGTCGGCTAC,delGGCCCGGCCT,CCCACACTCGCTGAGGTATTTCGTCACCGCCGTGTCCC----------CGGGGAGCCCCGGTACATGGAAGTCGGCTAC,163.0,CCCACACTCGCTGAGGTATTTCGTCACCGCCGTGTCCCCGGGGAGCCCCGGTACATGGAAGTCGGCTAC,D10_L-2R9,0.006260456436804485
179,58.0,del,19.0,,-20.0,3.0,0.435430081276266,CCCACACTCGCTGAGGTATTTCGTCACCGCCGTGTCCCCGGTACATGGAAGTCGGCTAC,delGGCCCGGCCTCGGGGAGCCC,CCCACACTCGCTGAGGTATTTCGTCACCGCCGTGTCCC--------------------CGGTACATGGAAGTCGGCTAC,30.0,CCCACACTCGCTGAGGTATTTCGTCACCGCCGTGTCCCCGGTACATGGAAGTCGGCTAC,D20_L-5C3R19,0.43680722881440937
180,13.0,del,7.0,,-8.0,1.0,0.3031302849753778,CCCACACTCGCTGAGGTATTTCGTCACCGCCGTGTCCCCTCGGGGAGCCCCGGTACATGGAAGTCGGCTAC,delGGCCCGGC,CCCACACTCGCTGAGGTATTTCGTCACCGCCGTGTCCC--------CTCGGGGAGCCCCGGTACATGGAAGTCGGCTAC,37.0,CCCACACTCGCTGAGGTATTTCGTCACCGCCGTGTCCCCTCGGGGAGCCCCGGTACATGGAAGTCGGCTAC,D8_L-3C1R7,0.3040890040525416
181,,,,,,,,,,,56.0,CCCACACTCGCTGAGGTATTTCGTCACCGCCGTGTCCCGAAGCCCGGCCTCGGGGAGCCCCGGTACATGGAAGTCGGCTAC,I2_L-1R0,Not Present
182,103.0,del,29.0,,-29.0,1.0,0.0015906817477573,CCCACACTCGCTGAGGTATTTCGTCACCGCCGTGTCCCGAAGTCGGCTAC,delGCCCGGCCTCGGGGAGCCCCGGTACATGG,CCCACACTCGCTGAGGTATTTCGTCACCGCCGTGTCCCG-----------------------------AAGTCGGCTAC,110.0,CCCACACTCGCTGAGGTATTTCGTCACCGCCGTGTCCCGAAGTCGGCTAC,D29_L-2C1R29,0.0015957126437543627
183,286.0,del,23.0,,-23.0,0.0,0.0004532571387941,CCCACACTCGCTGAGGTATTTCGTCACCGCCGTGTCCCGACATGGAAGTCGGCTAC,delGCCCGGCCTCGGGGAGCCCCGGT,CCCACACTCGCTGAGGTATTTCGTCACCGCCGTGTCCCG-----------------------ACATGGAAGTCGGCTAC,119.0,CCCACACTCGCTGAGGTATTTCGTCACCGCCGTGTCCCGACATGGAAGTCGGCTAC,D23_L-1R23,0.00045469066849192577
184,31.0,del,14.0,,-14.0,1.0,0.0676375090323952,CCCACACTCGCTGAGGTATTTCGTCACCGCCGTGTCCCGAGCCCCGGTACATGGAAGTCGGCTAC,delGCCCGGCCTCGGGG,CCCACACTCGCTGAGGTATTTCGTCACCGCCGTGTCCCG--------------AGCCCCGGTACATGGAAGTCGGCTAC,54.0,CCCACACTCGCTGAGGTATTTCGTCACCGCCGTGTCCCGAGCCCCGGTACATGGAAGTCGGCTAC,D14_L-2C1R14,0.06785142817362011
185,0.0,ins,,A,1.0,,0.3266003000492297,CCCACACTCGCTGAGGTATTTCGTCACCGCCGTGTCCCGAGCCCGGCCTCGGGGAGCCCCGGTACATGGAAGTCGGCTAC,insA,CCCACACTCGCTGAGGTATTTCGTCACCGCCGTGTCCCGAGCCCGGCCTCGGGGAGCCCCGGTACATGGAAGTCGGCTAC,15.0,CCCACACTCGCTGAGGTATTTCGTCACCGCCGTGTCCCGAGCCCGGCCTCGGGGAGCCCCGGTACATGGAAGTCGGCTAC,I1_L-1R0,0.32763324843408026
186,,,,,,,,,,,67.0,CCCACACTCGCTGAGGTATTTCGTCACCGCCGTGTCCCGAGGCCCGGCCTCGGGGAGCCCCGGTACATGGAAGTCGGCTAC,I2_L-2C1R0,Not Present
187,396.0,del,30.0,,-30.0,0.0,0.0001181319751492,CCCACACTCGCTGAGGTATTTCGTCACCGCCGTGTCCCGAGTCGGCTAC,delGCCCGGCCTCGGGGAGCCCCGGTACATGGA,CCCACACTCGCTGAGGTATTTCGTCACCGCCGTGTCCCG------------------------------AGTCGGCTAC,156.0,CCCACACTCGCTGAGGTATTTCGTCACCGCCGTGTCCCGAGTCGGCTAC,D30_L-1R30,0.00011850559462508896
188,319.0,del,25.0,,-25.0,0.0,0.0004123420855238,CCCACACTCGCTGAGGTATTTCGTCACCGCCGTGTCCCGATGGAAGTCGGCTAC,delGCCCGGCCTCGGGGAGCCCCGGTAC,CCCACACTCGCTGAGGTATTTCGTCACCGCCGTGTCCCG-------------------------ATGGAAGTCGGCTAC,129.0,CCCACACTCGCTGAGGTATTTCGTCACCGCCGTGTCCCGATGGAAGTCGGCTAC,D25_L-1R25,0.00041364621197801185
189,303.0,del,24.0,,-24.0,0.0,0.0005294728994752,CCCACACTCGCTGAGGTATTTCGTCACCGCCGTGTCCCGCATGGAAGTCGGCTAC,delGCCCGGCCTCGGGGAGCCCCGGTA,CCCACACTCGCTGAGGTATTTCGTCACCGCCGTGTCCCG------------------------CATGGAAGTCGGCTAC,140.0,CCCACACTCGCTGAGGTATTTCGTCACCGCCGTGTCCCGCATGGAAGTCGGCTAC,D24_L-1R24,0.000531147479003304
190,39.0,del,16.0,,-16.0,1.0,0.0410242229747378,CCCACACTCGCTGAGGTATTTCGTCACCGCCGTGTCCCGCCCCGGTACATGGAAGTCGGCTAC,delGCCCGGCCTCGGGGAG,CCCACACTCGCTGAGGTATTTCGTCACCGCCGTGTCCCG----------------CCCCGGTACATGGAAGTCGGCTAC,82.0,CCCACACTCGCTGAGGTATTTCGTCACCGCCGTGTCCCGCCCCGGTACATGGAAGTCGGCTAC,D16_L-2C1R16,0.041153971492590105
191,4.0,del,1.0,,-1.0,1.0,3.455287618588923,CCCACACTCGCTGAGGTATTTCGTCACCGCCGTGTCCCGCCCGGCCTCGGGGAGCCCCGGTACATGGAAGTCGGCTAC,delG,CCCACACTCGCTGAGGTATTTCGTCACCGCCGTGTCCCG-CCCGGCCTCGGGGAGCCCCGGTACATGGAAGTCGGCTAC,2.0,CCCACACTCGCTGAGGTATTTCGTCACCGCCGTGTCCCGCCCGGCCTCGGGGAGCCCCGGTACATGGAAGTCGGCTAC,D1_L-2C1R1,3.4662157584720696
192,235.0,del,17.0,,-17.0,0.0,0.0030512039847606,CCCACACTCGCTGAGGTATTTCGTCACCGCCGTGTCCCGCCCGGTACATGGAAGTCGGCTAC,delGCCCGGCCTCGGGGAGC,CCCACACTCGCTGAGGTATTTCGTCACCGCCGTGTCCCG-----------------CCCGGTACATGGAAGTCGGCTAC,132.0,CCCACACTCGCTGAGGTATTTCGTCACCGCCGTGTCCCGCCCGGTACATGGAAGTCGGCTAC,D17_L-1R17,0.0030608541174378602
193,174.0,del,2.0,,-2.0,0.0,0.4413544854184537,CCCACACTCGCTGAGGTATTTCGTCACCGCCGTGTCCCGCCGGCCTCGGGGAGCCCCGGTACATGGAAGTCGGCTAC,delGC,CCCACACTCGCTGAGGTATTTCGTCACCGCCGTGTCCCG--CCGGCCTCGGGGAGCCCCGGTACATGGAAGTCGGCTAC,17.0,CCCACACTCGCTGAGGTATTTCGTCACCGCCGTGTCCCGCCGGCCTCGGGGAGCCCCGGTACATGGAAGTCGGCTAC,D2_L-1R2,0.44275037024400593
194,246.0,del,18.0,,-18.0,0.0,0.0015833732661663,CCCACACTCGCTGAGGTATTTCGTCACCGCCGTGTCCCGCCGGTACATGGAAGTCGGCTAC,delGCCCGGCCTCGGGGAGCC,CCCACACTCGCTGAGGTATTTCGTCACCGCCGTGTCCCG------------------CCGGTACATGGAAGTCGGCTAC,134.0,CCCACACTCGCTGAGGTATTTCGTCACCGCCGTGTCCCGCCGGTACATGGAAGTCGGCTAC,D18_L-1R18,0.0015883810474134562
195,10.0,del,6.0,,-6.0,1.0,0.4997773486322968,CCCACACTCGCTGAGGTATTTCGTCACCGCCGTGTCCCGCCTCGGGGAGCCCCGGTACATGGAAGTCGGCTAC,delGCCCGG,CCCACACTCGCTGAGGTATTTCGTCACCGCCGTGTCCCG------CCTCGGGGAGCCCCGGTACATGGAAGTCGGCTAC,14.0,CCCACACTCGCTGAGGTATTTCGTCACCGCCGTGTCCCGCCTCGGGGAGCCCCGGTACATGGAAGTCGGCTAC,D6_L-2C1R6,0.5013580091674427
196,1.0,ins,,C,1.0,,0.7007114470909536,CCCACACTCGCTGAGGTATTTCGTCACCGCCGTGTCCCGCGCCCGGCCTCGGGGAGCCCCGGTACATGGAAGTCGGCTAC,insC,CCCACACTCGCTGAGGTATTTCGTCACCGCCGTGTCCCGCGCCCGGCCTCGGGGAGCCCCGGTACATGGAAGTCGGCTAC,,,,0.7029276078152695
197,,,,,,,,,,,61.0,CCCACACTCGCTGAGGTATTTCGTCACCGCCGTGTCCCGCGGCCCGGCCTCGGGGAGCCCCGGTACATGGAAGTCGGCTAC,I2_L-3C2R0,Not Present
198,177.0,del,3.0,,-3.0,0.0,0.4955464907732032,CCCACACTCGCTGAGGTATTTCGTCACCGCCGTGTCCCGCGGCCTCGGGGAGCCCCGGTACATGGAAGTCGGCTAC,delGCC,CCCACACTCGCTGAGGTATTTCGTCACCGCCGTGTCCCG---CGGCCTCGGGGAGCCCCGGTACATGGAAGTCGGCTAC,27.0,CCCACACTCGCTGAGGTATTTCGTCACCGCCGTGTCCCGCGGCCTCGGGGAGCCCCGGTACATGGAAGTCGGCTAC,D3_L-1R3,0.49711377024963166
199,193.0,del,9.0,,-9.0,0.0,0.0173893757868391,CCCACACTCGCTGAGGTATTTCGTCACCGCCGTGTCCCGCGGGGAGCCCCGGTACATGGAAGTCGGCTAC,delGCCCGGCCT,CCCACACTCGCTGAGGTATTTCGTCACCGCCGTGTCCCG---------CGGGGAGCCCCGGTACATGGAAGTCGGCTAC,57.0,CCCACACTCGCTGAGGTATTTCGTCACCGCCGTGTCCCGCGGGGAGCCCCGGTACATGGAAGTCGGCTAC,D9_L-1R9,0.017444373677624466
200,254.0,del,19.0,,-19.0,0.0,0.0012327226189689,CCCACACTCGCTGAGGTATTTCGTCACCGCCGTGTCCCGCGGTACATGGAAGTCGGCTAC,delGCCCGGCCTCGGGGAGCCC,CCCACACTCGCTGAGGTATTTCGTCACCGCCGTGTCCCG-------------------CGGTACATGGAAGTCGGCTAC,130.0,CCCACACTCGCTGAGGTATTTCGTCACCGCCGTGTCCCGCGGTACATGGAAGTCGGCTAC,D19_L-1R19,0.001236621387090181
201,182.0,del,7.0,,-7.0,0.0,0.0459384797477542,CCCACACTCGCTGAGGTATTTCGTCACCGCCGTGTCCCGCTCGGGGAGCCCCGGTACATGGAAGTCGGCTAC,delGCCCGGC,CCCACACTCGCTGAGGTATTTCGTCACCGCCGTGTCCCG-------CTCGGGGAGCCCCGGTACATGGAAGTCGGCTAC,50.0,CCCACACTCGCTGAGGTATTTCGTCACCGCCGTGTCCCGCTCGGGGAGCCCCGGTACATGGAAGTCGGCTAC,D7_L-1R7,0.04608377073018986
202,96.0,del,28.0,,-28.0,1.0,0.0020424757939817,CCCACACTCGCTGAGGTATTTCGTCACCGCCGTGTCCCGGAAGTCGGCTAC,delGCCCGGCCTCGGGGAGCCCCGGTACATG,CCCACACTCGCTGAGGTATTTCGTCACCGCCGTGTCCCGG----------------------------AAGTCGGCTAC,64.0,CCCACACTCGCTGAGGTATTTCGTCACCGCCGTGTCCCGGAAGTCGGCTAC,D28_L-2C2R29,0.0020489355923106415
203,29.0,del,13.0,,-13.0,1.0,0.0868482807190421,CCCACACTCGCTGAGGTATTTCGTCACCGCCGTGTCCCGGAGCCCCGGTACATGGAAGTCGGCTAC,delGCCCGGCCTCGGG,CCCACACTCGCTGAGGTATTTCGTCACCGCCGTGTCCCGG-------------AGCCCCGGTACATGGAAGTCGGCTAC,28.0,CCCACACTCGCTGAGGTATTTCGTCACCGCCGTGTCCCGGAGCCCCGGTACATGGAAGTCGGCTAC,D13_L-2C2R14,0.0871229583334909
204,,,,,,,,,,,66.0,CCCACACTCGCTGAGGTATTTCGTCACCGCCGTGTCCCGGAGCCCGGCCTCGGGGAGCCCCGGTACATGGAAGTCGGCTAC,I2_L-1C1R1,Not Present
205,223.0,del,15.0,,-15.0,0.0,0.0033608150223805,CCCACACTCGCTGAGGTATTTCGTCACCGCCGTGTCCCGGCCCCGGTACATGGAAGTCGGCTAC,delGCCCGGCCTCGGGGA,CCCACACTCGCTGAGGTATTTCGTCACCGCCGTGTCCCGGCCC---------------CGGTACATGGAAGTCGGCTAC,75.0,CCCACACTCGCTGAGGTATTTCGTCACCGCCGTGTCCCGGCCCCGGTACATGGAAGTCGGCTAC,D15_L-1C4R19,0.0033714443710021217
206,7.0,del,5.0,,-5.0,4.0,54.770318408963846,CCCACACTCGCTGAGGTATTTCGTCACCGCCGTGTCCCGGCCTCGGGGAGCCCCGGTACATGGAAGTCGGCTAC,delGCCCG,CCCACACTCGCTGAGGTATTTCGTCACCGCCGTGTCCCGGCC-----TCGGGGAGCCCCGGTACATGGAAGTCGGCTAC,1.0,CCCACACTCGCTGAGGTATTTCGTCACCGCCGTGTCCCGGCCTCGGGGAGCCCCGGTACATGGAAGTCGGCTAC,D5_L-5C7R8,54.943542107563516
207,,,,,,,,,,,65.0,CCCACACTCGCTGAGGTATTTCGTCACCGCCGTGTCCCGGCGCCCGGCCTCGGGGAGCCCCGGTACATGGAAGTCGGCTAC,I2_L-1C2R2,Not Present
208,358.0,del,27.0,,-27.0,0.0,0.0002500900512583,CCCACACTCGCTGAGGTATTTCGTCACCGCCGTGTCCCGGGAAGTCGGCTAC,delGCCCGGCCTCGGGGAGCCCCGGTACAT,CCCACACTCGCTGAGGTATTTCGTCACCGCCGTGTCCCGG---------------------------GAAGTCGGCTAC,98.0,CCCACACTCGCTGAGGTATTTCGTCACCGCCGTGTCCCGGGAAGTCGGCTAC,D27_L-1C1R28,0.00025088101842665695
209,24.0,del,12.0,,-12.0,1.0,0.111515399838882,CCCACACTCGCTGAGGTATTTCGTCACCGCCGTGTCCCGGGAGCCCCGGTACATGGAAGTCGGCTAC,delGCCCGGCCTCGG,CCCACACTCGCTGAGGTATTTCGTCACCGCCGTGTCCCGG------------GAGCCCCGGTACATGGAAGTCGGCTAC,20.0,CCCACACTCGCTGAGGTATTTCGTCACCGCCGTGTCCCGGGAGCCCCGGTACATGGAAGTCGGCTAC,D12_L-2C2R13,0.11186809287722943
210,3.0,ins,,G,1.0,,3.188831357603228,CCCACACTCGCTGAGGTATTTCGTCACCGCCGTGTCCCGGGCCCGGCCTCGGGGAGCCCCGGTACATGGAAGTCGGCTAC,insG,CCCACACTCGCTGAGGTATTTCGTCACCGCCGTGTCCCGGGCCCGGCCTCGGGGAGCCCCGGTACATGGAAGTCGGCTAC,4.0,CCCACACTCGCTGAGGTATTTCGTCACCGCCGTGTCCCGGGCCCGGCCTCGGGGAGCCCCGGTACATGGAAGTCGGCTAC,I1_L-2C2R1,3.1989167684246524
211,179.0,del,4.0,,-4.0,0.0,0.3355503314025021,CCCACACTCGCTGAGGTATTTCGTCACCGCCGTGTCCCGGGCCTCGGGGAGCCCCGGTACATGGAAGTCGGCTAC,delGCCC,CCCACACTCGCTGAGGTATTTCGTCACCGCCGTGTCCCGG----GCCTCGGGGAGCCCCGGTACATGGAAGTCGGCTAC,26.0,CCCACACTCGCTGAGGTATTTCGTCACCGCCGTGTCCCGGGCCTCGGGGAGCCCCGGTACATGGAAGTCGGCTAC,D4_L-1C1R5,0.33661158631502375
212,21.0,del,11.0,,-11.0,2.0,1.0724059930197805,CCCACACTCGCTGAGGTATTTCGTCACCGCCGTGTCCCGGGGAGCCCCGGTACATGGAAGTCGGCTAC,delGCCCGGCCTCG,CCCACACTCGCTGAGGTATTTCGTCACCGCCGTGTCCCGG-----------GGAGCCCCGGTACATGGAAGTCGGCTAC,8.0,CCCACACTCGCTGAGGTATTTCGTCACCGCCGTGTCCCGGGGAGCCCCGGTACATGGAAGTCGGCTAC,D11_L-3C3R12,1.0757977230280718
213,,,,,,,,,,,72.0,CCCACACTCGCTGAGGTATTTCGTCACCGCCGTGTCCCGGGGCCCGGCCTCGGGGAGCCCCGGTACATGGAAGTCGGCTAC,I2_L-2C2R1,Not Present
214,200.0,del,10.0,,-10.0,0.0,0.012481437463859,CCCACACTCGCTGAGGTATTTCGTCACCGCCGTGTCCCGGGGGAGCCCCGGTACATGGAAGTCGGCTAC,delGCCCGGCCTC,CCCACACTCGCTGAGGTATTTCGTCACCGCCGTGTCCCGG----------GGGAGCCCCGGTACATGGAAGTCGGCTAC,58.0,CCCACACTCGCTGAGGTATTTCGTCACCGCCGTGTCCCGGGGGAGCCCCGGTACATGGAAGTCGGCTAC,D10_L-1C1R11,0.01252091287360897
215,260.0,del,20.0,,-20.0,0.0,0.0009598363761293,CCCACACTCGCTGAGGTATTTCGTCACCGCCGTGTCCCGGGTACATGGAAGTCGGCTAC,delGCCCGGCCTCGGGGAGCCCC,CCCACACTCGCTGAGGTATTTCGTCACCGCCGTGTCCCGG--------------------GTACATGGAAGTCGGCTAC,105.0,CCCACACTCGCTGAGGTATTTCGTCACCGCCGTGTCCCGGGTACATGGAAGTCGGCTAC,D20_L-1C1R21,0.000962872078895936
216,64.0,del,21.0,,-21.0,4.0,1.003153373799572,CCCACACTCGCTGAGGTATTTCGTCACCGCCGTGTCCCGGTACATGGAAGTCGGCTAC,delGCCCGGCCTCGGGGAGCCCCG,CCCACACTCGCTGAGGTATTTCGTCACCGCCGTGTCCCGG---------------------TACATGGAAGTCGGCTAC,6.0,CCCACACTCGCTGAGGTATTTCGTCACCGCCGTGTCCCGGTACATGGAAGTCGGCTAC,D21_L-5C5R22,1.0063260765100945
217,70.0,del,22.0,,-22.0,1.0,0.0091537414423181,CCCACACTCGCTGAGGTATTTCGTCACCGCCGTGTCCCGTACATGGAAGTCGGCTAC,delGCCCGGCCTCGGGGAGCCCCGG,CCCACACTCGCTGAGGTATTTCGTCACCGCCGTGTCCCG----------------------TACATGGAAGTCGGCTAC,59.0,CCCACACTCGCTGAGGTATTTCGTCACCGCCGTGTCCCGTACATGGAAGTCGGCTAC,D22_L-2C1R22,0.009182692249885507
218,187.0,del,8.0,,-8.0,0.0,0.0402262086009343,CCCACACTCGCTGAGGTATTTCGTCACCGCCGTGTCCCGTCGGGGAGCCCCGGTACATGGAAGTCGGCTAC,delGCCCGGCC,CCCACACTCGCTGAGGTATTTCGTCACCGCCGTGTCCCG--------TCGGGGAGCCCCGGTACATGGAAGTCGGCTAC,48.0,CCCACACTCGCTGAGGTATTTCGTCACCGCCGTGTCCCGTCGGGGAGCCCCGGTACATGGAAGTCGGCTAC,D8_L-1R8,0.040353433215231146
219,2.0,ins,,T,1.0,,0.6466193986658173,CCCACACTCGCTGAGGTATTTCGTCACCGCCGTGTCCCGTGCCCGGCCTCGGGGAGCCCCGGTACATGGAAGTCGGCTAC,insT,CCCACACTCGCTGAGGTATTTCGTCACCGCCGTGTCCCGTGCCCGGCCTCGGGGAGCCCCGGTACATGGAAGTCGGCTAC,,,,0.6486644808759813
220,340.0,del,26.0,,-26.0,0.0,0.0002140840994224,CCCACACTCGCTGAGGTATTTCGTCACCGCCGTGTCCCGTGGAAGTCGGCTAC,delGCCCGGCCTCGGGGAGCCCCGGTACA,CCCACACTCGCTGAGGTATTTCGTCACCGCCGTGTCCCG--------------------------TGGAAGTCGGCTAC,143.0,CCCACACTCGCTGAGGTATTTCGTCACCGCCGTGTCCCGTGGAAGTCGGCTAC,D26_L-1R26,0.00021476118950678515
221,302.0,del,22.0,,-23.0,0.0,2.8328571174633205e-05,CCCACACTCGCTGAGGTATTTCGTCACCGCCGTGTCCCTACATGGAAGTCGGCTAC,delGGCCCGGCCTCGGGGAGCCCCGG,CCCACACTCGCTGAGGTATTTCGTCACCGCCGTGTCCC-----------------------TACATGGAAGTCGGCTAC,,,,2.841816678074732e-05
222,14.0,del,8.0,,-9.0,2.0,1.768098571518005,CCCACACTCGCTGAGGTATTTCGTCACCGCCGTGTCCCTCGGGGAGCCCCGGTACATGGAAGTCGGCTAC,delGGCCCGGCC,CCCACACTCGCTGAGGTATTTCGTCACCGCCGTGTCCC---------TCGGGGAGCCCCGGTACATGGAAGTCGGCTAC,13.0,CCCACACTCGCTGAGGTATTTCGTCACCGCCGTGTCCCTCGGGGAGCCCCGGTACATGGAAGTCGGCTAC,D9_L-4C2R8,1.7736905889271466
223,371.0,del,26.0,,-27.0,0.0,1.923769625064167e-05,CCCACACTCGCTGAGGTATTTCGTCACCGCCGTGTCCCTGGAAGTCGGCTAC,delGGCCCGGCCTCGGGGAGCCCCGGTACA,CCCACACTCGCTGAGGTATTTCGTCACCGCCGTGTCCC---------------------------TGGAAGTCGGCTAC,,,,1.9298539878976828e-05
224,415.0,del,28.0,,-30.0,0.0,5.906598757460872e-06,CCCACACTCGCTGAGGTATTTCGTCACCGCCGTGTCCGAAGTCGGCTAC,delCGGCCCGGCCTCGGGGAGCCCCGGTACATG,CCCACACTCGCTGAGGTATTTCGTCACCGCCGTGTCC------------------------------GAAGTCGGCTAC,,,,5.925279731255324e-06
225,228.0,del,13.0,,-15.0,0.0,0.0005601358370634,CCCACACTCGCTGAGGTATTTCGTCACCGCCGTGTCCGAGCCCCGGTACATGGAAGTCGGCTAC,delCGGCCCGGCCTCGGG,CCCACACTCGCTGAGGTATTTCGTCACCGCCGTGTCC---------------GAGCCCCGGTACATGGAAGTCGGCTAC,157.0,CCCACACTCGCTGAGGTATTTCGTCACCGCCGTGTCCGAGCCCCGGTACATGGAAGTCGGCTAC,D15_L-3R13,0.0005619073951670034
226,243.0,del,15.0,,-17.0,0.0,0.0003390226649734,CCCACACTCGCTGAGGTATTTCGTCACCGCCGTGTCCGCCCCGGTACATGGAAGTCGGCTAC,delCGGCCCGGCCTCGGGGA,CCCACACTCGCTGAGGTATTTCGTCACCGCCGTGTCC-----------------GCCCCGGTACATGGAAGTCGGCTAC,,,,0.00034009490193754005
227,173.0,del,0.0,,-2.0,0.0,0.4413544854184537,CCCACACTCGCTGAGGTATTTCGTCACCGCCGTGTCCGCCCGGCCTCGGGGAGCCCCGGTACATGGAAGTCGGCTAC,delCG,CCCACACTCGCTGAGGTATTTCGTCACCGCCGTGTCC--GCCCGGCCTCGGGGAGCCCCGGTACATGGAAGTCGGCTAC,10.0,CCCACACTCGCTGAGGTATTTCGTCACCGCCGTGTCCGCCCGGCCTCGGGGAGCCCCGGTACATGGAAGTCGGCTAC,D2_L-3R0,0.44275037024400593
228,185.0,del,5.0,,-7.0,0.0,0.0114846199369385,CCCACACTCGCTGAGGTATTTCGTCACCGCCGTGTCCGCCTCGGGGAGCCCCGGTACATGGAAGTCGGCTAC,delCGGCCCG,CCCACACTCGCTGAGGTATTTCGTCACCGCCGTGTCC-------GCCTCGGGGAGCCCCGGTACATGGAAGTCGGCTAC,171.0,CCCACACTCGCTGAGGTATTTCGTCACCGCCGTGTCCGCCTCGGGGAGCCCCGGTACATGGAAGTCGGCTAC,D7_L-3R5,0.011520942682547415
229,395.0,del,27.0,,-29.0,0.0,1.264042188426168e-05,CCCACACTCGCTGAGGTATTTCGTCACCGCCGTGTCCGGAAGTCGGCTAC,delCGGCCCGGCCTCGGGGAGCCCCGGTACAT,CCCACACTCGCTGAGGTATTTCGTCACCGCCGTGTCC-----------------------------GGAAGTCGGCTAC,,,,1.2680400118718933e-05
230,221.0,del,12.0,,-14.0,0.0,0.0007208009076457,CCCACACTCGCTGAGGTATTTCGTCACCGCCGTGTCCGGAGCCCCGGTACATGGAAGTCGGCTAC,delCGGCCCGGCCTCGG,CCCACACTCGCTGAGGTATTTCGTCACCGCCGTGTCC--------------GGAGCCCCGGTACATGGAAGTCGGCTAC,153.0,CCCACACTCGCTGAGGTATTTCGTCACCGCCGTGTCCGGAGCCCCGGTACATGGAAGTCGGCTAC,D14_L-3R12,0.0007230806058983936
231,9.0,del,4.0,,-6.0,2.0,3.743064705276464,CCCACACTCGCTGAGGTATTTCGTCACCGCCGTGTCCGGCCTCGGGGAGCCCCGGTACATGGAAGTCGGCTAC,delCGGCCC,CCCACACTCGCTGAGGTATTTCGTCACCGCCGTGTCC------GGCCTCGGGGAGCCCCGGTACATGGAAGTCGGCTAC,11.0,CCCACACTCGCTGAGGTATTTCGTCACCGCCGTGTCCGGCCTCGGGGAGCCCCGGTACATGGAAGTCGGCTAC,D6_L-5C2R4,3.7549030062245152
232,211.0,del,11.0,,-13.0,0.0,0.0041809239742385,CCCACACTCGCTGAGGTATTTCGTCACCGCCGTGTCCGGGAGCCCCGGTACATGGAAGTCGGCTAC,delCGGCCCGGCCTCG,CCCACACTCGCTGAGGTATTTCGTCACCGCCGTGTCC-------------GGGAGCCCCGGTACATGGAAGTCGGCTAC,141.0,CCCACACTCGCTGAGGTATTTCGTCACCGCCGTGTCCGGGAGCCCCGGTACATGGAAGTCGGCTAC,D13_L-3R11,0.004194147105588109
233,23.0,del,10.0,,-12.0,1.0,0.111515399838882,CCCACACTCGCTGAGGTATTTCGTCACCGCCGTGTCCGGGGAGCCCCGGTACATGGAAGTCGGCTAC,delCGGCCCGGCCTC,CCCACACTCGCTGAGGTATTTCGTCACCGCCGTGTCC------------GGGGAGCCCCGGTACATGGAAGTCGGCTAC,46.0,CCCACACTCGCTGAGGTATTTCGTCACCGCCGTGTCCGGGGAGCCCCGGTACATGGAAGTCGGCTAC,D12_L-4C1R10,0.11186809287722943
234,69.0,del,20.0,,-22.0,2.0,0.0685566214790099,CCCACACTCGCTGAGGTATTTCGTCACCGCCGTGTCCGGTACATGGAAGTCGGCTAC,delCGGCCCGGCCTCGGGGAGCCCC,CCCACACTCGCTGAGGTATTTCGTCACCGCCGTGTCC----------------------GGTACATGGAAGTCGGCTAC,69.0,CCCACACTCGCTGAGGTATTTCGTCACCGCCGTGTCCGGTACATGGAAGTCGGCTAC,D22_L-5C2R20,0.06877344752423056
235,301.0,del,21.0,,-23.0,0.0,2.8328571174633205e-05,CCCACACTCGCTGAGGTATTTCGTCACCGCCGTGTCCGTACATGGAAGTCGGCTAC,delCGGCCCGGCCTCGGGGAGCCCCG,CCCACACTCGCTGAGGTATTTCGTCACCGCCGTGTCC-----------------------GTACATGGAAGTCGGCTAC,,,,2.841816678074732e-05
236,317.0,del,22.0,,-24.0,0.0,3.529819329835266e-05,CCCACACTCGCTGAGGTATTTCGTCACCGCCGTGTCCTACATGGAAGTCGGCTAC,delCGGCCCGGCCTCGGGGAGCCCCGG,CCCACACTCGCTGAGGTATTTCGTCACCGCCGTGTCC------------------------TACATGGAAGTCGGCTAC,,,,3.540983193355961e-05
237,17.0,del,8.0,,-10.0,2.0,1.3769965520456549,CCCACACTCGCTGAGGTATTTCGTCACCGCCGTGTCCTCGGGGAGCCCCGGTACATGGAAGTCGGCTAC,delCGGCCCGGCC,CCCACACTCGCTGAGGTATTTCGTCACCGCCGTGTCC----------TCGGGGAGCCCCGGTACATGGAAGTCGGCTAC,12.0,CCCACACTCGCTGAGGTATTTCGTCACCGCCGTGTCCTCGGGGAGCCCCGGTACATGGAAGTCGGCTAC,D10_L-5C2R8,1.381351619582843
238,382.0,del,26.0,,-28.0,0.0,1.9476862457325217e-05,CCCACACTCGCTGAGGTATTTCGTCACCGCCGTGTCCTGGAAGTCGGCTAC,delCGGCCCGGCCTCGGGGAGCCCCGGTACA,CCCACACTCGCTGAGGTATTTCGTCACCGCCGTGTCC----------------------------TGGAAGTCGGCTAC,160.0,CCCACACTCGCTGAGGTATTTCGTCACCGCCGTGTCCTGGAAGTCGGCTAC,D28_L-3R26,1.953846250366387e-05
239,233.0,del,13.0,,-16.0,0.0,0.0009802476371399,CCCACACTCGCTGAGGTATTTCGTCACCGCCGTGTCGAGCCCCGGTACATGGAAGTCGGCTAC,delCCGGCCCGGCCTCGGG,CCCACACTCGCTGAGGTATTTCGTCACCGCCGTGTC----------------GAGCCCCGGTACATGGAAGTCGGCTAC,,,,0.0009833478952026898
240,252.0,del,15.0,,-18.0,0.0,0.000263895544361,CCCACACTCGCTGAGGTATTTCGTCACCGCCGTGTCGCCCCGGTACATGGAAGTCGGCTAC,delCCGGCCCGGCCTCGGGGA,CCCACACTCGCTGAGGTATTTCGTCACCGCCGTGTC------------------GCCCCGGTACATGGAAGTCGGCTAC,,,,0.00026473017456885917
241,176.0,del,0.0,,-3.0,0.0,0.4955464907732032,CCCACACTCGCTGAGGTATTTCGTCACCGCCGTGTCGCCCGGCCTCGGGGAGCCCCGGTACATGGAAGTCGGCTAC,delCCG,CCCACACTCGCTGAGGTATTTCGTCACCGCCGTGTC---GCCCGGCCTCGGGGAGCCCCGGTACATGGAAGTCGGCTAC,16.0,CCCACACTCGCTGAGGTATTTCGTCACCGCCGTGTCGCCCGGCCTCGGGGAGCCCCGGTACATGGAAGTCGGCTAC,D3_L-4R0,0.49711377024963166
242,191.0,del,5.0,,-8.0,0.0,0.0100565521502335,CCCACACTCGCTGAGGTATTTCGTCACCGCCGTGTCGCCTCGGGGAGCCCCGGTACATGGAAGTCGGCTAC,delCCGGCCCG,CCCACACTCGCTGAGGTATTTCGTCACCGCCGTGTC--------GCCTCGGGGAGCCCCGGTACATGGAAGTCGGCTAC,167.0,CCCACACTCGCTGAGGTATTTCGTCACCGCCGTGTCGCCTCGGGGAGCCCCGGTACATGGAAGTCGGCTAC,D8_L-4R5,0.010088358303807712
243,414.0,del,27.0,,-30.0,0.0,5.906598757460872e-06,CCCACACTCGCTGAGGTATTTCGTCACCGCCGTGTCGGAAGTCGGCTAC,delCCGGCCCGGCCTCGGGGAGCCCCGGTACAT,CCCACACTCGCTGAGGTATTTCGTCACCGCCGTGTC------------------------------GGAAGTCGGCTAC,,,,5.925279731255324e-06
244,227.0,del,12.0,,-15.0,0.0,0.0005601358370634,CCCACACTCGCTGAGGTATTTCGTCACCGCCGTGTCGGAGCCCCGGTACATGGAAGTCGGCTAC,delCCGGCCCGGCCTCGG,CCCACACTCGCTGAGGTATTTCGTCACCGCCGTGTC---------------GGAGCCCCGGTACATGGAAGTCGGCTAC,,,,0.0005619073951670034
245,11.0,del,4.0,,-7.0,1.0,0.3892269904761833,CCCACACTCGCTGAGGTATTTCGTCACCGCCGTGTCGGCCTCGGGGAGCCCCGGTACATGGAAGTCGGCTAC,delCCGGCCC,CCCACACTCGCTGAGGTATTTCGTCACCGCCGTGTC-------GGCCTCGGGGAGCCCCGGTACATGGAAGTCGGCTAC,83.0,CCCACACTCGCTGAGGTATTTCGTCACCGCCGTGTCGGCCTCGGGGAGCCCCGGTACATGGAAGTCGGCTAC,D7_L-5C1R4,0.390458010138725
246,220.0,del,11.0,,-14.0,0.0,0.0007208009076457,CCCACACTCGCTGAGGTATTTCGTCACCGCCGTGTCGGGAGCCCCGGTACATGGAAGTCGGCTAC,delCCGGCCCGGCCTCG,CCCACACTCGCTGAGGTATTTCGTCACCGCCGTGTC--------------GGGAGCCCCGGTACATGGAAGTCGGCTAC,,,,0.0007230806058983936
247,28.0,del,10.0,,-13.0,2.0,0.4754681124384398,CCCACACTCGCTGAGGTATTTCGTCACCGCCGTGTCGGGGAGCCCCGGTACATGGAAGTCGGCTAC,delCCGGCCCGGCCTC,CCCACACTCGCTGAGGTATTTCGTCACCGCCGTGTC-------------GGGGAGCCCCGGTACATGGAAGTCGGCTAC,32.0,CCCACACTCGCTGAGGTATTTCGTCACCGCCGTGTCGGGGAGCCCCGGTACATGGAAGTCGGCTAC,D13_L-6C2R10,0.476971889436554
248,73.0,del,20.0,,-23.0,1.0,0.0071289410033105,CCCACACTCGCTGAGGTATTTCGTCACCGCCGTGTCGGTACATGGAAGTCGGCTAC,delCCGGCCCGGCCTCGGGGAGCCCC,CCCACACTCGCTGAGGTATTTCGTCACCGCCGTGTC-----------------------GGTACATGGAAGTCGGCTAC,,,,0.007151487914914546
249,316.0,del,21.0,,-24.0,0.0,3.529819329835266e-05,CCCACACTCGCTGAGGTATTTCGTCACCGCCGTGTCGTACATGGAAGTCGGCTAC,delCCGGCCCGGCCTCGGGGAGCCCCG,CCCACACTCGCTGAGGTATTTCGTCACCGCCGTGTC------------------------GTACATGGAAGTCGGCTAC,,,,3.540983193355961e-05
250,336.0,del,22.0,,-25.0,0.0,2.170221502757364e-05,CCCACACTCGCTGAGGTATTTCGTCACCGCCGTGTCTACATGGAAGTCGGCTAC,delCCGGCCCGGCCTCGGGGAGCCCCGG,CCCACACTCGCTGAGGTATTTCGTCACCGCCGTGTC-------------------------TACATGGAAGTCGGCTAC,,,,2.1770853262005858e-05
251,20.0,del,8.0,,-11.0,1.0,0.1431886077452206,CCCACACTCGCTGAGGTATTTCGTCACCGCCGTGTCTCGGGGAGCCCCGGTACATGGAAGTCGGCTAC,delCCGGCCCGGCC,CCCACACTCGCTGAGGTATTTCGTCACCGCCGTGTC-----------TCGGGGAGCCCCGGTACATGGAAGTCGGCTAC,34.0,CCCACACTCGCTGAGGTATTTCGTCACCGCCGTGTCTCGGGGAGCCCCGGTACATGGAAGTCGGCTAC,D11_L-5C1R8,0.1436414745707475
252,394.0,del,26.0,,-29.0,0.0,1.264042188426168e-05,CCCACACTCGCTGAGGTATTTCGTCACCGCCGTGTCTGGAAGTCGGCTAC,delCCGGCCCGGCCTCGGGGAGCCCCGGTACA,CCCACACTCGCTGAGGTATTTCGTCACCGCCGTGTC-----------------------------TGGAAGTCGGCTAC,,,,1.2680400118718933e-05
253,241.0,del,13.0,,-17.0,0.0,0.0003390226649734,CCCACACTCGCTGAGGTATTTCGTCACCGCCGTGTGAGCCCCGGTACATGGAAGTCGGCTAC,delCCCGGCCCGGCCTCGGG,CCCACACTCGCTGAGGTATTTCGTCACCGCCGTGT-----------------GAGCCCCGGTACATGGAAGTCGGCTAC,,,,0.00034009490193754005
254,258.0,del,15.0,,-19.0,0.0,0.0003081806547422,CCCACACTCGCTGAGGTATTTCGTCACCGCCGTGTGCCCCGGTACATGGAAGTCGGCTAC,delCCCGGCCCGGCCTCGGGGA,CCCACACTCGCTGAGGTATTTCGTCACCGCCGTGT-------------------GCCCCGGTACATGGAAGTCGGCTAC,,,,0.0003091553467725201
255,178.0,del,0.0,,-4.0,0.0,0.3355503314025021,CCCACACTCGCTGAGGTATTTCGTCACCGCCGTGTGCCCGGCCTCGGGGAGCCCCGGTACATGGAAGTCGGCTAC,delCCCG,CCCACACTCGCTGAGGTATTTCGTCACCGCCGTGT----GCCCGGCCTCGGGGAGCCCCGGTACATGGAAGTCGGCTAC,18.0,CCCACACTCGCTGAGGTATTTCGTCACCGCCGTGTGCCCGGCCTCGGGGAGCCCCGGTACATGGAAGTCGGCTAC,D4_L-5R0,0.33661158631502375
256,198.0,del,5.0,,-9.0,0.0,0.0034778751573678,CCCACACTCGCTGAGGTATTTCGTCACCGCCGTGTGCCTCGGGGAGCCCCGGTACATGGAAGTCGGCTAC,delCCCGGCCCG,CCCACACTCGCTGAGGTATTTCGTCACCGCCGTGT---------GCCTCGGGGAGCCCCGGTACATGGAAGTCGGCTAC,155.0,CCCACACTCGCTGAGGTATTTCGTCACCGCCGTGTGCCTCGGGGAGCCCCGGTACATGGAAGTCGGCTAC,D9_L-5R5,0.0034888747355248727
257,232.0,del,12.0,,-16.0,0.0,0.0009802476371399,CCCACACTCGCTGAGGTATTTCGTCACCGCCGTGTGGAGCCCCGGTACATGGAAGTCGGCTAC,delCCCGGCCCGGCCTCGG,CCCACACTCGCTGAGGTATTTCGTCACCGCCGTGT----------------GGAGCCCCGGTACATGGAAGTCGGCTAC,,,,0.0009833478952026898
258,190.0,del,4.0,,-8.0,0.0,0.0100565521502335,CCCACACTCGCTGAGGTATTTCGTCACCGCCGTGTGGCCTCGGGGAGCCCCGGTACATGGAAGTCGGCTAC,delCCCGGCCC,CCCACACTCGCTGAGGTATTTCGTCACCGCCGTGT--------GGCCTCGGGGAGCCCCGGTACATGGAAGTCGGCTAC,161.0,CCCACACTCGCTGAGGTATTTCGTCACCGCCGTGTGGCCTCGGGGAGCCCCGGTACATGGAAGTCGGCTAC,D8_L-5R4,0.010088358303807712
259,226.0,del,11.0,,-15.0,0.0,0.0005601358370634,CCCACACTCGCTGAGGTATTTCGTCACCGCCGTGTGGGAGCCCCGGTACATGGAAGTCGGCTAC,delCCCGGCCCGGCCTCG,CCCACACTCGCTGAGGTATTTCGTCACCGCCGTGT---------------GGGAGCCCCGGTACATGGAAGTCGGCTAC,,,,0.0005619073951670034
260,219.0,del,10.0,,-14.0,0.0,0.0007208009076457,CCCACACTCGCTGAGGTATTTCGTCACCGCCGTGTGGGGAGCCCCGGTACATGGAAGTCGGCTAC,delCCCGGCCCGGCCTC,CCCACACTCGCTGAGGTATTTCGTCACCGCCGTGT--------------GGGGAGCCCCGGTACATGGAAGTCGGCTAC,,,,0.0007230806058983936
261,315.0,del,20.0,,-24.0,0.0,3.529819329835266e-05,CCCACACTCGCTGAGGTATTTCGTCACCGCCGTGTGGTACATGGAAGTCGGCTAC,delCCCGGCCCGGCCTCGGGGAGCCCC,CCCACACTCGCTGAGGTATTTCGTCACCGCCGTGT------------------------GGTACATGGAAGTCGGCTAC,,,,3.540983193355961e-05
262,335.0,del,21.0,,-25.0,0.0,2.170221502757364e-05,CCCACACTCGCTGAGGTATTTCGTCACCGCCGTGTGTACATGGAAGTCGGCTAC,delCCCGGCCCGGCCTCGGGGAGCCCCG,CCCACACTCGCTGAGGTATTTCGTCACCGCCGTGT-------------------------GTACATGGAAGTCGGCTAC,,,,2.1770853262005858e-05
263,356.0,del,22.0,,-26.0,0.0,1.2593182318970084e-05,CCCACACTCGCTGAGGTATTTCGTCACCGCCGTGTTACATGGAAGTCGGCTAC,delCCCGGCCCGGCCTCGGGGAGCCCCGG,CCCACACTCGCTGAGGTATTTCGTCACCGCCGTGT--------------------------TACATGGAAGTCGGCTAC,,,,1.2633011147463348e-05
264,208.0,del,8.0,,-12.0,0.0,0.0027037661513367,CCCACACTCGCTGAGGTATTTCGTCACCGCCGTGTTCGGGGAGCCCCGGTACATGGAAGTCGGCTAC,delCCCGGCCCGGCC,CCCACACTCGCTGAGGTATTTCGTCACCGCCGTGT------------TCGGGGAGCCCCGGTACATGGAAGTCGGCTAC,164.0,CCCACACTCGCTGAGGTATTTCGTCACCGCCGTGTTCGGGGAGCCCCGGTACATGGAAGTCGGCTAC,D12_L-5R8,0.0027123174321487995
265,413.0,del,26.0,,-30.0,0.0,5.906598757460872e-06,CCCACACTCGCTGAGGTATTTCGTCACCGCCGTGTTGGAAGTCGGCTAC,delCCCGGCCCGGCCTCGGGGAGCCCCGGTACA,CCCACACTCGCTGAGGTATTTCGTCACCGCCGTGT------------------------------TGGAAGTCGGCTAC,,,,5.925279731255324e-06
266,380.0,del,22.0,,-28.0,0.0,1.9476862457325217e-05,CCCACACTCGCTGAGGTATTTCGTCACCGCCGTTACATGGAAGTCGGCTAC,delGTCCCGGCCCGGCCTCGGGGAGCCCCGG,CCCACACTCGCTGAGGTATTTCGTCACCGCCGT----------------------------TACATGGAAGTCGGCTAC,,,,1.953846250366387e-05
267,217.0,del,8.0,,-14.0,0.0,0.0007208009076457,CCCACACTCGCTGAGGTATTTCGTCACCGCCGTTCGGGGAGCCCCGGTACATGGAAGTCGGCTAC,delGTCCCGGCCCGGCC,CCCACACTCGCTGAGGTATTTCGTCACCGCCGT--------------TCGGGGAGCCCCGGTACATGGAAGTCGGCTAC,,,,0.0007230806058983936
268,409.0,del,22.0,,-30.0,0.0,5.906598757460872e-06,CCCACACTCGCTGAGGTATTTCGTCACCGCCTACATGGAAGTCGGCTAC,delGTGTCCCGGCCCGGCCTCGGGGAGCCCCGG,CCCACACTCGCTGAGGTATTTCGTCACCGCC------------------------------TACATGGAAGTCGGCTAC,,,,5.925279731255324e-06
269,37.0,del,8.0,,-16.0,3.0,1.1836216774977193,CCCACACTCGCTGAGGTATTTCGTCACCGCCTCGGGGAGCCCCGGTACATGGAAGTCGGCTAC,delGTGTCCCGGCCCGGCC,CCCACACTCGCTGAGGTATTTCGTCACCGCC----------------TCGGGGAGCCCCGGTACATGGAAGTCGGCTAC,21.0,CCCACACTCGCTGAGGTATTTCGTCACCGCCTCGGGGAGCCCCGGTACATGGAAGTCGGCTAC,D16_L-12C3R8,1.1873651526257614
270,280.0,del,13.0,,-22.0,0.0,9.700513750183068e-05,CCCACACTCGCTGAGGTATTTCGTCACCGCGAGCCCCGGTACATGGAAGTCGGCTAC,delCGTGTCCCGGCCCGGCCTCGGG,CCCACACTCGCTGAGGTATTTCGTCACCGC----------------------GAGCCCCGGTACATGGAAGTCGGCTAC,,,,9.731193850626827e-05
271,310.0,del,15.0,,-24.0,0.0,3.529819329835266e-05,CCCACACTCGCTGAGGTATTTCGTCACCGCGCCCCGGTACATGGAAGTCGGCTAC,delCGTGTCCCGGCCCGGCCTCGGGGA,CCCACACTCGCTGAGGTATTTCGTCACCGC------------------------GCCCCGGTACATGGAAGTCGGCTAC,,,,3.540983193355961e-05
272,192.0,del,0.0,,-9.0,0.0,0.0173893757868391,CCCACACTCGCTGAGGTATTTCGTCACCGCGCCCGGCCTCGGGGAGCCCCGGTACATGGAAGTCGGCTAC,delCGTGTCCCG,CCCACACTCGCTGAGGTATTTCGTCACCGC---------GCCCGGCCTCGGGGAGCCCCGGTACATGGAAGTCGGCTAC,63.0,CCCACACTCGCTGAGGTATTTCGTCACCGCGCCCGGCCTCGGGGAGCCCCGGTACATGGAAGTCGGCTAC,D9_L-10R0,0.017444373677624466
273,214.0,del,5.0,,-14.0,0.0,0.0007208009076457,CCCACACTCGCTGAGGTATTTCGTCACCGCGCCTCGGGGAGCCCCGGTACATGGAAGTCGGCTAC,delCGTGTCCCGGCCCG,CCCACACTCGCTGAGGTATTTCGTCACCGC--------------GCCTCGGGGAGCCCCGGTACATGGAAGTCGGCTAC,,,,0.0007230806058983936
274,274.0,del,12.0,,-21.0,0.0,0.0002802801818413,CCCACACTCGCTGAGGTATTTCGTCACCGCGGAGCCCCGGTACATGGAAGTCGGCTAC,delCGTGTCCCGGCCCGGCCTCGG,CCCACACTCGCTGAGGTATTTCGTCACCGC---------------------GGAGCCCCGGTACATGGAAGTCGGCTAC,,,,0.0002811666322245206
275,26.0,del,4.0,,-13.0,1.0,0.0868482807190421,CCCACACTCGCTGAGGTATTTCGTCACCGCGGCCTCGGGGAGCCCCGGTACATGGAAGTCGGCTAC,delCGTGTCCCGGCCC,CCCACACTCGCTGAGGTATTTCGTCACCGC-------------GGCCTCGGGGAGCCCCGGTACATGGAAGTCGGCTAC,139.0,CCCACACTCGCTGAGGTATTTCGTCACCGCGGCCTCGGGGAGCCCCGGTACATGGAAGTCGGCTAC,D13_L-11C1R4,0.0871229583334909
276,267.0,del,11.0,,-20.0,0.0,0.0001066484862365,CCCACACTCGCTGAGGTATTTCGTCACCGCGGGAGCCCCGGTACATGGAAGTCGGCTAC,delCGTGTCCCGGCCCGGCCTCG,CCCACACTCGCTGAGGTATTTCGTCACCGC--------------------GGGAGCCCCGGTACATGGAAGTCGGCTAC,,,,0.00010698578654390372
277,51.0,del,10.0,,-19.0,1.0,0.0193784707854556,CCCACACTCGCTGAGGTATTTCGTCACCGCGGGGAGCCCCGGTACATGGAAGTCGGCTAC,delCGTGTCCCGGCCCGGCCTC,CCCACACTCGCTGAGGTATTTCGTCACCGC-------------------GGGGAGCCCCGGTACATGGAAGTCGGCTAC,74.0,CCCACACTCGCTGAGGTATTTCGTCACCGCGGGGAGCCCCGGTACATGGAAGTCGGCTAC,D19_L-11C1R10,0.01943975964555675
278,101.0,del,20.0,,-29.0,1.0,0.0015906817477573,CCCACACTCGCTGAGGTATTTCGTCACCGCGGTACATGGAAGTCGGCTAC,delCGTGTCCCGGCCCGGCCTCGGGGAGCCCC,CCCACACTCGCTGAGGTATTTCGTCACCGC-----------------------------GGTACATGGAAGTCGGCTAC,133.0,CCCACACTCGCTGAGGTATTTCGTCACCGCGGTACATGGAAGTCGGCTAC,D29_L-11C1R20,0.0015957126437543627
279,408.0,del,21.0,,-30.0,0.0,5.906598757460872e-06,CCCACACTCGCTGAGGTATTTCGTCACCGCGTACATGGAAGTCGGCTAC,delCGTGTCCCGGCCCGGCCTCGGGGAGCCCCG,CCCACACTCGCTGAGGTATTTCGTCACCGC------------------------------GTACATGGAAGTCGGCTAC,,,,5.925279731255324e-06
280,42.0,del,8.0,,-17.0,1.0,0.0319496969776217,CCCACACTCGCTGAGGTATTTCGTCACCGCTCGGGGAGCCCCGGTACATGGAAGTCGGCTAC,delCGTGTCCCGGCCCGGCC,CCCACACTCGCTGAGGTATTTCGTCACCGC-----------------TCGGGGAGCCCCGGTACATGGAAGTCGGCTAC,116.0,CCCACACTCGCTGAGGTATTTCGTCACCGCTCGGGGAGCCCCGGTACATGGAAGTCGGCTAC,D17_L-11C1R8,0.03205074522492742
281,71.0,del,13.0,,-23.0,1.0,0.0071289410033105,CCCACACTCGCTGAGGTATTTCGTCACCGGAGCCCCGGTACATGGAAGTCGGCTAC,delCCGTGTCCCGGCCCGGCCTCGGG,CCCACACTCGCTGAGGTATTTCGTCACCG-----------------------GAGCCCCGGTACATGGAAGTCGGCTAC,103.0,CCCACACTCGCTGAGGTATTTCGTCACCGGAGCCCCGGTACATGGAAGTCGGCTAC,D23_L-12C1R13,0.007151487914914546
282,331.0,del,15.0,,-25.0,0.0,2.170221502757364e-05,CCCACACTCGCTGAGGTATTTCGTCACCGGCCCCGGTACATGGAAGTCGGCTAC,delCCGTGTCCCGGCCCGGCCTCGGGGA,CCCACACTCGCTGAGGTATTTCGTCACCG-------------------------GCCCCGGTACATGGAAGTCGGCTAC,,,,2.1770853262005858e-05
283,199.0,del,0.0,,-10.0,0.0,0.012481437463859,CCCACACTCGCTGAGGTATTTCGTCACCGGCCCGGCCTCGGGGAGCCCCGGTACATGGAAGTCGGCTAC,delCCGTGTCCCG,CCCACACTCGCTGAGGTATTTCGTCACCG----------GCCCGGCCTCGGGGAGCCCCGGTACATGGAAGTCGGCTAC,52.0,CCCACACTCGCTGAGGTATTTCGTCACCGGCCCGGCCTCGGGGAGCCCCGGTACATGGAAGTCGGCTAC,D10_L-14C3R0,0.01252091287360897
284,32.0,del,5.0,,-15.0,3.0,1.5198003176496524,CCCACACTCGCTGAGGTATTTCGTCACCGGCCTCGGGGAGCCCCGGTACATGGAAGTCGGCTAC,delCCGTGTCCCGGCCCG,CCCACACTCGCTGAGGTATTTCGTCACCG---------------GCCTCGGGGAGCCCCGGTACATGGAAGTCGGCTAC,19.0,CCCACACTCGCTGAGGTATTTCGTCACCGGCCTCGGGGAGCCCCGGTACATGGAAGTCGGCTAC,D15_L-14C3R5,1.524607034860797
285,68.0,del,12.0,,-22.0,1.0,0.0091537414423181,CCCACACTCGCTGAGGTATTTCGTCACCGGGAGCCCCGGTACATGGAAGTCGGCTAC,delCCGTGTCCCGGCCCGGCCTCGG,CCCACACTCGCTGAGGTATTTCGTCACCG----------------------GGAGCCCCGGTACATGGAAGTCGGCTAC,112.0,CCCACACTCGCTGAGGTATTTCGTCACCGGGAGCCCCGGTACATGGAAGTCGGCTAC,D22_L-12C1R12,0.009182692249885507
286,213.0,del,4.0,,-14.0,0.0,0.0007208009076457,CCCACACTCGCTGAGGTATTTCGTCACCGGGCCTCGGGGAGCCCCGGTACATGGAAGTCGGCTAC,delCCGTGTCCCGGCCC,CCCACACTCGCTGAGGTATTTCGTCACCG--------------GGCCTCGGGGAGCCCCGGTACATGGAAGTCGGCTAC,,,,0.0007230806058983936
287,61.0,del,11.0,,-21.0,2.0,0.0880284444612894,CCCACACTCGCTGAGGTATTTCGTCACCGGGGAGCCCCGGTACATGGAAGTCGGCTAC,delCCGTGTCCCGGCCCGGCCTCG,CCCACACTCGCTGAGGTATTTCGTCACCG---------------------GGGAGCCCCGGTACATGGAAGTCGGCTAC,40.0,CCCACACTCGCTGAGGTATTTCGTCACCGGGGAGCCCCGGTACATGGAAGTCGGCTAC,D21_L-13C2R11,0.08830685461435263
288,266.0,del,10.0,,-20.0,0.0,0.0001066484862365,CCCACACTCGCTGAGGTATTTCGTCACCGGGGGAGCCCCGGTACATGGAAGTCGGCTAC,delCCGTGTCCCGGCCCGGCCTC,CCCACACTCGCTGAGGTATTTCGTCACCG--------------------GGGGAGCCCCGGTACATGGAAGTCGGCTAC,,,,0.00010698578654390372
289,407.0,del,20.0,,-30.0,0.0,5.906598757460872e-06,CCCACACTCGCTGAGGTATTTCGTCACCGGGTACATGGAAGTCGGCTAC,delCCGTGTCCCGGCCCGGCCTCGGGGAGCCCC,CCCACACTCGCTGAGGTATTTCGTCACCG------------------------------GGTACATGGAAGTCGGCTAC,,,,5.925279731255324e-06
290,250.0,del,8.0,,-18.0,0.0,0.000263895544361,CCCACACTCGCTGAGGTATTTCGTCACCGTCGGGGAGCCCCGGTACATGGAAGTCGGCTAC,delCCGTGTCCCGGCCCGGCC,CCCACACTCGCTGAGGTATTTCGTCACCG------------------TCGGGGAGCCCCGGTACATGGAAGTCGGCTAC,,,,0.00026473017456885917
291,50.0,del,8.0,,-19.0,2.0,0.1451343688099728,CCCACACTCGCTGAGGTATTTCGTCACCTCGGGGAGCCCCGGTACATGGAAGTCGGCTAC,delGCCGTGTCCCGGCCCGGCC,CCCACACTCGCTGAGGTATTTCGTCACC-------------------TCGGGGAGCCCCGGTACATGGAAGTCGGCTAC,47.0,CCCACACTCGCTGAGGTATTTCGTCACCTCGGGGAGCCCCGGTACATGGAAGTCGGCTAC,D19_L-14C2R8,0.145593389551307
292,329.0,del,13.0,,-25.0,0.0,2.170221502757364e-05,CCCACACTCGCTGAGGTATTTCGTCACGAGCCCCGGTACATGGAAGTCGGCTAC,delCGCCGTGTCCCGGCCCGGCCTCGGG,CCCACACTCGCTGAGGTATTTCGTCAC-------------------------GAGCCCCGGTACATGGAAGTCGGCTAC,,,,2.1770853262005858e-05
293,368.0,del,15.0,,-27.0,0.0,1.923769625064167e-05,CCCACACTCGCTGAGGTATTTCGTCACGCCCCGGTACATGGAAGTCGGCTAC,delCGCCGTGTCCCGGCCCGGCCTCGGGGA,CCCACACTCGCTGAGGTATTTCGTCAC---------------------------GCCCCGGTACATGGAAGTCGGCTAC,,,,1.9298539878976828e-05
294,204.0,del,0.0,,-12.0,0.0,0.0108150646053469,CCCACACTCGCTGAGGTATTTCGTCACGCCCGGCCTCGGGGAGCCCCGGTACATGGAAGTCGGCTAC,delCGCCGTGTCCCG,CCCACACTCGCTGAGGTATTTCGTCAC------------GCCCGGCCTCGGGGAGCCCCGGTACATGGAAGTCGGCTAC,39.0,CCCACACTCGCTGAGGTATTTCGTCACGCCCGGCCTCGGGGAGCCCCGGTACATGGAAGTCGGCTAC,D12_L-13R0,0.010849269728595299
295,237.0,del,5.0,,-17.0,0.0,0.0003390226649734,CCCACACTCGCTGAGGTATTTCGTCACGCCTCGGGGAGCCCCGGTACATGGAAGTCGGCTAC,delCGCCGTGTCCCGGCCCG,CCCACACTCGCTGAGGTATTTCGTCAC-----------------GCCTCGGGGAGCCCCGGTACATGGAAGTCGGCTAC,,,,0.00034009490193754005
296,309.0,del,12.0,,-24.0,0.0,3.529819329835266e-05,CCCACACTCGCTGAGGTATTTCGTCACGGAGCCCCGGTACATGGAAGTCGGCTAC,delCGCCGTGTCCCGGCCCGGCCTCGG,CCCACACTCGCTGAGGTATTTCGTCAC------------------------GGAGCCCCGGTACATGGAAGTCGGCTAC,,,,3.540983193355961e-05
297,36.0,del,4.0,,-16.0,1.0,0.0410242229747378,CCCACACTCGCTGAGGTATTTCGTCACGGCCTCGGGGAGCCCCGGTACATGGAAGTCGGCTAC,delCGCCGTGTCCCGGCCC,CCCACACTCGCTGAGGTATTTCGTCAC----------------GGCCTCGGGGAGCCCCGGTACATGGAAGTCGGCTAC,124.0,CCCACACTCGCTGAGGTATTTCGTCACGGCCTCGGGGAGCCCCGGTACATGGAAGTCGGCTAC,D16_L-14C1R4,0.041153971492590105
298,297.0,del,11.0,,-23.0,0.0,2.8328571174633205e-05,CCCACACTCGCTGAGGTATTTCGTCACGGGAGCCCCGGTACATGGAAGTCGGCTAC,delCGCCGTGTCCCGGCCCGGCCTCG,CCCACACTCGCTGAGGTATTTCGTCAC-----------------------GGGAGCCCCGGTACATGGAAGTCGGCTAC,,,,2.841816678074732e-05
299,67.0,del,10.0,,-22.0,1.0,0.0091537414423181,CCCACACTCGCTGAGGTATTTCGTCACGGGGAGCCCCGGTACATGGAAGTCGGCTAC,delCGCCGTGTCCCGGCCCGGCCTC,CCCACACTCGCTGAGGTATTTCGTCAC----------------------GGGGAGCCCCGGTACATGGAAGTCGGCTAC,100.0,CCCACACTCGCTGAGGTATTTCGTCACGGGGAGCCCCGGTACATGGAAGTCGGCTAC,D22_L-14C1R10,0.009182692249885507
300,56.0,del,8.0,,-20.0,1.0,0.0150919682224392,CCCACACTCGCTGAGGTATTTCGTCACTCGGGGAGCCCCGGTACATGGAAGTCGGCTAC,delCGCCGTGTCCCGGCCCGGCC,CCCACACTCGCTGAGGTATTTCGTCAC--------------------TCGGGGAGCCCCGGTACATGGAAGTCGGCTAC,123.0,CCCACACTCGCTGAGGTATTTCGTCACTCGGGGAGCCCCGGTACATGGAAGTCGGCTAC,D20_L-14C1R8,0.015139700034679529
301,353.0,del,13.0,,-26.0,0.0,1.2593182318970084e-05,CCCACACTCGCTGAGGTATTTCGTCAGAGCCCCGGTACATGGAAGTCGGCTAC,delCCGCCGTGTCCCGGCCCGGCCTCGGG,CCCACACTCGCTGAGGTATTTCGTCA--------------------------GAGCCCCGGTACATGGAAGTCGGCTAC,,,,1.2633011147463348e-05
302,92.0,del,15.0,,-28.0,1.0,0.0019113648445014,CCCACACTCGCTGAGGTATTTCGTCAGCCCCGGTACATGGAAGTCGGCTAC,delCCGCCGTGTCCCGGCCCGGCCTCGGGGA,CCCACACTCGCTGAGGTATTTCGTCA----------------------------GCCCCGGTACATGGAAGTCGGCTAC,93.0,CCCACACTCGCTGAGGTATTTCGTCAGCCCCGGTACATGGAAGTCGGCTAC,D28_L-15C1R15,0.001917409974370204
303,209.0,del,0.0,,-13.0,0.0,0.0083618479484771,CCCACACTCGCTGAGGTATTTCGTCAGCCCGGCCTCGGGGAGCCCCGGTACATGGAAGTCGGCTAC,delCCGCCGTGTCCCG,CCCACACTCGCTGAGGTATTTCGTCA-------------GCCCGGCCTCGGGGAGCCCCGGTACATGGAAGTCGGCTAC,106.0,CCCACACTCGCTGAGGTATTTCGTCAGCCCGGCCTCGGGGAGCCCCGGTACATGGAAGTCGGCTAC,D13_L-14R0,0.008388294211176317
304,249.0,del,5.0,,-18.0,0.0,0.000263895544361,CCCACACTCGCTGAGGTATTTCGTCAGCCTCGGGGAGCCCCGGTACATGGAAGTCGGCTAC,delCCGCCGTGTCCCGGCCCG,CCCACACTCGCTGAGGTATTTCGTCA------------------GCCTCGGGGAGCCCCGGTACATGGAAGTCGGCTAC,,,,0.00026473017456885917
305,328.0,del,12.0,,-25.0,0.0,2.170221502757364e-05,CCCACACTCGCTGAGGTATTTCGTCAGGAGCCCCGGTACATGGAAGTCGGCTAC,delCCGCCGTGTCCCGGCCCGGCCTCGG,CCCACACTCGCTGAGGTATTTCGTCA-------------------------GGAGCCCCGGTACATGGAAGTCGGCTAC,,,,2.1770853262005858e-05
306,236.0,del,4.0,,-17.0,0.0,0.0003390226649734,CCCACACTCGCTGAGGTATTTCGTCAGGCCTCGGGGAGCCCCGGTACATGGAAGTCGGCTAC,delCCGCCGTGTCCCGGCCC,CCCACACTCGCTGAGGTATTTCGTCA-----------------GGCCTCGGGGAGCCCCGGTACATGGAAGTCGGCTAC,,,,0.00034009490193754005
307,308.0,del,11.0,,-24.0,0.0,3.529819329835266e-05,CCCACACTCGCTGAGGTATTTCGTCAGGGAGCCCCGGTACATGGAAGTCGGCTAC,delCCGCCGTGTCCCGGCCCGGCCTCG,CCCACACTCGCTGAGGTATTTCGTCA------------------------GGGAGCCCCGGTACATGGAAGTCGGCTAC,,,,3.540983193355961e-05
308,296.0,del,10.0,,-23.0,0.0,2.8328571174633205e-05,CCCACACTCGCTGAGGTATTTCGTCAGGGGAGCCCCGGTACATGGAAGTCGGCTAC,delCCGCCGTGTCCCGGCCCGGCCTC,CCCACACTCGCTGAGGTATTTCGTCA-----------------------GGGGAGCCCCGGTACATGGAAGTCGGCTAC,,,,2.841816678074732e-05
309,273.0,del,8.0,,-21.0,0.0,0.0002802801818413,CCCACACTCGCTGAGGTATTTCGTCATCGGGGAGCCCCGGTACATGGAAGTCGGCTAC,delCCGCCGTGTCCCGGCCCGGCC,CCCACACTCGCTGAGGTATTTCGTCA---------------------TCGGGGAGCCCCGGTACATGGAAGTCGGCTAC,,,,0.0002811666322245206
310,406.0,del,16.0,,-30.0,0.0,5.906598757460872e-06,CCCACACTCGCTGAGGTATTTCGTCCCCCGGTACATGGAAGTCGGCTAC,delACCGCCGTGTCCCGGCCCGGCCTCGGGGAG,CCCACACTCGCTGAGGTATTTCGTC------------------------------CCCCGGTACATGGAAGTCGGCTAC,,,,5.925279731255324e-06
311,224.0,del,1.0,,-15.0,0.0,0.0005601358370634,CCCACACTCGCTGAGGTATTTCGTCCCCGGCCTCGGGGAGCCCCGGTACATGGAAGTCGGCTAC,delACCGCCGTGTCCCGG,CCCACACTCGCTGAGGTATTTCGTC---------------CCCGGCCTCGGGGAGCCCCGGTACATGGAAGTCGGCTAC,,,,0.0005619073951670034
312,35.0,del,2.0,,-16.0,1.0,0.0410242229747378,CCCACACTCGCTGAGGTATTTCGTCCCGGCCTCGGGGAGCCCCGGTACATGGAAGTCGGCTAC,delACCGCCGTGTCCCGGC,CCCACACTCGCTGAGGTATTTCGTC----------------CCGGCCTCGGGGAGCCCCGGTACATGGAAGTCGGCTAC,91.0,CCCACACTCGCTGAGGTATTTCGTCCCGGCCTCGGGGAGCCCCGGTACATGGAAGTCGGCTAC,D16_L-16C1R2,0.041153971492590105
313,264.0,del,6.0,,-20.0,0.0,0.0001066484862365,CCCACACTCGCTGAGGTATTTCGTCCCTCGGGGAGCCCCGGTACATGGAAGTCGGCTAC,delACCGCCGTGTCCCGGCCCGG,CCCACACTCGCTGAGGTATTTCGTC--------------------CCTCGGGGAGCCCCGGTACATGGAAGTCGGCTAC,,,,0.00010698578654390372
314,41.0,del,3.0,,-17.0,1.0,0.0319496969776217,CCCACACTCGCTGAGGTATTTCGTCCGGCCTCGGGGAGCCCCGGTACATGGAAGTCGGCTAC,delACCGCCGTGTCCCGGCC,CCCACACTCGCTGAGGTATTTCGTC-----------------CGGCCTCGGGGAGCCCCGGTACATGGAAGTCGGCTAC,147.0,CCCACACTCGCTGAGGTATTTCGTCCGGCCTCGGGGAGCCCCGGTACATGGAAGTCGGCTAC,D17_L-16C1R3,0.03205074522492742
315,295.0,del,9.0,,-23.0,0.0,2.8328571174633205e-05,CCCACACTCGCTGAGGTATTTCGTCCGGGGAGCCCCGGTACATGGAAGTCGGCTAC,delACCGCCGTGTCCCGGCCCGGCCT,CCCACACTCGCTGAGGTATTTCGTC-----------------------CGGGGAGCCCCGGTACATGGAAGTCGGCTAC,,,,2.841816678074732e-05
316,60.0,del,7.0,,-21.0,1.0,0.0117536366697244,CCCACACTCGCTGAGGTATTTCGTCCTCGGGGAGCCCCGGTACATGGAAGTCGGCTAC,delACCGCCGTGTCCCGGCCCGGC,CCCACACTCGCTGAGGTATTTCGTC---------------------CTCGGGGAGCCCCGGTACATGGAAGTCGGCTAC,73.0,CCCACACTCGCTGAGGTATTTCGTCCTCGGGGAGCCCCGGTACATGGAAGTCGGCTAC,D21_L-16C1R7,0.011790810242474586
317,366.0,del,13.0,,-27.0,0.0,1.923769625064167e-05,CCCACACTCGCTGAGGTATTTCGTCGAGCCCCGGTACATGGAAGTCGGCTAC,delACCGCCGTGTCCCGGCCCGGCCTCGGG,CCCACACTCGCTGAGGTATTTCGTC---------------------------GAGCCCCGGTACATGGAAGTCGGCTAC,,,,1.9298539878976828e-05
318,391.0,del,15.0,,-29.0,0.0,1.264042188426168e-05,CCCACACTCGCTGAGGTATTTCGTCGCCCCGGTACATGGAAGTCGGCTAC,delACCGCCGTGTCCCGGCCCGGCCTCGGGGA,CCCACACTCGCTGAGGTATTTCGTC-----------------------------GCCCCGGTACATGGAAGTCGGCTAC,,,,1.2680400118718933e-05
319,212.0,del,0.0,,-14.0,0.0,0.0064872081688114,CCCACACTCGCTGAGGTATTTCGTCGCCCGGCCTCGGGGAGCCCCGGTACATGGAAGTCGGCTAC,delACCGCCGTGTCCCG,CCCACACTCGCTGAGGTATTTCGTC--------------GCCCGGCCTCGGGGAGCCCCGGTACATGGAAGTCGGCTAC,99.0,CCCACACTCGCTGAGGTATTTCGTCGCCCGGCCTCGGGGAGCCCCGGTACATGGAAGTCGGCTAC,D14_L-15R0,0.0065077254530856435
320,257.0,del,5.0,,-19.0,0.0,0.0003081806547422,CCCACACTCGCTGAGGTATTTCGTCGCCTCGGGGAGCCCCGGTACATGGAAGTCGGCTAC,delACCGCCGTGTCCCGGCCCG,CCCACACTCGCTGAGGTATTTCGTC-------------------GCCTCGGGGAGCCCCGGTACATGGAAGTCGGCTAC,,,,0.0003091553467725201
321,352.0,del,12.0,,-26.0,0.0,1.2593182318970084e-05,CCCACACTCGCTGAGGTATTTCGTCGGAGCCCCGGTACATGGAAGTCGGCTAC,delACCGCCGTGTCCCGGCCCGGCCTCGG,CCCACACTCGCTGAGGTATTTCGTC--------------------------GGAGCCCCGGTACATGGAAGTCGGCTAC,,,,1.2633011147463348e-05
322,44.0,del,4.0,,-18.0,1.0,0.0248824490250659,CCCACACTCGCTGAGGTATTTCGTCGGCCTCGGGGAGCCCCGGTACATGGAAGTCGGCTAC,delACCGCCGTGTCCCGGCCC,CCCACACTCGCTGAGGTATTTCGTC------------------GGCCTCGGGGAGCCCCGGTACATGGAAGTCGGCTAC,149.0,CCCACACTCGCTGAGGTATTTCGTCGGCCTCGGGGAGCCCCGGTACATGGAAGTCGGCTAC,D18_L-16C1R4,0.024961145479195593
323,327.0,del,11.0,,-25.0,0.0,2.170221502757364e-05,CCCACACTCGCTGAGGTATTTCGTCGGGAGCCCCGGTACATGGAAGTCGGCTAC,delACCGCCGTGTCCCGGCCCGGCCTCG,CCCACACTCGCTGAGGTATTTCGTC-------------------------GGGAGCCCCGGTACATGGAAGTCGGCTAC,,,,2.1770853262005858e-05
324,76.0,del,10.0,,-24.0,2.0,0.0303956595001798,CCCACACTCGCTGAGGTATTTCGTCGGGGAGCCCCGGTACATGGAAGTCGGCTAC,delACCGCCGTGTCCCGGCCCGGCCTC,CCCACACTCGCTGAGGTATTTCGTC------------------------GGGGAGCCCCGGTACATGGAAGTCGGCTAC,35.0,CCCACACTCGCTGAGGTATTTCGTCGGGGAGCCCCGGTACATGGAAGTCGGCTAC,D24_L-17C2R10,0.030491792747401082
325,66.0,del,8.0,,-22.0,1.0,0.0091537414423181,CCCACACTCGCTGAGGTATTTCGTCTCGGGGAGCCCCGGTACATGGAAGTCGGCTAC,delACCGCCGTGTCCCGGCCCGGCC,CCCACACTCGCTGAGGTATTTCGTC----------------------TCGGGGAGCCCCGGTACATGGAAGTCGGCTAC,88.0,CCCACACTCGCTGAGGTATTTCGTCTCGGGGAGCCCCGGTACATGGAAGTCGGCTAC,D22_L-16C1R8,0.009182692249885507
326,379.0,del,13.0,,-28.0,0.0,1.9476862457325217e-05,CCCACACTCGCTGAGGTATTTCGTGAGCCCCGGTACATGGAAGTCGGCTAC,delCACCGCCGTGTCCCGGCCCGGCCTCGGG,CCCACACTCGCTGAGGTATTTCGT----------------------------GAGCCCCGGTACATGGAAGTCGGCTAC,,,,1.953846250366387e-05
327,405.0,del,15.0,,-30.0,0.0,5.906598757460872e-06,CCCACACTCGCTGAGGTATTTCGTGCCCCGGTACATGGAAGTCGGCTAC,delCACCGCCGTGTCCCGGCCCGGCCTCGGGGA,CCCACACTCGCTGAGGTATTTCGT------------------------------GCCCCGGTACATGGAAGTCGGCTAC,,,,5.925279731255324e-06
328,222.0,del,0.0,,-15.0,0.0,0.0033608150223805,CCCACACTCGCTGAGGTATTTCGTGCCCGGCCTCGGGGAGCCCCGGTACATGGAAGTCGGCTAC,delCACCGCCGTGTCCCG,CCCACACTCGCTGAGGTATTTCGT---------------GCCCGGCCTCGGGGAGCCCCGGTACATGGAAGTCGGCTAC,131.0,CCCACACTCGCTGAGGTATTTCGTGCCCGGCCTCGGGGAGCCCCGGTACATGGAAGTCGGCTAC,D15_L-16R0,0.0033714443710021217
329,263.0,del,5.0,,-20.0,0.0,0.0001066484862365,CCCACACTCGCTGAGGTATTTCGTGCCTCGGGGAGCCCCGGTACATGGAAGTCGGCTAC,delCACCGCCGTGTCCCGGCCCG,CCCACACTCGCTGAGGTATTTCGT--------------------GCCTCGGGGAGCCCCGGTACATGGAAGTCGGCTAC,,,,0.00010698578654390372
330,365.0,del,12.0,,-27.0,0.0,1.923769625064167e-05,CCCACACTCGCTGAGGTATTTCGTGGAGCCCCGGTACATGGAAGTCGGCTAC,delCACCGCCGTGTCCCGGCCCGGCCTCGG,CCCACACTCGCTGAGGTATTTCGT---------------------------GGAGCCCCGGTACATGGAAGTCGGCTAC,,,,1.9298539878976828e-05
331,256.0,del,4.0,,-19.0,0.0,0.0003081806547422,CCCACACTCGCTGAGGTATTTCGTGGCCTCGGGGAGCCCCGGTACATGGAAGTCGGCTAC,delCACCGCCGTGTCCCGGCCC,CCCACACTCGCTGAGGTATTTCGT-------------------GGCCTCGGGGAGCCCCGGTACATGGAAGTCGGCTAC,,,,0.0003091553467725201
332,351.0,del,11.0,,-26.0,0.0,1.2593182318970084e-05,CCCACACTCGCTGAGGTATTTCGTGGGAGCCCCGGTACATGGAAGTCGGCTAC,delCACCGCCGTGTCCCGGCCCGGCCTCG,CCCACACTCGCTGAGGTATTTCGT--------------------------GGGAGCCCCGGTACATGGAAGTCGGCTAC,,,,1.2633011147463348e-05
333,326.0,del,10.0,,-25.0,0.0,2.170221502757364e-05,CCCACACTCGCTGAGGTATTTCGTGGGGAGCCCCGGTACATGGAAGTCGGCTAC,delCACCGCCGTGTCCCGGCCCGGCCTC,CCCACACTCGCTGAGGTATTTCGT-------------------------GGGGAGCCCCGGTACATGGAAGTCGGCTAC,,,,2.1770853262005858e-05
334,294.0,del,8.0,,-23.0,0.0,2.8328571174633205e-05,CCCACACTCGCTGAGGTATTTCGTTCGGGGAGCCCCGGTACATGGAAGTCGGCTAC,delCACCGCCGTGTCCCGGCCCGGCC,CCCACACTCGCTGAGGTATTTCGT-----------------------TCGGGGAGCCCCGGTACATGGAAGTCGGCTAC,,,,2.841816678074732e-05
335,79.0,del,8.0,,-25.0,1.0,0.0043239212897903,CCCACACTCGCTGAGGTATTTCTCGGGGAGCCCCGGTACATGGAAGTCGGCTAC,delGTCACCGCCGTGTCCCGGCCCGGCC,CCCACACTCGCTGAGGTATTTC-------------------------TCGGGGAGCCCCGGTACATGGAAGTCGGCTAC,127.0,CCCACACTCGCTGAGGTATTTCTCGGGGAGCCCCGGTACATGGAAGTCGGCTAC,D25_L-19C1R8,0.004337596682959984
336,245.0,del,0.0,,-18.0,0.0,0.0015833732661663,CCCACACTCGCTGAGGTATTTGCCCGGCCTCGGGGAGCCCCGGTACATGGAAGTCGGCTAC,delCGTCACCGCCGTGTCCCG,CCCACACTCGCTGAGGTATTT------------------GCCCGGCCTCGGGGAGCCCCGGTACATGGAAGTCGGCTAC,108.0,CCCACACTCGCTGAGGTATTTGCCCGGCCTCGGGGAGCCCCGGTACATGGAAGTCGGCTAC,D18_L-19R0,0.0015883810474134562
337,291.0,del,5.0,,-23.0,0.0,2.8328571174633205e-05,CCCACACTCGCTGAGGTATTTGCCTCGGGGAGCCCCGGTACATGGAAGTCGGCTAC,delCGTCACCGCCGTGTCCCGGCCCG,CCCACACTCGCTGAGGTATTT-----------------------GCCTCGGGGAGCCCCGGTACATGGAAGTCGGCTAC,,,,2.841816678074732e-05
338,404.0,del,12.0,,-30.0,0.0,5.906598757460872e-06,CCCACACTCGCTGAGGTATTTGGAGCCCCGGTACATGGAAGTCGGCTAC,delCGTCACCGCCGTGTCCCGGCCCGGCCTCGG,CCCACACTCGCTGAGGTATTT------------------------------GGAGCCCCGGTACATGGAAGTCGGCTAC,,,,5.925279731255324e-06
339,279.0,del,4.0,,-22.0,0.0,9.700513750183068e-05,CCCACACTCGCTGAGGTATTTGGCCTCGGGGAGCCCCGGTACATGGAAGTCGGCTAC,delCGTCACCGCCGTGTCCCGGCCC,CCCACACTCGCTGAGGTATTT----------------------GGCCTCGGGGAGCCCCGGTACATGGAAGTCGGCTAC,,,,9.731193850626827e-05
340,389.0,del,11.0,,-29.0,0.0,1.264042188426168e-05,CCCACACTCGCTGAGGTATTTGGGAGCCCCGGTACATGGAAGTCGGCTAC,delCGTCACCGCCGTGTCCCGGCCCGGCCTCG,CCCACACTCGCTGAGGTATTT-----------------------------GGGAGCCCCGGTACATGGAAGTCGGCTAC,,,,1.2680400118718933e-05
341,378.0,del,10.0,,-28.0,0.0,1.9476862457325217e-05,CCCACACTCGCTGAGGTATTTGGGGAGCCCCGGTACATGGAAGTCGGCTAC,delCGTCACCGCCGTGTCCCGGCCCGGCCTC,CCCACACTCGCTGAGGTATTT----------------------------GGGGAGCCCCGGTACATGGAAGTCGGCTAC,,,,1.953846250366387e-05
342,348.0,del,8.0,,-26.0,0.0,1.2593182318970084e-05,CCCACACTCGCTGAGGTATTTTCGGGGAGCCCCGGTACATGGAAGTCGGCTAC,delCGTCACCGCCGTGTCCCGGCCCGGCC,CCCACACTCGCTGAGGTATTT--------------------------TCGGGGAGCCCCGGTACATGGAAGTCGGCTAC,,,,1.2633011147463348e-05
343,287.0,del,1.0,,-23.0,0.0,2.8328571174633205e-05,CCCACACTCGCTGAGGTCCCGGCCTCGGGGAGCCCCGGTACATGGAAGTCGGCTAC,delATTTCGTCACCGCCGTGTCCCGG,CCCACACTCGCTGAGGT-----------------------CCCGGCCTCGGGGAGCCCCGGTACATGGAAGTCGGCTAC,,,,2.841816678074732e-05
344,304.0,del,2.0,,-24.0,0.0,3.529819329835266e-05,CCCACACTCGCTGAGGTCCGGCCTCGGGGAGCCCCGGTACATGGAAGTCGGCTAC,delATTTCGTCACCGCCGTGTCCCGGC,CCCACACTCGCTGAGGT------------------------CCGGCCTCGGGGAGCCCCGGTACATGGAAGTCGGCTAC,,,,3.540983193355961e-05
345,376.0,del,6.0,,-28.0,0.0,1.9476862457325217e-05,CCCACACTCGCTGAGGTCCTCGGGGAGCCCCGGTACATGGAAGTCGGCTAC,delATTTCGTCACCGCCGTGTCCCGGCCCGG,CCCACACTCGCTGAGGT----------------------------CCTCGGGGAGCCCCGGTACATGGAAGTCGGCTAC,,,,1.953846250366387e-05
346,321.0,del,3.0,,-25.0,0.0,2.170221502757364e-05,CCCACACTCGCTGAGGTCGGCCTCGGGGAGCCCCGGTACATGGAAGTCGGCTAC,delATTTCGTCACCGCCGTGTCCCGGCC,CCCACACTCGCTGAGGT-------------------------CGGCCTCGGGGAGCCCCGGTACATGGAAGTCGGCTAC,,,,2.1770853262005858e-05
347,387.0,del,7.0,,-29.0,0.0,1.264042188426168e-05,CCCACACTCGCTGAGGTCTCGGGGAGCCCCGGTACATGGAAGTCGGCTAC,delATTTCGTCACCGCCGTGTCCCGGCCCGGC,CCCACACTCGCTGAGGT-----------------------------CTCGGGGAGCCCCGGTACATGGAAGTCGGCTAC,166.0,CCCACACTCGCTGAGGTCTCGGGGAGCCCCGGTACATGGAAGTCGGCTAC,D29_L-23R7,1.2680400118718933e-05
348,275.0,del,0.0,,-22.0,0.0,0.0008730462375164,CCCACACTCGCTGAGGTGCCCGGCCTCGGGGAGCCCCGGTACATGGAAGTCGGCTAC,delATTTCGTCACCGCCGTGTCCCG,CCCACACTCGCTGAGGT----------------------GCCCGGCCTCGGGGAGCCCCGGTACATGGAAGTCGGCTAC,136.0,CCCACACTCGCTGAGGTGCCCGGCCTCGGGGAGCCCCGGTACATGGAAGTCGGCTAC,D22_L-23R0,0.0008758074465563381
349,362.0,del,5.0,,-27.0,0.0,1.923769625064167e-05,CCCACACTCGCTGAGGTGCCTCGGGGAGCCCCGGTACATGGAAGTCGGCTAC,delATTTCGTCACCGCCGTGTCCCGGCCCG,CCCACACTCGCTGAGGT---------------------------GCCTCGGGGAGCCCCGGTACATGGAAGTCGGCTAC,,,,1.9298539878976828e-05
350,344.0,del,4.0,,-26.0,0.0,1.2593182318970084e-05,CCCACACTCGCTGAGGTGGCCTCGGGGAGCCCCGGTACATGGAAGTCGGCTAC,delATTTCGTCACCGCCGTGTCCCGGCCC,CCCACACTCGCTGAGGT--------------------------GGCCTCGGGGAGCCCCGGTACATGGAAGTCGGCTAC,,,,1.2633011147463348e-05
351,400.0,del,8.0,,-30.0,0.0,5.906598757460872e-06,CCCACACTCGCTGAGGTTCGGGGAGCCCCGGTACATGGAAGTCGGCTAC,delATTTCGTCACCGCCGTGTCCCGGCCCGGCC,CCCACACTCGCTGAGGT------------------------------TCGGGGAGCCCCGGTACATGGAAGTCGGCTAC,,,,5.925279731255324e-06
352,84.0,del,1.0,,-27.0,1.0,0.002622590832442,CCCACACTCGCTGCCCGGCCTCGGGGAGCCCCGGTACATGGAAGTCGGCTAC,delAGGTATTTCGTCACCGCCGTGTCCCGG,CCCACACTCGCTG---------------------------CCCGGCCTCGGGGAGCCCCGGTACATGGAAGTCGGCTAC,62.0,CCCACACTCGCTGCCCGGCCTCGGGGAGCCCCGGTACATGGAAGTCGGCTAC,D27_L-28C1R1,0.002630885377683038
353,374.0,del,2.0,,-28.0,0.0,1.9476862457325217e-05,CCCACACTCGCTGCCGGCCTCGGGGAGCCCCGGTACATGGAAGTCGGCTAC,delAGGTATTTCGTCACCGCCGTGTCCCGGC,CCCACACTCGCTG----------------------------CCGGCCTCGGGGAGCCCCGGTACATGGAAGTCGGCTAC,,,,1.953846250366387e-05
354,386.0,del,3.0,,-29.0,0.0,1.264042188426168e-05,CCCACACTCGCTGCGGCCTCGGGGAGCCCCGGTACATGGAAGTCGGCTAC,delAGGTATTTCGTCACCGCCGTGTCCCGGCC,CCCACACTCGCTG-----------------------------CGGCCTCGGGGAGCCCCGGTACATGGAAGTCGGCTAC,,,,1.2680400118718933e-05
355,339.0,del,0.0,,-26.0,0.0,0.0002140840994224,CCCACACTCGCTGGCCCGGCCTCGGGGAGCCCCGGTACATGGAAGTCGGCTAC,delAGGTATTTCGTCACCGCCGTGTCCCG,CCCACACTCGCTG--------------------------GCCCGGCCTCGGGGAGCCCCGGTACATGGAAGTCGGCTAC,120.0,CCCACACTCGCTGGCCCGGCCTCGGGGAGCCCCGGTACATGGAAGTCGGCTAC,D26_L-28C1R0,0.00021476118950678515
356,398.0,del,4.0,,-30.0,0.0,5.906598757460872e-06,CCCACACTCGCTGGGCCTCGGGGAGCCCCGGTACATGGAAGTCGGCTAC,delAGGTATTTCGTCACCGCCGTGTCCCGGCCC,CCCACACTCGCTG------------------------------GGCCTCGGGGAGCCCCGGTACATGGAAGTCGGCTAC,,,,5.925279731255324e-06
357,383.0,del,0.0,,-29.0,0.0,0.0001516850626111,CCCACACTCGGCCCGGCCTCGGGGAGCCCCGGTACATGGAAGTCGGCTAC,delCTGAGGTATTTCGTCACCGCCGTGTCCCG,CCCACACTCG-----------------------------GCCCGGCCTCGGGGAGCCCCGGTACATGGAAGTCGGCTAC,111.0,CCCACACTCGGCCCGGCCTCGGGGAGCCCCGGTACATGGAAGTCGGCTAC,D29_L-32C2R0,0.00015216480142458692
