folder,gDNA,SampleType,count,species
mAdam6_20220816M,ACTTGGCGTTACATCTCAT,Clonal,,mouse
mAdam6_20220803M,ACTTGGCGTTACATCTCAT,Clonal,,mouse
mAdam6_20220816R,ACTTGGCGTTACATCTCAT,Clonal,,mouse
mAdam6_20220803R,ACTTGGCGTTACATCTCAT,Clonal,,mouse
mAdgre1_20240513,AATATATTTAAAAGCAAGAA,Bulk,21.0,mouse
mAdgre1_20240601,AATATATTTAAAAGCAAGAA,Bulk,21.0,mouse
mCTNNB1_20220608,TTTAGCAGTTTTGTCAGCTC,Clonal,,mouse
mCTNNB1_20220621,TTTAGCAGTTTTGTCAGCTC,Clonal,,mouse
mCTNNB1_20220628,TTTAGCAGTTTTGTCAGCTC,Clonal,,mouse
mDcbld2_2024,ACAAGTACATACCTGAACTC,Bulk,30.0,mouse
mDIRK_2024,GACAGATGGGGGTGTCGTTT,Bulk,30.0,mouse
mELF5_20220621,TCTGATGGACACCGGACACC,Clonal,,mouse
mEPHA2_20240425,TGAAATAGCCTTCTTCACAC,Bulk,19.0,mouse
mEPHA2_20240730,TGAAATAGCCTTCTTCACAC,Clonal,,mouse
mFAH_20240428,ATCTCTGAGCCGGGCTTGGC,Bulk,20.0,mouse
mGM-sg1_20240911,ACTTCACCAAATAAAGAGAA,Bulk,35.0,mouse
mGM-sg2_20240911,ATGACTTCTTAATAGGTTCC,Bulk,42.0,mouse
mH2AB1-sg1_20220516,CGAGTACTGGAACAGCCAGC,Clonal,,mouse
mH2AB1-sg1_20220628,CGAGTACTGGAACAGCCAGC,Clonal,,mouse
mH2AB1-sg1_20240513,CGAGTACTGGAACAGCCAGC,Bulk,16.0,mouse
mH2AB1-sg1_20220412F,CGAGTACTGGAACAGCCAGC,Clonal,,mouse
mH2AB1-sg1_20220412R,CGAGTACTGGAACAGCCAGC,Clonal,,mouse
mH2AB1-sg2_20220516,AGGCAAAGGGCAGAGGGCAG,Clonal,,mouse
mH2D1-sg1_20220504,GGGGCTCCTCGAGGCCGGGC,Clonal,,mouse
mH2D1-sg1_20220516,GGGGCTCCTCGAGGCCGGGC,Clonal,,mouse
mH2D1-sg1_20220628s1,GGGGCTCCTCGAGGCCGGGC,Clonal,,mouse
mH2D1-sg1_20220628s2,GGGGCTCCTCGAGGCCGGGC,Clonal,,mouse
mH2D1-sg1_20220412F,GGGGCTCCTCGAGGCCGGGC,Clonal,,mouse
mH2D1-sg1_20220412R,GGGGCTCCTCGAGGCCGGGC,Clonal,,mouse
mH2D1-sg2_20240613,GAACCACTGCTCTTGGCCCT,Bulk,19.0,mouse
mH2D1-sg2_20220412F,GAACCACTGCTCTTGGCCCT,Clonal,,mouse
mH2D1-sg2_20220412R,GAACCACTGCTCTTGGCCCT,Clonal,,mouse
mH2K1-sg2_20220504,GTCACCGCCGTGTCCCGGCC,Clonal,,mouse
mH2K1-sg2_20220614,GTCACCGCCGTGTCCCGGCC,Clonal,,mouse
mH2K1-sg3_20220504,GAGCCCCAGCCCGAGGGCAG,Clonal,,mouse
mH2K1-sg3_20220614,GAGCCCCAGCCCGAGGGCAG,Clonal,,mouse
mHV5-sg2_20240428,TTGGTGGAGTCCCTGGATGA,Bulk,21.0,mouse
mHV5-sg6_20240428,TTCTCTCAGCCGGCTCCCTC,Bulk,21.0,mouse
mHV5-sg6_20240601,TTCTCTCAGCCGGCTCCCTC,Bulk,23.0,mouse
mHV5-sg7_20240428,TGTGGGGTTCAGGTGGCCTA,Bulk,17.0,mouse
mIL2rg_20231112,GAGCAGCTGAAGGACTAAGA,Clonal,,mouse
mIL5_20240428,TTCTGACTCTCAGCTGTGTC,Bulk,19.0,mouse
mIL6_20240428,TCCTCTCTGCAAGTAAGTGA,Bulk,16.0,mouse
mIL6_20240601,TCCTCTCTGCAAGTAAGTGA,Bulk,16.0,mouse
mIL7_20240428,CTCCCGCAGACCATGTTCCA,Bulk,19.0,mouse
mKat2a_20220608,CTGCCTTAACTACTGGAAGC,Clonal,,mouse
mKat2a_20220621,CTGCCTTAACTACTGGAAGC,Clonal,,mouse
mKat2a_20220628,CTGCCTTAACTACTGGAAGC,Clonal,,mouse
mKif27_20240513,GAAAATAGCGTGGGATCTAC,Bulk,17.0,mouse
mKif27_20240601,GAAAATAGCGTGGGATCTAC,Bulk,17.0,mouse
mMettl14-sg1_20220516,ACATCCCTGATGAAATTCTG,Clonal,,mouse
mMettl14-sg1_20220607,ACATCCCTGATGAAATTCTG,Clonal,,mouse
mMettl14-sg2_20220526,AAATAGCAAAGATGAACAGA,Clonal,,mouse
mMettl14-sg2_20220607,AAATAGCAAAGATGAACAGA,Clonal,,mouse
mMrgpra_20240602,CCAATGGACGAAACCCTCCC,Clonal,,mouse
mMTAP_20240428,GCGTTTGAAGCTACAGCTCA,Bulk,22.0,mouse
mPDL1_20231112,GACGTCAAGCTGCAGGACGC,Clonal,,mouse
mRag1_20231112,TGTGTGGGGGTGCCACTCCA,Clonal,,mouse
mRagKO-sg1-4--0375_20240425,TCATGCAAGGCAGGGGCTCC,Clonal,,mouse
mSlc7a10_20240906,GCCCTCTTCGTCTGGGTCCT,Bulk,35.0,mouse
mSorl1_20240911,TCTCTAGCAGTGCTGGAGCC,Bulk,97.0,mouse
mSRY_20240513,TTTGCATGCTGGGATTCTGC,Bulk,33.0,mouse
mSRY_20240601,TTTGCATGCTGGGATTCTGC,Bulk,33.0,mouse
mSTK4-sg2_20240722s1,GTTTTGGAGATGATTGGAGA,Bulk,29.0,mouse
mSTK4-sg2_20240722s2,GTTTTGGAGATGATTGGAGA,Clonal,,mouse
mSTK4-sg3_20240722,CAGTTTGGGGATGAACTTCA,Clonal,,mouse
mTPO_20240428,TCATTCTAGAGCTGAAGTGG,Bulk,18.0,mouse
mTPO_20240601,TCATTCTAGAGCTGAAGTGG,Bulk,18.0,mouse
mULK4-sg2_20240722,GTTTTCGTCCTGAGCAATCA,Clonal,,mouse
cGHR_20241127,CAGTTCAGGTGAACGGCACT,Bulk,30.0,cattle
cPRDM14_20241127F,GCCACCGTCGCTCCGGCCGG,Bulk,30.0,cattle
cPRDM14_20241127R,GCCACCGTCGCTCCGGCCGG,Bulk,30.0,cattle
cRAG2_20241127,TCTTCTTTGGCCAAAAAGGC,Bulk,30.0,cattle
mCD44_20241211,CAACTTCATTTGGTCCATGG,Bulk,20.0,mouse
mCD44_20241217,CAACTTCATTTGGTCCATGG,Clonal,8.0,mouse
mCD44_20250110,CAACTTCATTTGGTCCATGG,Clonal,16.0,mouse
mHCAR2_20241211,AACAGAAAATCCACAAGGCA,Bulk,20.0,mouse
mHCAR2_20250110,AACAGAAAATCCACAAGGCA,Clonal,24.0,mouse
mMMRN1_20241211,AGAAGCTGAAGCGGGGTTCG,Clonal,7.0,mouse
mNAT2_20241217,GTACTGGGCTCTGACCAAAC,Clonal,4.0,mouse
mNAT2_20241127F,GTACTGGGCTCTGACCAAAC,Bulk,35.0,mouse
mNAT2_20241127R,GTACTGGGCTCTGACCAAAC,Bulk,35.0,mouse
mRNASE1_20241211,GTGCTGCAGATTCCCTGCCC,Bulk,20.0,mouse
mSlc7a10_20241127,GCCCTCTTCGTCTGGGTCCT,Bulk,35.0,mouse
mSlc7a10_20250110,GCCCTCTTCGTCTGGGTCCT,Clonal,18.0,mouse
mSRY_20241219,TTTGCATGCTGGGATTCTGC,Bulk,15.0,mouse
mSRY_20250110,TTTGCATGCTGGGATTCTGC,Clonal,5.0,mouse
mSTARD10_20241211,GTCAGCGTTGACAGTCAAGC,Bulk,12.0,mouse
mSTARD10_20241217,GTCAGCGTTGACAGTCAAGC,Clonal,14.0,mouse
mSTARD10_20250110,GTCAGCGTTGACAGTCAAGC,Clonal,6.0,mouse
pAPN_20241213F,GGGCATCCTCCTCGGCGTGG,Bulk,25.0,porcine
pAPN_20241213R,GGGCATCCTCCTCGGCGTGG,Bulk,25.0,porcine
pCD163_20241213,GGACTGCAAACATGATGGAT,Bulk,25.0,porcine
pGHR_20241213R,TAGTTCAGGTGAACGGCACT,Bulk,25.0,porcine
pGHR_20241213F,TAGTTCAGGTGAACGGCACT,Bulk,25.0,porcine
pPRDM14_20241213F,TGCAAGCGGGCTGGGTGCTG,Bulk,25.0,porcine
pPRDM14_20241213R,TGCAAGCGGGCTGGGTGCTG,Bulk,25.0,porcine
sSOCS2-sg83_20240812F,GTCTTAACAGATATTGTTAGT,Clonal,,sheep
sSOCS2-sg83_20240812R,GTCTTAACAGATATTGTTAGT,Clonal,,sheep
sSOCS2-sg96_20240812F,GTATTCGATGCGAAGATTAGT,Clonal,,sheep
sSOCS2-sg96_20240812R,GTATTCGATGCGAAGATTAGT,Clonal,,sheep
mFABP4_20250417F,GTGATGCCTTTGTGGGAACC,Clonal,,mouse
mFABP4_20250417R,GTGATGCCTTTGTGGGAACC,Clonal,,mouse
mFABP4_20250418F,GTGATGCCTTTGTGGGAACC,Clonal,,mouse
mFABP4_20250418R,GTGATGCCTTTGTGGGAACC,Clonal,,mouse
mCD74_20250417,TCTGCAGAGGTCTGGACCCC,Bulk,25.0,mouse
mTTN-sg7_20250417,CACATGGATGGAGCTGTGTG,Clonal,,mouse
mTTN-sg9_20250417F,GAATTTGAAATCATTCCCCA,Clonal,,mouse
mTTN-sg9_20250417R,GAATTTGAAATCATTCCCCA,Clonal,,mouse
mIL21R_20250417F,CTGGACCATCACCTGTGTCC,Clonal,,mouse
mIL21R_20250417R,CTGGACCATCACCTGTGTCC,Clonal,,mouse
mHSP90_20250417s1,CCAGTTTACTGGGGTCCGTC,Clonal,,mouse
mHSP90_20250417s2,CCAGTTTACTGGGGTCCGTC,Clonal,,mouse
mHSP90_20250417s3,CCAGTTTACTGGGGTCCGTC,Clonal,,mouse
mGpbar1_20250602,CTTAGGAAGAAGCAGCCAGC,Clonal,,mouse
gGHR_20250528,GTCCTACAGGTATGGATCTC,Bulk,25.0,mouse
gPRDM14_20250528,GCCACCGTCGCTCCGGCCGG,Bulk,25.0,mouse
gPRDM1_20250528,GAAGGAGGCGCTTTGGTCGG,Bulk,25.0,mouse
