folder,gDNA,SampleType,count,species,guide,date,seq,duplicate
mAdam6_20220816M,ACTTGGCGTTACATCTCAT,Clonal,0,mouse,mAdam6,20220816M,TCTGGTGTTCTCAAGGCCATCCCACTTGGCGTTACATCTCATCGGAGGTGGTTATTCCTCGGAAGGAGATCTACCATAC,1
mAdam6_20220803M,ACTTGGCGTTACATCTCAT,Clonal,0,mouse,mAdam6,20220803M,TCTGGTGTTCTCAAGGCCATCCCACTTGGCGTTACATCTCATCGGAGGTGGTTATTCCTCGGAAGGAGATCTACCATAC,1
mAdam6_20220816R,ACTTGGCGTTACATCTCAT,Clonal,0,mouse,mAdam6,20220816R,TCTGGTGTTCTCAAGGCCATCCCACTTGGCGTTACATCTCATCGGAGGTGGTTATTCCTCGGAAGGAGATCTACCATAC,1
mAdam6_20220803R,ACTTGGCGTTACATCTCAT,Clonal,0,mouse,mAdam6,20220803R,TCTGGTGTTCTCAAGGCCATCCCACTTGGCGTTACATCTCATCGGAGGTGGTTATTCCTCGGAAGGAGATCTACCATAC,1
mAdgre1_20240513,AATATATTTAAAAGCAAGAA,Bulk,21,mouse,mAdgre1,20240513,CAATCTTCAGACATTGTTCCATAATATATTTAAAAGCAAGAAAGGATGTTAACCCTGAAAAAGACAAAAGGGAATGACC,0
mAdgre1_20240601,AATATATTTAAAAGCAAGAA,Bulk,21,mouse,mAdgre1,20240601,CAATCTTCAGACATTGTTCCATAATATATTTAAAAGCAAGAAAGGATGTTAACCCTGAAAAAGACAAAAGGGAATGACC,0
mCTNNB1_20220608,TTTAGCAGTTTTGTCAGCTC,Clonal,0,mouse,mCTNNB1,20220608,ACTGCTTACCTGGTCCTCATCGTTTAGCAGTTTTGTCAGCTCAGGAATTGCACGTGTGGCAAGTTCCGCGTCATCCTGA,0
mCTNNB1_20220621,TTTAGCAGTTTTGTCAGCTC,Clonal,0,mouse,mCTNNB1,20220621,ACTGCTTACCTGGTCCTCATCGTTTAGCAGTTTTGTCAGCTCAGGAATTGCACGTGTGGCAAGTTCCGCGTCATCCTGA,0
mCTNNB1_20220628,TTTAGCAGTTTTGTCAGCTC,Clonal,0,mouse,mCTNNB1,20220628,ACTGCTTACCTGGTCCTCATCGTTTAGCAGTTTTGTCAGCTCAGGAATTGCACGTGTGGCAAGTTCCGCGTCATCCTGA,0
mDcbld2_2024,ACAAGTACATACCTGAACTC,Bulk,30,mouse,mDcbld2,2024,ACAGACACAAACACACACACACACAAGTACATACCTGAACTCTGGTTCCAAAAAATTAGATACAGTATCCAAACAAGTG,0
mDIRK_2024,GACAGATGGGGGTGTCGTTT,Bulk,30,mouse,mDIRK,2024,CAGATCCAGGGGCCAGTGGATAGACAGATGGGGGTGTCGTTTTGGCTACAAGAAAAAGTATATGTGATTACACTGTCAG,0
mELF5_20220621,TCTGATGGACACCGGACACC,Clonal,0,mouse,mELF5,20220621,CACGGGTGGCAGGAAGAGAAACTCTGATGGACACCGGACACCAGGCTCATTTGATGGATTTCTGTTGTTGGAAACAATC,0
mEPHA2_20240425,TGAAATAGCCTTCTTCACAC,Bulk,19,mouse,mEPHA2,20240425,GACAGTGGGTCCTCAGGTGCCCTGAAATAGCCTTCTTCACACTGGCAGGAGGTGGCACCCTCTGTGGATGGCAGGGTAT,0
mEPHA2_20240730,TGAAATAGCCTTCTTCACAC,Clonal,0,mouse,mEPHA2,20240730,GACAGTGGGTCCTCAGGTGCCCTGAAATAGCCTTCTTCACACTGGCAGGAGGTGGCACCCTCTGTGGATGGCAGGGTAT,0
mFAH_20240428,ATCTCTGAGCCGGGCTTGGC,Bulk,20,mouse,mFAH,20240428,ACCGCTGCCGAAGCTCCTTGTCATCTCTGAGCCGGGCTTGGCTGGCAGACAGTAAGTTCTGTAAGGATGCTCTTGCCTC,0
mGM-sg1_20240911,ACTTCACCAAATAAAGAGAA,Bulk,35,mouse,mGM-sg1,20240911,TAGACACTGTCAATTCCGTCATACTTCACCAAATAAAGAGAAGGGTTTGTTGGCAGTTGACCTAGAATGATGGCCTTCC,0
mGM-sg2_20240911,ATGACTTCTTAATAGGTTCC,Bulk,42,mouse,mGM-sg2,20240911,GAGGCGAGATCAGGTGATGACAATGACTTCTTAATAGGTTCCTGGGTGCAGTACACCAGAGATGATGGATCCAAAAAGT,0
mH2AB1-sg1_20220516,CGAGTACTGGAACAGCCAGC,Clonal,0,mouse,mH2AB1-sg1,20220516,CCGAGCTGGGGCGGCCAGACGCCGAGTACTGGAACAGCCAGCCGGAGATCCTGGAGCGAACGCGGGCCGAGCTGGACAC,0
mH2AB1-sg1_20220628,CGAGTACTGGAACAGCCAGC,Clonal,0,mouse,mH2AB1-sg1,20220628,CCGAGCTGGGGCGGCCAGACGCCGAGTACTGGAACAGCCAGCCGGAGATCCTGGAGCGAACGCGGGCCGAGCTGGACAC,0
mH2AB1-sg1_20240513,CGAGTACTGGAACAGCCAGC,Bulk,16,mouse,mH2AB1-sg1,20240513,CCGAGCTGGGGCGGCCAGACGCCGAGTACTGGAACAGCCAGCCGGAGATCCTGGAGCGAACGCGGGCCGAGCTGGACAC,0
mH2AB1-sg1_20220412F,CGAGTACTGGAACAGCCAGC,Clonal,0,mouse,mH2AB1-sg1,20220412F,CCGAGCTGGGGCGGCCAGACGCCGAGTACTGGAACAGCCAGCCGGAGATCCTGGAGCGAACGCGGGCCGAGCTGGACAC,1
mH2AB1-sg1_20220412R,CGAGTACTGGAACAGCCAGC,Clonal,0,mouse,mH2AB1-sg1,20220412R,CCGAGCTGGGGCGGCCAGACGCCGAGTACTGGAACAGCCAGCCGGAGATCCTGGAGCGAACGCGGGCCGAGCTGGACAC,1
mH2AB1-sg2_20220516,AGGCAAAGGGCAGAGGGCAG,Clonal,0,mouse,mH2AB1-sg2,20220516,CAGAGGGCAGCTGGGCCTCATGAGGCAAAGGGCAGAGGGCAGAGGTGAGACAGGAGGGAGACTCCAAGGAGGCGCTAGG,0
mH2D1-sg1_20220504,GGGGCTCCTCGAGGCCGGGC,Clonal,0,mouse,mH2D1-sg1,20220504,ACATAGCCGACAGAGATGTACCGGGGCTCCTCGAGGCCGGGCCGGGACACGGCGGTCTCGAAATACCGCATCGAGTGTG,0
mH2D1-sg1_20220516,GGGGCTCCTCGAGGCCGGGC,Clonal,0,mouse,mH2D1-sg1,20220516,ACATAGCCGACAGAGATGTACCGGGGCTCCTCGAGGCCGGGCCGGGACACGGCGGTCTCGAAATACCGCATCGAGTGTG,0
mH2D1-sg1_20220628s1,GGGGCTCCTCGAGGCCGGGC,Clonal,0,mouse,mH2D1-sg1,20220628s1,ACATAGCCGACAGAGATGTACCGGGGCTCCTCGAGGCCGGGCCGGGACACGGCGGTCTCGAAATACCGCATCGAGTGTG,0
mH2D1-sg1_20220628s2,GGGGCTCCTCGAGGCCGGGC,Clonal,0,mouse,mH2D1-sg1,20220628s2,ACATAGCCGACAGAGATGTACCGGGGCTCCTCGAGGCCGGGCCGGGACACGGCGGTCTCGAAATACCGCATCGAGTGTG,0
mH2D1-sg1_20220412F,GGGGCTCCTCGAGGCCGGGC,Clonal,0,mouse,mH2D1-sg1,20220412F,ACATAGCCGACAGAGATGTACCGGGGCTCCTCGAGGCCGGGCCGGGACACGGCGGTCTCGAAATACCGCATCGAGTGTG,1
mH2D1-sg1_20220412R,GGGGCTCCTCGAGGCCGGGC,Clonal,0,mouse,mH2D1-sg1,20220412R,ACATAGCCGACAGAGATGTACCGGGGCTCCTCGAGGCCGGGCCGGGACACGGCGGTCTCGAAATACCGCATCGAGTGTG,1
mH2D1-sg2_20240613,GAACCACTGCTCTTGGCCCT,Bulk,19,mouse,mH2D1-sg2,20240613,GCAGGTTCCTCAGGCTCACTCGGAACCACTGCTCTTGGCCCTTGGCTTTCTGTGTTTCCCGCTCCCAATACTCCGGCCC,0
mH2D1-sg2_20220412F,GAACCACTGCTCTTGGCCCT,Clonal,0,mouse,mH2D1-sg2,20220412F,GCAGGTTCCTCAGGCTCACTCGGAACCACTGCTCTTGGCCCTTGGCTTTCTGTGTTTCCCGCTCCCAATACTCCGGCCC,1
mH2D1-sg2_20220412R,GAACCACTGCTCTTGGCCCT,Clonal,0,mouse,mH2D1-sg2,20220412R,GCAGGTTCCTCAGGCTCACTCGGAACCACTGCTCTTGGCCCTTGGCTTTCTGTGTTTCCCGCTCCCAATACTCCGGCCC,1
mH2K1-sg2_20220504,GTCACCGCCGTGTCCCGGCC,Clonal,0,mouse,mH2K1-sg2,20220504,CCCACACTCGCTGAGGTATTTCGTCACCGCCGTGTCCCGGCCCGGCCTCGGGGAGCCCCGGTACATGGAAGTCGGCTAC,0
mH2K1-sg2_20220614,GTCACCGCCGTGTCCCGGCC,Clonal,0,mouse,mH2K1-sg2,20220614,CCCACACTCGCTGAGGTATTTCGTCACCGCCGTGTCCCGGCCCGGCCTCGGGGAGCCCCGGTACATGGAAGTCGGCTAC,0
mH2K1-sg3_20220504,GAGCCCCAGCCCGAGGGCAG,Clonal,0,mouse,mH2K1-sg3,20220504,GGGTTTCTTCTTCCCCAGGACTGAGCCCCAGCCCGAGGGCAGAGGGAGGAGCTGCCCGCGGCCCCTGCACCTGTGCGCA,0
mH2K1-sg3_20220614,GAGCCCCAGCCCGAGGGCAG,Clonal,0,mouse,mH2K1-sg3,20220614,GGGTTTCTTCTTCCCCAGGACTGAGCCCCAGCCCGAGGGCAGAGGGAGGAGCTGCCCGCGGCCCCTGCACCTGTGCGCA,0
mHV5-sg2_20240428,TTGGTGGAGTCCCTGGATGA,Bulk,21,mouse,mHV5-sg2,20240428,ACTAAGAATCTGTGTGATGGTGTTGGTGGAGTCCCTGGATGATGGGATAGGGACTTTGGAGGCTCATTTGAAGAAGATG,0
mHV5-sg6_20240428,TTCTCTCAGCCGGCTCCCTC,Bulk,21,mouse,mHV5-sg6,20240428,CCTAGACAGTTTATTTCCCAACTTCTCTCAGCCGGCTCCCTCAGGGACAAATATCCAAGATTAGTCTGCAATGCTCAGA,0
mHV5-sg6_20240601,TTCTCTCAGCCGGCTCCCTC,Bulk,23,mouse,mHV5-sg6,20240601,CCTAGACAGTTTATTTCCCAACTTCTCTCAGCCGGCTCCCTCAGGGACAAATATCCAAGATTAGTCTGCAATGCTCAGA,0
mHV5-sg7_20240428,TGTGGGGTTCAGGTGGCCTA,Bulk,17,mouse,mHV5-sg7,20240428,GGTGAGTCCTGCATCTGGGGACTGTGGGGTTCAGGTGGCCTAAGGCAGGATGTGGAGAGAGTTTTAGTATAGGAACAGA,0
mIL2rg_20231112,GAGCAGCTGAAGGACTAAGA,Clonal,0,mouse,mIL2rg,20231112,AGCTCCACCCTGCCCTCAGCAGGAGCAGCTGAAGGACTAAGAAGGATCTAGGTGACAATAATAGTTTCAACATGGTGCT,0
mIL5_20240428,TTCTGACTCTCAGCTGTGTC,Bulk,19,mouse,mIL5,20240428,AGGATGCTTCTGCACTTGAGTGTTCTGACTCTCAGCTGTGTCTGGGCCACTGCCATGGAGATTCCCATGAGCACAGTGG,0
mIL6_20240428,TCCTCTCTGCAAGTAAGTGA,Bulk,16,mouse,mIL6,20240428,ATTCCAGAAACCGCTATGAAGTTCCTCTCTGCAAGTAAGTGAAGGCAGTTCCTTGCCCTCTGGCGGAGCTATTGAGACT,0
mIL6_20240601,TCCTCTCTGCAAGTAAGTGA,Bulk,16,mouse,mIL6,20240601,ATTCCAGAAACCGCTATGAAGTTCCTCTCTGCAAGTAAGTGAAGGCAGTTCCTTGCCCTCTGGCGGAGCTATTGAGACT,0
mIL7_20240428,CTCCCGCAGACCATGTTCCA,Bulk,19,mouse,mIL7,20240428,CAGTCATCATGACTACACCCACCTCCCGCAGACCATGTTCCATGGTAAGCGCTGCTCTCTGGTGCGCACAAGTAGGTGC,0
mKat2a_20220608,CTGCCTTAACTACTGGAAGC,Clonal,0,mouse,mKat2a,20220608,AGCTCTCAAAGATGTTCCTGCTCTGCCTTAACTACTGGAAGCTGGAGACCCCTGCTCAATTCCGGCAGCGGTCCCAGTC,0
mKat2a_20220621,CTGCCTTAACTACTGGAAGC,Clonal,0,mouse,mKat2a,20220621,AGCTCTCAAAGATGTTCCTGCTCTGCCTTAACTACTGGAAGCTGGAGACCCCTGCTCAATTCCGGCAGCGGTCCCAGTC,0
mKat2a_20220628,CTGCCTTAACTACTGGAAGC,Clonal,0,mouse,mKat2a,20220628,AGCTCTCAAAGATGTTCCTGCTCTGCCTTAACTACTGGAAGCTGGAGACCCCTGCTCAATTCCGGCAGCGGTCCCAGTC,0
mKif27_20240513,GAAAATAGCGTGGGATCTAC,Bulk,17,mouse,mKif27,20240513,CAACTTGGCACACACTTATTGTGAAAATAGCGTGGGATCTACTGGAGTGCTCGTTCATCTGGGTGGTGCCTGTGTGCCT,0
mKif27_20240601,GAAAATAGCGTGGGATCTAC,Bulk,17,mouse,mKif27,20240601,CAACTTGGCACACACTTATTGTGAAAATAGCGTGGGATCTACTGGAGTGCTCGTTCATCTGGGTGGTGCCTGTGTGCCT,0
mMettl14-sg1_20220516,ACATCCCTGATGAAATTCTG,Clonal,0,mouse,mMettl14-sg1,20220516,TCCAAATAAAGCTGACATACCTACATCCCTGATGAAATTCTGAGGTCTGTGTCCAGTGTCTACAAAATGTTGGCAGTAA,0
mMettl14-sg1_20220607,ACATCCCTGATGAAATTCTG,Clonal,0,mouse,mMettl14-sg1,20220607,TCCAAATAAAGCTGACATACCTACATCCCTGATGAAATTCTGAGGTCTGTGTCCAGTGTCTACAAAATGTTGGCAGTAA,0
mMettl14-sg2_20220526,AAATAGCAAAGATGAACAGA,Clonal,0,mouse,mMettl14-sg2,20220526,CGGATAGCATTGGTGCTGTGTTAAATAGCAAAGATGAACAGAGGGAGATTGCTGAAACCAGAGAAACCTGCAGGTATGC,0
mMettl14-sg2_20220607,AAATAGCAAAGATGAACAGA,Clonal,0,mouse,mMettl14-sg2,20220607,CGGATAGCATTGGTGCTGTGTTAAATAGCAAAGATGAACAGAGGGAGATTGCTGAAACCAGAGAAACCTGCAGGTATGC,0
mMrgpra_20240602,CCAATGGACGAAACCCTCCC,Clonal,0,mouse,mMrgpra,20240602,AACAGCACCAGTGACAACAAATCCAATGGACGAAACCCTCCCTGGAAGTATCAACATTAGGATTCTGATCCCAAAATTG,0
mMTAP_20240428,GCGTTTGAAGCTACAGCTCA,Bulk,22,mouse,mMTAP,20240428,ACAACAGACTGGTAGGAACTTGGCGTTTGAAGCTACAGCTCAGGGAAAGGAGTTTAGATTTCTAATGATCGACATTATC,0
mPDL1_20231112,GACGTCAAGCTGCAGGACGC,Clonal,0,mouse,mPDL1,20231112,AAATGCTGCCCTTCAGATCACAGACGTCAAGCTGCAGGACGCAGGCGTTTACTGCTGCATAATCAGCTACGGTGGTGCG,0
mRag1_20231112,TGTGTGGGGGTGCCACTCCA,Clonal,0,mouse,mRag1,20231112,TAAAACAGATGTCACAGGACGGTGTGTGGGGGTGCCACTCCACGGTCACTTTCCTTGGGAAGTAGACCTGACTGTGGGA,0
mRagKO-sg1-4--0375_20240425,TCATGCAAGGCAGGGGCTCC,Clonal,0,mouse,mRagKO-sg1-4--0375,20240425,CAAGCTGATGAATTAGAGGCCATCATGCAAGGCAGGGGCTCCGGGCTTCAACCAGCTGTTTGCTTGGCCATCCGTGTCA,0
mSlc7a10_20240906,GCCCTCTTCGTCTGGGTCCT,Bulk,35,mouse,mSlc7a10,20240906,ACACTCGGGCTCCGTGGGTTTGGCCCTCTTCGTCTGGGTCCTGGGTGGGGGCGTGACAGCTCTGGGCTCTCTCTGCTAT,0
mSorl1_20240911,TCTCTAGCAGTGCTGGAGCC,Bulk,97,mouse,mSorl1,20240911,GCCAGCAAGACCAATGTGTACATCTCTAGCAGTGCTGGAGCCAGGTGGAGAGAGGTCAGTTCCTGGTCCCGGAGCTTTT,0
mSRY_20240513,TTTGCATGCTGGGATTCTGC,Bulk,33,mouse,mSRY,20240513,AGCTGCTTGCTGATCTCTGTATTTTGCATGCTGGGATTCTGCTGGGCCAACTTGTGCCTCTCACCACGGGACCACACCA,0
mSRY_20240601,TTTGCATGCTGGGATTCTGC,Bulk,33,mouse,mSRY,20240601,AGCTGCTTGCTGATCTCTGTATTTTGCATGCTGGGATTCTGCTGGGCCAACTTGTGCCTCTCACCACGGGACCACACCA,0
mSTK4-sg2_20240722s1,GTTTTGGAGATGATTGGAGA,Bulk,29,mouse,mSTK4-sg2,20240722s1,CCTTGCCATGGAAAAGTACCACGTTTTGGAGATGATTGGAGAAGGCTCTTTTGGGAGAGTGTATAAGGGCCGAAAAAAA,0
mSTK4-sg2_20240722s2,GTTTTGGAGATGATTGGAGA,Clonal,0,mouse,mSTK4-sg2,20240722s2,CCTTGCCATGGAAAAGTACCACGTTTTGGAGATGATTGGAGAAGGCTCTTTTGGGAGAGTGTATAAGGGCCGAAAAAAA,0
mSTK4-sg3_20240722,CAGTTTGGGGATGAACTTCA,Clonal,0,mouse,mSTK4-sg3,20240722,TCAGCTCTTTCTCTGAGCGCCCCAGTTTGGGGATGAACTTCAAGGCCACCACCTGCCAGTGGTAAAGTGAAGAGTCAAG,0
mTPO_20240428,TCATTCTAGAGCTGAAGTGG,Bulk,18,mouse,mTPO,20240428,ATTGCCATAGCTCCAAGTGTTCTCATTCTAGAGCTGAAGTGGTGGAAGAGATAATCAGATAGTCAGCAGAGTACTGTGG,0
mTPO_20240601,TCATTCTAGAGCTGAAGTGG,Bulk,18,mouse,mTPO,20240601,ATTGCCATAGCTCCAAGTGTTCTCATTCTAGAGCTGAAGTGGTGGAAGAGATAATCAGATAGTCAGCAGAGTACTGTGG,0
mULK4-sg2_20240722,GTTTTCGTCCTGAGCAATCA,Clonal,0,mouse,mULK4-sg2,20240722,CTCTCACGACATCTTCTGGGAGGTTTTCGTCCTGAGCAATCACGGTTTCTAGAGAACCACCTACAGGAATTGAGCTCGG,0
cGHR_20241127,CAGTTCAGGTGAACGGCACT,Bulk,30,cattle,cGHR,20241127,TCCAGTGACATGAGAAAGTCTCCAGTTCAGGTGAACGGCACTTGGTGAATTTAGGATTCCCAGAAGAATCTGCAGAGTA,0
cPRDM14_20241127F,GCCACCGTCGCTCCGGCCGG,Bulk,30,cattle,cPRDM14,20241127F,AAATCTCAGGTCCCCAACACTGGCCACCGTCGCTCCGGCCGGCGGTGTGTGCCAAGTCCTCGCTGGCGGCGCCGGTAAA,1
cPRDM14_20241127R,GCCACCGTCGCTCCGGCCGG,Bulk,30,cattle,cPRDM14,20241127R,AAATCTCAGGTCCCCAACACTGGCCACCGTCGCTCCGGCCGGCGGTGTGTGCCAAGTCCTCGCTGGCGGCGCCGGTAAA,1
cRAG2_20241127,TCTTCTTTGGCCAAAAAGGC,Bulk,30,cattle,cRAG2,20241127,ATGAATTTTGATGGGCAAGTTTTCTTCTTTGGCCAAAAAGGCTGGCCCAAGAGGTCTTGCCCCACTGGAGTTTTCCATT,0
mCD44_20241211,CAACTTCATTTGGTCCATGG,Bulk,20,mouse,mCD44,20241211,TTTCAAAACCCTTGCTCAGGGCCAACTTCATTTGGTCCATGGTGGGTAAGGTACTGTTGAAAGCCTGGCAGAGGTCAGC,0
mCD44_20241217,CAACTTCATTTGGTCCATGG,Clonal,8,mouse,mCD44,20241217,TTTCAAAACCCTTGCTCAGGGCCAACTTCATTTGGTCCATGGTGGGTAAGGTACTGTTGAAAGCCTGGCAGAGGTCAGC,0
mCD44_20250110,CAACTTCATTTGGTCCATGG,Clonal,16,mouse,mCD44,20250110,TTTCAAAACCCTTGCTCAGGGCCAACTTCATTTGGTCCATGGTGGGTAAGGTACTGTTGAAAGCCTGGCAGAGGTCAGC,0
mHCAR2_20241211,AACAGAAAATCCACAAGGCA,Bulk,20,mouse,mHCAR2,20241211,GATTTCCAGGACTTGAGGTGGAAACAGAAAATCCACAAGGCAAGGCCATTGCCCAGGAGTCCGAACACAAATTCCAGCC,0
mHCAR2_20250110,AACAGAAAATCCACAAGGCA,Clonal,24,mouse,mHCAR2,20250110,GATTTCCAGGACTTGAGGTGGAAACAGAAAATCCACAAGGCAAGGCCATTGCCCAGGAGTCCGAACACAAATTCCAGCC,0
mMMRN1_20241211,AGAAGCTGAAGCGGGGTTCG,Clonal,7,mouse,mMMRN1,20241211,GGAGGCTCAGTATTTCACTTACAGAAGCTGAAGCGGGGTTCGGGGTCAGTGAGGCGTCTTCATCCTTAGGCGCAGTCCA,0
mNAT2_20241217,GTACTGGGCTCTGACCAAAC,Clonal,4,mouse,mNAT2,20241217,GTCTCCAGGTTAATCATCTGCTGTACTGGGCTCTGACCAAACTGGGCTTTGAAACCACAATGCTGGGAGGATATGTCTT,0
mNAT2_20241127F,GTACTGGGCTCTGACCAAAC,Bulk,35,mouse,mNAT2,20241127F,GTCTCCAGGTTAATCATCTGCTGTACTGGGCTCTGACCAAACTGGGCTTTGAAACCACAATGCTGGGAGGATATGTCTT,1
mNAT2_20241127R,GTACTGGGCTCTGACCAAAC,Bulk,35,mouse,mNAT2,20241127R,GTCTCCAGGTTAATCATCTGCTGTACTGGGCTCTGACCAAACTGGGCTTTGAAACCACAATGCTGGGAGGATATGTCTT,1
mRNASE1_20241211,GTGCTGCAGATTCCCTGCCC,Bulk,20,mouse,mRNASE1,20241211,ATGTGCTGCCGCTGAAACTTCTGTGCTGCAGATTCCCTGCCCAGGGAAGGCTGGACCCATCCAAGCAGCAGGACAAACA,0
mSlc7a10_20241127,GCCCTCTTCGTCTGGGTCCT,Bulk,35,mouse,mSlc7a10,20241127,ACACTCGGGCTCCGTGGGTTTGGCCCTCTTCGTCTGGGTCCTGGGTGGGGGCGTGACAGCTCTGGGCTCTCTCTGCTAT,0
mSlc7a10_20250110,GCCCTCTTCGTCTGGGTCCT,Clonal,18,mouse,mSlc7a10,20250110,ACACTCGGGCTCCGTGGGTTTGGCCCTCTTCGTCTGGGTCCTGGGTGGGGGCGTGACAGCTCTGGGCTCTCTCTGCTAT,0
mSRY_20241219,TTTGCATGCTGGGATTCTGC,Bulk,15,mouse,mSRY,20241219,AGCTGCTTGCTGATCTCTGTATTTTGCATGCTGGGATTCTGCTGGGCCAACTTGTGCCTCTCACCACGGGACCACACCA,0
mSRY_20250110,TTTGCATGCTGGGATTCTGC,Clonal,5,mouse,mSRY,20250110,AGCTGCTTGCTGATCTCTGTATTTTGCATGCTGGGATTCTGCTGGGCCAACTTGTGCCTCTCACCACGGGACCACACCA,0
mSTARD10_20241211,GTCAGCGTTGACAGTCAAGC,Bulk,12,mouse,mSTARD10,20241211,GCTCACAGGAATAATATCCTACGTCAGCGTTGACAGTCAAGCGGGCGATGTCGAAAGTCTCAATGACATTACTGTCCCA,0
mSTARD10_20241217,GTCAGCGTTGACAGTCAAGC,Clonal,14,mouse,mSTARD10,20241217,GCTCACAGGAATAATATCCTACGTCAGCGTTGACAGTCAAGCGGGCGATGTCGAAAGTCTCAATGACATTACTGTCCCA,0
mSTARD10_20250110,GTCAGCGTTGACAGTCAAGC,Clonal,6,mouse,mSTARD10,20250110,GCTCACAGGAATAATATCCTACGTCAGCGTTGACAGTCAAGCGGGCGATGTCGAAAGTCTCAATGACATTACTGTCCCA,0
pAPN_20241213F,GGGCATCCTCCTCGGCGTGG,Bulk,25,porcine,pAPN,20241213F,TTTCCAAGGCCCTGGGCATCCTGGGCATCCTCCTCGGCGTGGCGGCCGTGGCCACCATCATCGCTCTGTCTGTGGTGTA,1
pAPN_20241213R,GGGCATCCTCCTCGGCGTGG,Bulk,25,porcine,pAPN,20241213R,TTTCCAAGGCCCTGGGCATCCTGGGCATCCTCCTCGGCGTGGCGGCCGTGGCCACCATCATCGCTCTGTCTGTGGTGTA,1
pCD163_20241213,GGACTGCAAACATGATGGAT,Bulk,25,porcine,pCD163,20241213,GAGGGAATGAGTCAGCTCTCTGGGACTGCAAACATGATGGATGGGGAAAGCATAACTGTACTCACCAACAGGATGCTGG,0
pGHR_20241213R,TAGTTCAGGTGAACGGCACT,Bulk,25,porcine,pGHR,20241213R,TCCAGTGGCATGAAAAAGTCTCTAGTTCAGGTGAACGGCACTTGGTGAATTTAGGCTTTCCAGAAGAATCTGCCGAATA,1
pGHR_20241213F,TAGTTCAGGTGAACGGCACT,Bulk,25,porcine,pGHR,20241213F,TCCAGTGGCATGAAAAAGTCTCTAGTTCAGGTGAACGGCACTTGGTGAATTTAGGCTTTCCAGAAGAATCTGCCGAATA,1
pPRDM14_20241213F,TGCAAGCGGGCTGGGTGCTG,Bulk,25,porcine,pPRDM14,20241213F,CAGGAGGCCCGACATCGCGTGGTGCAAGCGGGCTGGGTGCTGAGGGCTGGGAATGACCCCGTACAGAACTAAGTGCAGG,1
pPRDM14_20241213R,TGCAAGCGGGCTGGGTGCTG,Bulk,25,porcine,pPRDM14,20241213R,CAGGAGGCCCGACATCGCGTGGTGCAAGCGGGCTGGGTGCTGAGGGCTGGGAATGACCCCGTACAGAACTAAGTGCAGG,1
sSOCS2-sg83_20240812F,GTCTTAACAGATATTGTTAGT,Clonal,0,sheep,sSOCS2-sg83,20240812F,AGATTAGTTGGTCCAGCTGATGTCTTAACAGATATTGTTAGTAGGTAGTCTGAATGCGAACTATCTCTAATCAAGAAAG,1
sSOCS2-sg83_20240812R,GTCTTAACAGATATTGTTAGT,Clonal,0,sheep,sSOCS2-sg83,20240812R,AGATTAGTTGGTCCAGCTGATGTCTTAACAGATATTGTTAGTAGGTAGTCTGAATGCGAACTATCTCTAATCAAGAAAG,1
sSOCS2-sg96_20240812F,GTATTCGATGCGAAGATTAGT,Clonal,0,sheep,sSOCS2-sg96,20240812F,CAGTCTAAATTTCCCATCTTGGTATTCGATGCGAAGATTAGTTGGTCCAGCTGATGTCTTAACAGATATTGTTAGTAGG,1
sSOCS2-sg96_20240812R,GTATTCGATGCGAAGATTAGT,Clonal,0,sheep,sSOCS2-sg96,20240812R,CAGTCTAAATTTCCCATCTTGGTATTCGATGCGAAGATTAGTTGGTCCAGCTGATGTCTTAACAGATATTGTTAGTAGG,1
mFABP4_20250417F,GTGATGCCTTTGTGGGAACC,Clonal,0,mouse,mFABP4,20250417F,TCCTCGAAGGTTTACAAAATGTGTGATGCCTTTGTGGGAACCTGGAAGCTTGTCTCCAGTGAAAACTTCGATGATTACA,1
mFABP4_20250417R,GTGATGCCTTTGTGGGAACC,Clonal,0,mouse,mFABP4,20250417R,TCCTCGAAGGTTTACAAAATGTGTGATGCCTTTGTGGGAACCTGGAAGCTTGTCTCCAGTGAAAACTTCGATGATTACA,1
mFABP4_20250418F,GTGATGCCTTTGTGGGAACC,Clonal,0,mouse,mFABP4,20250418F,TCCTCGAAGGTTTACAAAATGTGTGATGCCTTTGTGGGAACCTGGAAGCTTGTCTCCAGTGAAAACTTCGATGATTACA,1
mFABP4_20250418R,GTGATGCCTTTGTGGGAACC,Clonal,0,mouse,mFABP4,20250418R,TCCTCGAAGGTTTACAAAATGTGTGATGCCTTTGTGGGAACCTGGAAGCTTGTCTCCAGTGAAAACTTCGATGATTACA,1
mCD74_20250417,TCTGCAGAGGTCTGGACCCC,Bulk,25,mouse,mCD74,20250417,AACTTCCCCCTTGCCCTGCCGCTCTGCAGAGGTCTGGACCCCTGGAGTACCCGCAGCTGAAGGGGACCTTCCCAGAGAA,0
mTTN-sg7_20250417,CACATGGATGGAGCTGTGTG,Clonal,0,mouse,mTTN-sg7,20250417,AAAAATGCTGCCTTGATTTCTTCACATGGATGGAGCTGTGTGTGGACTGAATCACAGAAGGCTGTGGGAATTATTCAGG,0
mTTN-sg9_20250417F,GAATTTGAAATCATTCCCCA,Clonal,0,mouse,mTTN-sg9,20250417F,TTAGAATTGCAAATTTCACATTGAATTTGAAATCATTCCCCAGGGAAATCTTTATAGAAAAGAAAATTCTAGATCCTAA,1
mTTN-sg9_20250417R,GAATTTGAAATCATTCCCCA,Clonal,0,mouse,mTTN-sg9,20250417R,TTAGAATTGCAAATTTCACATTGAATTTGAAATCATTCCCCAGGGAAATCTTTATAGAAAAGAAAATTCTAGATCCTAA,1
mIL21R_20250417F,CTGGACCATCACCTGTGTCC,Clonal,0,mouse,mIL21R,20250417F,TCACTTGCTACACTGACTACCTCTGGACCATCACCTGTGTCCTGGAGACACGGAGCCCCAACCCCAGCATACTCAGTCT,1
mIL21R_20250417R,CTGGACCATCACCTGTGTCC,Clonal,0,mouse,mIL21R,20250417R,TCACTTGCTACACTGACTACCTCTGGACCATCACCTGTGTCCTGGAGACACGGAGCCCCAACCCCAGCATACTCAGTCT,1
mHSP90_20250417s1,CCAGTTTACTGGGGTCCGTC,Clonal,0,mouse,mHSP90,20250417s1,ATGTGCAGCTCCTTCCCCGAGTCCAGTTTACTGGGGTCCGTCAGGCTCTCGTAACGGATTTTATCCAGAGCCTATTAAG,0
mHSP90_20250417s2,CCAGTTTACTGGGGTCCGTC,Clonal,0,mouse,mHSP90,20250417s2,ATGTGCAGCTCCTTCCCCGAGTCCAGTTTACTGGGGTCCGTCAGGCTCTCGTAACGGATTTTATCCAGAGCCTATTAAG,0
mHSP90_20250417s3,CCAGTTTACTGGGGTCCGTC,Clonal,0,mouse,mHSP90,20250417s3,ATGTGCAGCTCCTTCCCCGAGTCCAGTTTACTGGGGTCCGTCAGGCTCTCGTAACGGATTTTATCCAGAGCCTATTAAG,0
mGpbar1_20250602,CTTAGGAAGAAGCAGCCAGC,Clonal,0,mouse,mGpbar1,20250602,GAGCAGCCCGGCTAGTAGTAGGCTTAGGAAGAAGCAGCCAGCAGGTGGGCTGCGCAAGTGGCGGTCCAGGGCGATGCCT,0
gGHR_20250528,GTCCTACAGGTATGGATCTC,Bulk,25,goat,gGHR,20250528,GTTTTTCTTTGTATGATTGCAGGTCCTACAGGTATGGATCTCTGGAAGCTGCTGTTGACCTTGGCAGTGGCAGGCTCCA,0
gPRDM14_20250528,GCCACCGTCGCTCCGGCCGG,Bulk,25,goat,gPRDM14,20250528,AAATCTCAGGTCCCCAACACTGGCCACCGTCGCTCCGGCCGGCGGTGTGTGCCAAGTCCTCGCTGGCGGCGCCGGTAAA,0
gPRDM1_20250528,GAAGGAGGCGCTTTGGTCGG,Bulk,25,goat,gPRDM1,20250528,CGCCGAAGAAGATGTCGCAGACGAAGGAGGCGCTTTGGTCGGAGGCGCAGGAGGAGAGGTGAAGAGGGCCCACCCTTGG,0
